sample_id,class,gt_area,gt_area_ratio,base_iou,a2_iou,base_dice,a2_dice,delta_iou,base_boundary_iou_1px,a2_boundary_iou_1px,delta_boundary_iou_1px,base_bf1_1px,a2_bf1_1px,delta_bf1_1px,base_bprec_1px,base_brec_1px,a2_bprec_1px,a2_brec_1px,base_boundary_iou_2px,a2_boundary_iou_2px,delta_boundary_iou_2px,base_bf1_2px,a2_bf1_2px,delta_bf1_2px,base_bprec_2px,base_brec_2px,a2_bprec_2px,a2_brec_2px,base_boundary_iou_3px,a2_boundary_iou_3px,delta_boundary_iou_3px,base_bf1_3px,a2_bf1_3px,delta_bf1_3px,base_bprec_3px,base_brec_3px,a2_bprec_3px,a2_brec_3px,crazing_complexity
000001,crazing,723,0.018075,0.6003917727717923,0.6163836163836164,0.7503059975520195,0.7626699629171817,0.01599184361182404,0.39118457300275483,0.3747747747747748,-0.016409798227980055,0.7775063666129618,0.7623187482750569,-0.01518761833790494,0.6834170854271356,0.9016393442622951,0.6675062972292192,0.8885245901639345,0.576133909287257,0.5717344753747323,-0.004399433912524731,0.8530259365994236,0.873758865248227,0.020732928648803384,0.7437185929648241,1.0,0.7758186397984886,1.0,0.6584564860426929,0.6621676891615542,0.003711203118861306,0.8693181818181818,0.8816901408450705,0.012371959026888701,0.7688442211055276,1.0,0.7884130982367759,1.0,11.343072050410427
000001,inclusion,0,0.0,NA,NA,NA,NA,NA,NA,NA,NA,NA,NA,NA,NA,NA,NA,NA,NA,NA,NA,NA,NA,NA,NA,NA,NA,NA,NA,NA,NA,NA,NA,NA,NA,NA,NA,NA,
000001,patches,0,0.0,NA,NA,NA,NA,NA,NA,NA,NA,NA,NA,NA,NA,NA,NA,NA,NA,NA,NA,NA,NA,NA,NA,NA,NA,NA,NA,NA,NA,NA,NA,NA,NA,NA,NA,NA,
000002,crazing,521,0.013025,0.7259136212624585,0.729064039408867,0.8411934552454283,0.8433048433048433,0.0031504181464084846,0.4936708860759494,0.508716323296355,0.015045437220405578,0.8956766377676982,0.9192587185549153,0.02358208078721702,0.8968609865470852,0.8944954128440367,0.925764192139738,0.9128440366972477,0.7395038167938931,0.7397129186602871,0.0002091018663940014,0.9839982440921016,0.988399071925754,0.004400827833652476,0.9910313901345291,0.9770642201834863,1.0,0.9770642201834863,0.8564064801178203,0.8536585365853658,-0.0027479435324544443,0.9977011494252873,0.9977011494252873,0.0,1.0,0.9954128440366973,1.0,0.9954128440366973,9.550753404575453
000002,inclusion,0,0.0,NA,NA,NA,NA,NA,NA,NA,NA,NA,NA,NA,NA,NA,NA,NA,NA,NA,NA,NA,NA,NA,NA,NA,NA,NA,NA,NA,NA,NA,NA,NA,NA,NA,NA,NA,
000002,patches,0,0.0,NA,NA,NA,NA,NA,NA,NA,NA,NA,NA,NA,NA,NA,NA,NA,NA,NA,NA,NA,NA,NA,NA,NA,NA,NA,NA,NA,NA,NA,NA,NA,NA,NA,NA,NA,
000003,crazing,656,0.0164,0.5685685685685685,0.5721200387221684,0.7249521378430122,0.7278325123152709,0.0035514701535999116,0.38623853211009174,0.3732394366197183,-0.012999095490373425,0.7335026752418526,0.7356996186564976,0.0021969434146449363,0.6046511627906976,0.9321428571428572,0.6031746031746031,0.9428571428571428,0.5507405375754251,0.5253886010362694,-0.025351936539155684,0.8005578800557881,0.7917808219178082,-0.00877705813797991,0.6674418604651163,1.0,0.655328798185941,1.0,0.6284384257300042,0.6007223113964687,-0.02771611433353549,0.8088642659279778,0.8016304347826086,-0.0072338311453691295,0.6790697674418604,1.0,0.6689342403628118,1.0,10.932163332202425
000003,inclusion,0,0.0,NA,NA,NA,NA,NA,NA,NA,NA,NA,NA,NA,NA,NA,NA,NA,NA,NA,NA,NA,NA,NA,NA,NA,NA,NA,NA,NA,NA,NA,NA,NA,NA,NA,NA,NA,
000003,patches,0,0.0,NA,NA,NA,NA,NA,NA,NA,NA,NA,NA,NA,NA,NA,NA,NA,NA,NA,NA,NA,NA,NA,NA,NA,NA,NA,NA,NA,NA,NA,NA,NA,NA,NA,NA,NA,
000004,crazing,791,0.019775,0.719758064516129,0.6560798548094374,0.8370457209847597,0.7923287671232877,-0.06367820970669158,0.5064102564102564,0.46001719690455717,-0.04639305950569922,0.8899782876769327,0.8564619155826728,-0.03351637209425984,0.865,0.9164420485175202,0.8059360730593608,0.9137466307277629,0.7383390216154722,0.7013404825737265,-0.03699853904174566,0.9717645672865364,0.9458483754512635,-0.025916191835272828,0.9475,0.9973045822102425,0.8972602739726028,1.0,0.8172429277054333,0.8022501081782778,-0.014992819527155477,0.9769820971867007,0.9645390070921985,-0.012443090094502174,0.955,1.0,0.9315068493150684,1.0,13.19124139562013
000004,inclusion,0,0.0,NA,NA,NA,NA,NA,NA,NA,NA,NA,NA,NA,NA,NA,NA,NA,NA,NA,NA,NA,NA,NA,NA,NA,NA,NA,NA,NA,NA,NA,NA,NA,NA,NA,NA,NA,
000004,patches,0,0.0,NA,NA,NA,NA,NA,NA,NA,NA,NA,NA,NA,NA,NA,NA,NA,NA,NA,NA,NA,NA,NA,NA,NA,NA,NA,NA,NA,NA,NA,NA,NA,NA,NA,NA,NA,
000005,crazing,613,0.015325,0.5086538461538461,0.5190133607399794,0.674314850223072,0.6833558863328822,0.010359514586133267,0.3445378151260504,0.29541284403669726,-0.04912497108935315,0.6939600836975371,0.663253483185123,-0.03070660051241414,0.5604651162790698,0.9109311740890689,0.5388471177944862,0.8623481781376519,0.4836779107725789,0.4544964997307485,-0.029181411041830363,0.7519349182640934,0.7666151468315301,0.01468022856743667,0.6069767441860465,0.9878542510121457,0.6215538847117794,1.0,0.5532973869763583,0.5308388157894737,-0.022458571186884657,0.7572254335260116,0.7723076923076924,0.01508225878168079,0.6093023255813953,1.0,0.6290726817042607,1.0,9.97623603776694
000005,inclusion,0,0.0,NA,NA,NA,NA,NA,NA,NA,NA,NA,NA,NA,NA,NA,NA,NA,NA,NA,NA,NA,NA,NA,NA,NA,NA,NA,NA,NA,NA,NA,NA,NA,NA,NA,NA,NA,
000005,patches,0,0.0,NA,NA,NA,NA,NA,NA,NA,NA,NA,NA,NA,NA,NA,NA,NA,NA,NA,NA,NA,NA,NA,NA,NA,NA,NA,NA,NA,NA,NA,NA,NA,NA,NA,NA,NA,
000006,crazing,588,0.0147,0.4867957746478873,0.5847826086956521,0.6548253404381291,0.7379972565157751,0.09798683404776481,0.29609375,0.3872216844143272,0.0911279344143272,0.6561031670158453,0.794590651738471,0.13848748472262573,0.5109780439121756,0.9163636363636364,0.689119170984456,0.9381818181818182,0.4546735556599342,0.5570051049347703,0.10233154927483606,0.7316455696202533,0.8515721022908781,0.11992653267062481,0.5768463073852296,1.0,0.7435233160621761,0.9963636363636363,0.5416053019145802,0.6290672451193059,0.08746194320472567,0.7380352644836272,0.8630338733431517,0.12499860885952452,0.5848303393213573,1.0,0.7590673575129534,1.0,11.340808859081935
000006,inclusion,0,0.0,NA,NA,NA,NA,NA,NA,NA,NA,NA,NA,NA,NA,NA,NA,NA,NA,NA,NA,NA,NA,NA,NA,NA,NA,NA,NA,NA,NA,NA,NA,NA,NA,NA,NA,NA,
000006,patches,0,0.0,NA,NA,NA,NA,NA,NA,NA,NA,NA,NA,NA,NA,NA,NA,NA,NA,NA,NA,NA,NA,NA,NA,NA,NA,NA,NA,NA,NA,NA,NA,NA,NA,NA,NA,NA,
000007,crazing,528,0.0132,0.4969512195121951,0.5348066298342542,0.6639511201629328,0.6969042476601872,0.03785541032205908,0.29577464788732394,0.3216494845360825,0.02587483664875856,0.6601269729300767,0.6814310051107324,0.021304032180655685,0.530562347188264,0.8734177215189873,0.5714285714285714,0.8438818565400844,0.4618406285072952,0.4904849600982198,0.02864433159092461,0.7587253414264037,0.7990796121222515,0.04035427069584785,0.6112469437652812,1.0,0.6750700280112045,0.9789029535864979,0.5397849462365591,0.5657222480260102,0.025937301789451084,0.7809239940387481,0.8198347107438017,0.03891071670505353,0.6405867970660146,1.0,0.6946778711484594,1.0,10.314101115375097
000007,inclusion,0,0.0,NA,NA,NA,NA,NA,NA,NA,NA,NA,NA,NA,NA,NA,NA,NA,NA,NA,NA,NA,NA,NA,NA,NA,NA,NA,NA,NA,NA,NA,NA,NA,NA,NA,NA,NA,
000007,patches,0,0.0,NA,NA,NA,NA,NA,NA,NA,NA,NA,NA,NA,NA,NA,NA,NA,NA,NA,NA,NA,NA,NA,NA,NA,NA,NA,NA,NA,NA,NA,NA,NA,NA,NA,NA,NA,
000008,crazing,543,0.013575,0.6104218362282878,0.5128205128205128,0.7580893682588598,0.6779661016949152,-0.09760132340777505,0.3991683991683992,0.36473880597014924,-0.03442959319824995,0.8203801904861174,0.7011418693545638,-0.11923832113155364,0.7178770949720671,0.95703125,0.5627906976744186,0.9296875,0.5951642901425914,0.5184563758389261,-0.0767079143036653,0.8847352024922119,0.7823905362147074,-0.10234466627750449,0.7932960893854749,1.0,0.6441860465116279,0.99609375,0.6594543744120414,0.5842985842985843,-0.07515579011345708,0.8984615384615384,0.7887323943661972,-0.10972914409534118,0.8156424581005587,1.0,0.6511627906976745,1.0,10.986011530825587
000008,inclusion,0,0.0,NA,NA,NA,NA,NA,NA,NA,NA,NA,NA,NA,NA,NA,NA,NA,NA,NA,NA,NA,NA,NA,NA,NA,NA,NA,NA,NA,NA,NA,NA,NA,NA,NA,NA,NA,
000008,patches,0,0.0,NA,NA,NA,NA,NA,NA,NA,NA,NA,NA,NA,NA,NA,NA,NA,NA,NA,NA,NA,NA,NA,NA,NA,NA,NA,NA,NA,NA,NA,NA,NA,NA,NA,NA,NA,
000009,crazing,423,0.010575,0.42894736842105263,0.49726027397260275,0.6003683241252302,0.6642268984446478,0.06831290555155012,0.27892030848329047,0.30668257756563244,0.027762269082341973,0.6064937409725566,0.665009425070688,0.05851568409813146,0.5160142348754448,0.7354497354497355,0.5331230283911672,0.8835978835978836,0.4287878787878788,0.4720229555236729,0.04323507673579413,0.673431959897298,0.7355761521439338,0.06214419224663581,0.5765124555160143,0.8095238095238095,0.5930599369085173,0.9682539682539683,0.5225806451612903,0.5284687672747375,0.005888122113447136,0.6965452113008578,0.7504676315376979,0.05392242023684013,0.594306049822064,0.8412698412698413,0.6025236593059937,0.9947089947089947,9.189494464367357
000009,inclusion,0,0.0,NA,NA,NA,NA,NA,NA,NA,NA,NA,NA,NA,NA,NA,NA,NA,NA,NA,NA,NA,NA,NA,NA,NA,NA,NA,NA,NA,NA,NA,NA,NA,NA,NA,NA,NA,
000009,patches,0,0.0,NA,NA,NA,NA,NA,NA,NA,NA,NA,NA,NA,NA,NA,NA,NA,NA,NA,NA,NA,NA,NA,NA,NA,NA,NA,NA,NA,NA,NA,NA,NA,NA,NA,NA,NA,
000010,crazing,706,0.01765,0.6735632183908046,0.6598870056497175,0.804945054945055,0.7950987066031314,-0.013676212741087101,0.4329140461215933,0.42996742671009774,-0.0029466194114955435,0.846875,0.83131159969674,-0.015563400303260089,0.8017751479289941,0.8973509933774835,0.8095238095238095,0.8543046357615894,0.666243654822335,0.6752816434724983,0.009037988650163253,0.9262751957179134,0.9398511365922351,0.01357594087432168,0.8727810650887574,0.9867549668874173,0.9142857142857143,0.9668874172185431,0.7607003891050583,0.7813455657492355,0.0206451766441772,0.9339817794308162,0.95084682138362,0.016865041952803805,0.878698224852071,0.9966887417218543,0.9174603174603174,0.9867549668874173,11.365919935374219
000010,inclusion,0,0.0,NA,NA,NA,NA,NA,NA,NA,NA,NA,NA,NA,NA,NA,NA,NA,NA,NA,NA,NA,NA,NA,NA,NA,NA,NA,NA,NA,NA,NA,NA,NA,NA,NA,NA,NA,
000010,patches,0,0.0,NA,NA,NA,NA,NA,NA,NA,NA,NA,NA,NA,NA,NA,NA,NA,NA,NA,NA,NA,NA,NA,NA,NA,NA,NA,NA,NA,NA,NA,NA,NA,NA,NA,NA,NA,
000011,crazing,1138,0.02845,0.9282178217821783,0.9444911690496215,0.962772785622593,0.9714532871972318,0.016273347267443228,0.7860696517412935,0.8322663252240717,0.04619667348277823,0.9971346704871061,0.9985611510791367,0.0014264805920305434,0.9942857142857143,1.0,0.9971264367816092,1.0,0.8862433862433863,0.9163292847503374,0.030085898506951092,1.0,1.0,0.0,1.0,1.0,1.0,1.0,0.9242771913721891,0.9472947761194029,0.023017584747213826,1.0,1.0,0.0,1.0,1.0,1.0,1.0,10.226993126070976
000011,inclusion,0,0.0,NA,NA,NA,NA,NA,NA,NA,NA,NA,NA,NA,NA,NA,NA,NA,NA,NA,NA,NA,NA,NA,NA,NA,NA,NA,NA,NA,NA,NA,NA,NA,NA,NA,NA,NA,
000011,patches,0,0.0,NA,NA,NA,NA,NA,NA,NA,NA,NA,NA,NA,NA,NA,NA,NA,NA,NA,NA,NA,NA,NA,NA,NA,NA,NA,NA,NA,NA,NA,NA,NA,NA,NA,NA,NA,
000012,crazing,2748,0.0687,0.9581575246132208,0.9593926553672316,0.9786317112587538,0.9792755451432691,0.001235130754010827,0.8099762470308789,0.8232963549920761,0.013320107961197203,0.9981916817359855,0.9973238180196252,-0.0008678637163602732,0.9963898916967509,1.0,0.994661921708185,1.0,0.8976608187134503,0.9085594989561586,0.010898680242708347,1.0,0.9991095280498664,-0.0008904719501335867,1.0,1.0,0.998220640569395,1.0,0.9288164665523156,0.9391428571428572,0.010326390590541523,1.0,1.0,0.0,1.0,1.0,1.0,1.0,10.62543774250248
000012,inclusion,0,0.0,NA,NA,NA,NA,NA,NA,NA,NA,NA,NA,NA,NA,NA,NA,NA,NA,NA,NA,NA,NA,NA,NA,NA,NA,NA,NA,NA,NA,NA,NA,NA,NA,NA,NA,NA,
000012,patches,0,0.0,NA,NA,NA,NA,NA,NA,NA,NA,NA,NA,NA,NA,NA,NA,NA,NA,NA,NA,NA,NA,NA,NA,NA,NA,NA,NA,NA,NA,NA,NA,NA,NA,NA,NA,NA,
000013,crazing,3832,0.0958,0.9720315280956013,0.9771794871794872,0.9858174316658072,0.9884580469459214,0.005147959083885878,0.8447160316319194,0.8702898550724638,0.025573823440544374,1.0,0.9992193598750976,-0.0007806401249024209,1.0,1.0,1.0,0.9984399375975039,0.9207957957957958,0.9313063063063063,0.01051051051051044,1.0,1.0,0.0,1.0,1.0,1.0,1.0,0.9472745797249108,0.9522357723577236,0.004961192632812805,1.0,1.0,0.0,1.0,1.0,1.0,1.0,10.354884982763597
000013,inclusion,0,0.0,NA,NA,NA,NA,NA,NA,NA,NA,NA,NA,NA,NA,NA,NA,NA,NA,NA,NA,NA,NA,NA,NA,NA,NA,NA,NA,NA,NA,NA,NA,NA,NA,NA,NA,NA,
000013,patches,0,0.0,NA,NA,NA,NA,NA,NA,NA,NA,NA,NA,NA,NA,NA,NA,NA,NA,NA,NA,NA,NA,NA,NA,NA,NA,NA,NA,NA,NA,NA,NA,NA,NA,NA,NA,NA,
000014,crazing,1240,0.031,0.9046221570066031,0.9403669724770642,0.9499229583975347,0.9692671394799054,0.035744815470461155,0.6937573616018846,0.8065739570164349,0.11281659541455025,0.995732574679943,0.9971346704871061,0.0014020958071631062,0.9915014164305949,1.0,0.9942857142857143,1.0,0.8324775353016688,0.8996655518394648,0.06718801653779605,1.0,1.0,0.0,1.0,1.0,1.0,1.0,0.8818302976454909,0.9316200091785223,0.049789711533031356,1.0,1.0,0.0,1.0,1.0,1.0,1.0,9.62695309048775
000014,inclusion,0,0.0,NA,NA,NA,NA,NA,NA,NA,NA,NA,NA,NA,NA,NA,NA,NA,NA,NA,NA,NA,NA,NA,NA,NA,NA,NA,NA,NA,NA,NA,NA,NA,NA,NA,NA,NA,
000014,patches,0,0.0,NA,NA,NA,NA,NA,NA,NA,NA,NA,NA,NA,NA,NA,NA,NA,NA,NA,NA,NA,NA,NA,NA,NA,NA,NA,NA,NA,NA,NA,NA,NA,NA,NA,NA,NA,
000015,crazing,4948,0.1237,0.9678052610914801,0.9740696753760887,0.9836392657621708,0.9868645342424547,0.006264414284608555,0.8090748379493223,0.8449101796407186,0.03583534169139624,1.0,0.9986893817562628,-0.0013106182437372382,1.0,1.0,0.9986876640419947,0.9986910994764397,0.8999378495960224,0.9205007824726135,0.020562932876591056,1.0,1.0,0.0,1.0,1.0,1.0,1.0,0.9318229938598348,0.9447631187592946,0.012940124899459837,1.0,1.0,0.0,1.0,1.0,1.0,1.0,10.861217560091104
000015,inclusion,0,0.0,NA,NA,NA,NA,NA,NA,NA,NA,NA,NA,NA,NA,NA,NA,NA,NA,NA,NA,NA,NA,NA,NA,NA,NA,NA,NA,NA,NA,NA,NA,NA,NA,NA,NA,NA,
000015,patches,0,0.0,NA,NA,NA,NA,NA,NA,NA,NA,NA,NA,NA,NA,NA,NA,NA,NA,NA,NA,NA,NA,NA,NA,NA,NA,NA,NA,NA,NA,NA,NA,NA,NA,NA,NA,NA,
000016,crazing,3294,0.08235,0.9581381733021077,0.9661066902446213,0.9786216175811033,0.9827612052166093,0.007968516942513548,0.8001383125864454,0.840253342716397,0.040115030129951545,0.987611276504371,1.0,0.012388723495629028,0.9906976744186047,0.9845440494590417,1.0,1.0,0.8921675774134791,0.9174614820249449,0.025293904611465856,1.0,1.0,0.0,1.0,1.0,1.0,1.0,0.9262558772581044,0.943438352766063,0.017182475507958594,1.0,1.0,0.0,1.0,1.0,1.0,1.0,11.273077254919597
000016,inclusion,0,0.0,NA,NA,NA,NA,NA,NA,NA,NA,NA,NA,NA,NA,NA,NA,NA,NA,NA,NA,NA,NA,NA,NA,NA,NA,NA,NA,NA,NA,NA,NA,NA,NA,NA,NA,NA,
000016,patches,0,0.0,NA,NA,NA,NA,NA,NA,NA,NA,NA,NA,NA,NA,NA,NA,NA,NA,NA,NA,NA,NA,NA,NA,NA,NA,NA,NA,NA,NA,NA,NA,NA,NA,NA,NA,NA,
000017,crazing,1823,0.045575,0.9638682252922423,0.9772972972972973,0.9816017316017316,0.9885183160196829,0.013429072005055054,0.8480725623582767,0.9008264462809917,0.05275388392271507,1.0,1.0,0.0,1.0,1.0,1.0,1.0,0.9213483146067416,0.9501822600243013,0.02883394541755968,1.0,1.0,0.0,1.0,1.0,1.0,1.0,0.9476017734784361,0.9682212133718531,0.02061943989341697,1.0,1.0,0.0,1.0,1.0,1.0,1.0,9.227900168779398
000017,inclusion,0,0.0,NA,NA,NA,NA,NA,NA,NA,NA,NA,NA,NA,NA,NA,NA,NA,NA,NA,NA,NA,NA,NA,NA,NA,NA,NA,NA,NA,NA,NA,NA,NA,NA,NA,NA,NA,
000017,patches,0,0.0,NA,NA,NA,NA,NA,NA,NA,NA,NA,NA,NA,NA,NA,NA,NA,NA,NA,NA,NA,NA,NA,NA,NA,NA,NA,NA,NA,NA,NA,NA,NA,NA,NA,NA,NA,
000018,crazing,2824,0.0706,0.9791013584117032,0.9756182514803204,0.989440337909187,0.9876586741889986,-0.0034831069313827623,0.9055244195356285,0.8901273885350318,-0.01539703100059664,0.9991503823279524,1.0,0.000849617672047609,0.99830220713073,1.0,1.0,1.0,0.9519112207151664,0.94298605414274,-0.00892516657242648,1.0,1.0,0.0,1.0,1.0,1.0,1.0,0.9685761957730812,0.962757087270706,-0.005819108502375214,1.0,1.0,0.0,1.0,1.0,1.0,1.0,10.989564970626729
000018,inclusion,0,0.0,NA,NA,NA,NA,NA,NA,NA,NA,NA,NA,NA,NA,NA,NA,NA,NA,NA,NA,NA,NA,NA,NA,NA,NA,NA,NA,NA,NA,NA,NA,NA,NA,NA,NA,NA,
000018,patches,0,0.0,NA,NA,NA,NA,NA,NA,NA,NA,NA,NA,NA,NA,NA,NA,NA,NA,NA,NA,NA,NA,NA,NA,NA,NA,NA,NA,NA,NA,NA,NA,NA,NA,NA,NA,NA,
000019,crazing,1398,0.03495,0.9747368421052631,0.9782913165266106,0.9872068230277186,0.9890265486725663,0.0035544744213474866,0.8793706293706294,0.8884955752212389,0.009124945850609523,1.0,1.0,0.0,1.0,1.0,1.0,1.0,0.9368231046931408,0.9408553230209281,0.004032218327787329,1.0,1.0,0.0,1.0,1.0,1.0,1.0,0.9567600487210719,0.9607361963190184,0.003976147597946511,1.0,1.0,0.0,1.0,1.0,1.0,1.0,7.033996741353216
000019,inclusion,0,0.0,NA,NA,NA,NA,NA,NA,NA,NA,NA,NA,NA,NA,NA,NA,NA,NA,NA,NA,NA,NA,NA,NA,NA,NA,NA,NA,NA,NA,NA,NA,NA,NA,NA,NA,NA,
000019,patches,0,0.0,NA,NA,NA,NA,NA,NA,NA,NA,NA,NA,NA,NA,NA,NA,NA,NA,NA,NA,NA,NA,NA,NA,NA,NA,NA,NA,NA,NA,NA,NA,NA,NA,NA,NA,NA,
000020,crazing,3611,0.090275,0.9447543160690571,0.9643146796431468,0.9715924610762087,0.9818331957060281,0.019560363574089634,0.7013738250180767,0.7981580966999232,0.09678427168184656,0.9991431019708655,0.9939796021768804,-0.005163499793985116,1.0,0.9982876712328768,0.9982698961937716,0.9897260273972602,0.8460629921259842,0.893711967545639,0.04764897541965474,1.0,0.9974248927038626,-0.0025751072961374133,1.0,1.0,1.0,0.9948630136986302,0.8958502847843776,0.9289269911504425,0.03307670636606497,1.0,0.9991431019708655,-0.0008568980291344674,1.0,1.0,1.0,0.9982876712328768,9.71849695435391
000020,inclusion,0,0.0,NA,NA,NA,NA,NA,NA,NA,NA,NA,NA,NA,NA,NA,NA,NA,NA,NA,NA,NA,NA,NA,NA,NA,NA,NA,NA,NA,NA,NA,NA,NA,NA,NA,NA,NA,
000020,patches,0,0.0,NA,NA,NA,NA,NA,NA,NA,NA,NA,NA,NA,NA,NA,NA,NA,NA,NA,NA,NA,NA,NA,NA,NA,NA,NA,NA,NA,NA,NA,NA,NA,NA,NA,NA,NA,
000021,crazing,9193,0.229825,0.954294638209266,0.9764881906593994,0.976612860263172,0.9881042500270358,0.022193552450133436,0.672530987604958,0.8111736682546556,0.13864268064969765,0.9692048308846299,0.9990370546029486,0.029832223718318618,0.9655172413793104,0.9729206963249516,0.9990412272291467,0.9990328820116054,0.809400043318172,0.9014565316340464,0.09205648831587443,0.9769063366759121,1.0,0.02309366332408791,0.9741379310344828,0.9796905222437138,1.0,1.0,0.8688769414575866,0.9331170837194933,0.06424014226190666,0.995187568474757,1.0,0.004812431525243022,0.9952107279693486,0.995164410058027,1.0,1.0,10.78429870979219
000021,inclusion,0,0.0,NA,NA,NA,NA,NA,NA,NA,NA,NA,NA,NA,NA,NA,NA,NA,NA,NA,NA,NA,NA,NA,NA,NA,NA,NA,NA,NA,NA,NA,NA,NA,NA,NA,NA,NA,
000021,patches,0,0.0,NA,NA,NA,NA,NA,NA,NA,NA,NA,NA,NA,NA,NA,NA,NA,NA,NA,NA,NA,NA,NA,NA,NA,NA,NA,NA,NA,NA,NA,NA,NA,NA,NA,NA,NA,
000022,crazing,6134,0.15335,0.9678548695098663,0.9607626851560038,0.9836648875950186,0.9799887486940448,-0.007092184353862496,0.8100092678405931,0.7732005432322318,-0.036808724608361376,0.9922368096061406,0.9938000470746143,0.0015632374684737549,0.9989517819706499,0.9856115107913669,0.9989583333333333,0.9886947584789312,0.8974108451392281,0.879401833092137,-0.018009012047091044,0.9953536396489417,0.9984559958826558,0.003102356233714021,1.0,0.9907502569373073,1.0,0.9969167523124358,0.9284520227348713,0.9174403183023873,-0.011011704432484004,0.9984559958826558,1.0,0.0015440041173442332,1.0,0.9969167523124358,1.0,1.0,12.423413899232369
000022,inclusion,0,0.0,NA,NA,NA,NA,NA,NA,NA,NA,NA,NA,NA,NA,NA,NA,NA,NA,NA,NA,NA,NA,NA,NA,NA,NA,NA,NA,NA,NA,NA,NA,NA,NA,NA,NA,NA,
000022,patches,0,0.0,NA,NA,NA,NA,NA,NA,NA,NA,NA,NA,NA,NA,NA,NA,NA,NA,NA,NA,NA,NA,NA,NA,NA,NA,NA,NA,NA,NA,NA,NA,NA,NA,NA,NA,NA,
000023,crazing,4242,0.10605,0.9728360957642725,0.9773619773619774,0.9862310385064177,0.9885514018691589,0.0045258815977048394,0.8166926677067082,0.845360824742268,0.028668157035559805,1.0,0.9991341991341991,-0.0008658008658009031,1.0,1.0,0.9982698961937716,1.0,0.9078893019413465,0.9218620116375728,0.013972709696226215,1.0,1.0,0.0,1.0,1.0,1.0,1.0,0.9355021216407355,0.9457848424638092,0.010282720823073688,1.0,1.0,0.0,1.0,1.0,1.0,1.0,8.782349106174562
000023,inclusion,0,0.0,NA,NA,NA,NA,NA,NA,NA,NA,NA,NA,NA,NA,NA,NA,NA,NA,NA,NA,NA,NA,NA,NA,NA,NA,NA,NA,NA,NA,NA,NA,NA,NA,NA,NA,NA,
000023,patches,0,0.0,NA,NA,NA,NA,NA,NA,NA,NA,NA,NA,NA,NA,NA,NA,NA,NA,NA,NA,NA,NA,NA,NA,NA,NA,NA,NA,NA,NA,NA,NA,NA,NA,NA,NA,NA,
000024,crazing,3537,0.088425,0.9692179700499168,0.9611703582171178,0.9843683988170681,0.9802007808142778,-0.008047611832799006,0.8275316455696202,0.7778620166793025,-0.049669628890317674,1.0,0.995640802092415,-0.0043591979075849885,1.0,1.0,0.9913194444444444,1.0,0.9143451143451143,0.875751503006012,-0.03859361133910233,1.0,0.999131190269331,-0.0008688097306690512,1.0,1.0,0.9982638888888888,1.0,0.943988684582744,0.9077762619372443,-0.03621242264549973,1.0,0.999131190269331,-0.0008688097306690512,1.0,1.0,0.9982638888888888,1.0,9.500159961750162
000024,inclusion,0,0.0,NA,NA,NA,NA,NA,NA,NA,NA,NA,NA,NA,NA,NA,NA,NA,NA,NA,NA,NA,NA,NA,NA,NA,NA,NA,NA,NA,NA,NA,NA,NA,NA,NA,NA,NA,
000024,patches,0,0.0,NA,NA,NA,NA,NA,NA,NA,NA,NA,NA,NA,NA,NA,NA,NA,NA,NA,NA,NA,NA,NA,NA,NA,NA,NA,NA,NA,NA,NA,NA,NA,NA,NA,NA,NA,
000025,crazing,5755,0.143875,0.9639837673317552,0.9622895622895623,0.9816616444253121,0.9807824296499656,-0.0016942050421928645,0.8,0.7908067542213884,-0.009193245778611692,0.9968045320638412,0.9984017048481619,0.0015971727843206995,0.9989373007438895,0.9946808510638298,1.0,0.9968085106382979,0.8944347392063888,0.8881431767337807,-0.006291562472608092,1.0,1.0,0.0,1.0,1.0,1.0,1.0,0.9292186698580954,0.9231555631283013,-0.006063106729794154,1.0,1.0,0.0,1.0,1.0,1.0,1.0,12.390966693677406
000025,inclusion,0,0.0,NA,NA,NA,NA,NA,NA,NA,NA,NA,NA,NA,NA,NA,NA,NA,NA,NA,NA,NA,NA,NA,NA,NA,NA,NA,NA,NA,NA,NA,NA,NA,NA,NA,NA,NA,
000025,patches,0,0.0,NA,NA,NA,NA,NA,NA,NA,NA,NA,NA,NA,NA,NA,NA,NA,NA,NA,NA,NA,NA,NA,NA,NA,NA,NA,NA,NA,NA,NA,NA,NA,NA,NA,NA,NA,
000026,crazing,942,0.02355,0.9415384615384615,0.9473684210526315,0.9698890649762282,0.972972972972973,0.00582995951416998,0.8450134770889488,0.863697705802969,0.0186842287140202,0.9984686064318529,0.9969788519637462,-0.0014897544681066188,1.0,0.9969418960244648,0.9939759036144579,1.0,0.9153737658674189,0.9275668073136427,0.012193041446223796,1.0,1.0,0.0,1.0,1.0,1.0,1.0,0.9474459724950884,0.9512195121951219,0.003773539700033468,1.0,1.0,0.0,1.0,1.0,1.0,1.0,10.65423572357507
000026,inclusion,0,0.0,NA,NA,NA,NA,NA,NA,NA,NA,NA,NA,NA,NA,NA,NA,NA,NA,NA,NA,NA,NA,NA,NA,NA,NA,NA,NA,NA,NA,NA,NA,NA,NA,NA,NA,NA,
000026,patches,0,0.0,NA,NA,NA,NA,NA,NA,NA,NA,NA,NA,NA,NA,NA,NA,NA,NA,NA,NA,NA,NA,NA,NA,NA,NA,NA,NA,NA,NA,NA,NA,NA,NA,NA,NA,NA,
000027,crazing,917,0.022925,0.9574920297555791,0.9582441113490364,0.9782844733984799,0.9786768726079825,0.0007520815934572989,0.8667763157894737,0.87,0.003223684210526323,1.0,1.0,0.0,1.0,1.0,1.0,1.0,0.9307692307692308,0.9366869037294016,0.005917672960170761,1.0,1.0,0.0,1.0,1.0,1.0,1.0,0.9517078916372202,0.9581339712918661,0.006426079654645811,1.0,1.0,0.0,1.0,1.0,1.0,1.0,9.081300066902614
000027,inclusion,0,0.0,NA,NA,NA,NA,NA,NA,NA,NA,NA,NA,NA,NA,NA,NA,NA,NA,NA,NA,NA,NA,NA,NA,NA,NA,NA,NA,NA,NA,NA,NA,NA,NA,NA,NA,NA,
000027,patches,0,0.0,NA,NA,NA,NA,NA,NA,NA,NA,NA,NA,NA,NA,NA,NA,NA,NA,NA,NA,NA,NA,NA,NA,NA,NA,NA,NA,NA,NA,NA,NA,NA,NA,NA,NA,NA,
000028,crazing,2514,0.06285,0.9529096477794793,0.9517560787340795,0.9758870809645167,0.9752817876211193,-0.0011535690453997605,0.7767776777677767,0.7846291331546024,0.007851455386825634,0.9938144329896906,0.9959346895430259,0.0021202565533352535,1.0,0.9877049180327869,0.9959677419354839,0.9959016393442623,0.8811121764141898,0.8854562737642585,0.0043440973500686875,0.9969167523124358,1.0,0.0030832476875641834,1.0,0.9938524590163934,1.0,1.0,0.9181997371879106,0.9252854812398043,0.007085744051893661,1.0,1.0,0.0,1.0,1.0,1.0,1.0,9.73278624458262
000028,inclusion,0,0.0,NA,NA,NA,NA,NA,NA,NA,NA,NA,NA,NA,NA,NA,NA,NA,NA,NA,NA,NA,NA,NA,NA,NA,NA,NA,NA,NA,NA,NA,NA,NA,NA,NA,NA,NA,
000028,patches,0,0.0,NA,NA,NA,NA,NA,NA,NA,NA,NA,NA,NA,NA,NA,NA,NA,NA,NA,NA,NA,NA,NA,NA,NA,NA,NA,NA,NA,NA,NA,NA,NA,NA,NA,NA,NA,
000029,crazing,5077,0.126925,0.9738827626233314,0.971852708694814,0.9867685974713319,0.9857254595228784,-0.0020300539285174057,0.8486187845303867,0.8439911797133407,-0.004627604817046049,0.9993957703927493,1.0,0.0006042296072507058,1.0,0.998792270531401,1.0,1.0,0.9205983889528193,0.919735327963176,-0.0008630609896432828,1.0,1.0,0.0,1.0,1.0,1.0,1.0,0.9458195283570454,0.9459828393135725,0.00016331095652710736,1.0,1.0,0.0,1.0,1.0,1.0,1.0,11.620551910674735
000029,inclusion,0,0.0,NA,NA,NA,NA,NA,NA,NA,NA,NA,NA,NA,NA,NA,NA,NA,NA,NA,NA,NA,NA,NA,NA,NA,NA,NA,NA,NA,NA,NA,NA,NA,NA,NA,NA,NA,
000029,patches,0,0.0,NA,NA,NA,NA,NA,NA,NA,NA,NA,NA,NA,NA,NA,NA,NA,NA,NA,NA,NA,NA,NA,NA,NA,NA,NA,NA,NA,NA,NA,NA,NA,NA,NA,NA,NA,
000030,crazing,9935,0.248375,0.9834127930075487,0.9874326750448833,0.9916370374079824,0.993676603432701,0.00401988203733461,0.7808580858085808,0.830393487109905,0.04953540130132417,0.998517412968179,0.9955522486954473,-0.002965164272731635,0.9985141158989599,0.9985207100591716,0.9985185185185185,0.992603550295858,0.8858447488584474,0.9102564102564102,0.024411661397962803,1.0,0.9977761304670126,-0.002223869532987366,1.0,1.0,1.0,0.9955621301775148,0.9237614237614238,0.9379092893524132,0.014147865590989461,1.0,0.9985185185185186,-0.001481481481481417,1.0,1.0,1.0,0.9970414201183432,6.782077687214308
000030,inclusion,0,0.0,NA,NA,NA,NA,NA,NA,NA,NA,NA,NA,NA,NA,NA,NA,NA,NA,NA,NA,NA,NA,NA,NA,NA,NA,NA,NA,NA,NA,NA,NA,NA,NA,NA,NA,NA,
000030,patches,0,0.0,NA,NA,NA,NA,NA,NA,NA,NA,NA,NA,NA,NA,NA,NA,NA,NA,NA,NA,NA,NA,NA,NA,NA,NA,NA,NA,NA,NA,NA,NA,NA,NA,NA,NA,NA,
000031,crazing,2347,0.058675,0.9563965446318388,0.9615066225165563,0.9777123633305299,0.9803756066680734,0.005110077884717512,0.8005591798695247,0.8286252354048964,0.02806605553537167,0.9936575052854123,0.9883687085543579,-0.005288796731054424,1.0,0.9873949579831933,0.9957537154989384,0.9810924369747899,0.8948148148148148,0.9080573405832921,0.013242525768477287,1.0,0.9968387776606955,-0.0031612223393044925,1.0,1.0,1.0,0.9936974789915967,0.9288135593220339,0.9363359295631561,0.007522370241122234,1.0,1.0,0.0,1.0,1.0,1.0,1.0,9.825403801557254
000031,inclusion,0,0.0,NA,NA,NA,NA,NA,NA,NA,NA,NA,NA,NA,NA,NA,NA,NA,NA,NA,NA,NA,NA,NA,NA,NA,NA,NA,NA,NA,NA,NA,NA,NA,NA,NA,NA,NA,
000031,patches,0,0.0,NA,NA,NA,NA,NA,NA,NA,NA,NA,NA,NA,NA,NA,NA,NA,NA,NA,NA,NA,NA,NA,NA,NA,NA,NA,NA,NA,NA,NA,NA,NA,NA,NA,NA,NA,
000032,crazing,3307,0.082675,0.9800238521168754,0.9710316287318947,0.9899111579581389,0.9853029394121176,-0.008992223384980624,0.8640483383685801,0.8087804878048781,-0.05526785056370198,1.0,1.0,0.0,1.0,1.0,1.0,1.0,0.928087545596665,0.9,-0.02808754559666493,1.0,1.0,0.0,1.0,1.0,1.0,1.0,0.9510390982740402,0.9331010452961672,-0.017938052977872987,1.0,1.0,0.0,1.0,1.0,1.0,1.0,8.068650110482082
000032,inclusion,0,0.0,NA,NA,NA,NA,NA,NA,NA,NA,NA,NA,NA,NA,NA,NA,NA,NA,NA,NA,NA,NA,NA,NA,NA,NA,NA,NA,NA,NA,NA,NA,NA,NA,NA,NA,NA,
000032,patches,0,0.0,NA,NA,NA,NA,NA,NA,NA,NA,NA,NA,NA,NA,NA,NA,NA,NA,NA,NA,NA,NA,NA,NA,NA,NA,NA,NA,NA,NA,NA,NA,NA,NA,NA,NA,NA,
000033,crazing,3389,0.084725,0.9726461272674921,0.960845955987425,0.9861334111808495,0.980032065296604,-0.011800171280067162,0.8131760078662733,0.7432052483598875,-0.06997075950638576,0.9978307616855925,1.0,0.002169238314407518,0.9978213507625272,0.9978401727861771,1.0,1.0,0.9009287925696594,0.8640240842950326,-0.036904708274626774,1.0,1.0,0.0,1.0,1.0,1.0,1.0,0.9313725490196079,0.9067535138841275,-0.02461903513548036,1.0,1.0,0.0,1.0,1.0,1.0,1.0,7.953260483368912
000033,inclusion,0,0.0,NA,NA,NA,NA,NA,NA,NA,NA,NA,NA,NA,NA,NA,NA,NA,NA,NA,NA,NA,NA,NA,NA,NA,NA,NA,NA,NA,NA,NA,NA,NA,NA,NA,NA,NA,
000033,patches,0,0.0,NA,NA,NA,NA,NA,NA,NA,NA,NA,NA,NA,NA,NA,NA,NA,NA,NA,NA,NA,NA,NA,NA,NA,NA,NA,NA,NA,NA,NA,NA,NA,NA,NA,NA,NA,
000034,crazing,1301,0.032525,0.9620535714285714,0.9641791044776119,0.9806598407281001,0.9817629179331308,0.0021255330490405067,0.8171641791044776,0.8289473684210527,0.011783189316575071,1.0,1.0,0.0,1.0,1.0,1.0,1.0,0.9075712881022615,0.9131293188548865,0.005558030752624954,1.0,1.0,0.0,1.0,1.0,1.0,1.0,0.9422818791946309,0.9415322580645161,-0.0007496211301147859,1.0,1.0,0.0,1.0,1.0,1.0,1.0,6.542946281416847
000034,inclusion,0,0.0,NA,NA,NA,NA,NA,NA,NA,NA,NA,NA,NA,NA,NA,NA,NA,NA,NA,NA,NA,NA,NA,NA,NA,NA,NA,NA,NA,NA,NA,NA,NA,NA,NA,NA,NA,
000034,patches,0,0.0,NA,NA,NA,NA,NA,NA,NA,NA,NA,NA,NA,NA,NA,NA,NA,NA,NA,NA,NA,NA,NA,NA,NA,NA,NA,NA,NA,NA,NA,NA,NA,NA,NA,NA,NA,
000035,crazing,6028,0.1507,0.967504898758981,0.9629690048939641,0.9834841065648602,0.9811352115017037,-0.00453589386501696,0.7785234899328859,0.7528767123287671,-0.02564677760411882,0.9891674927866786,0.9822764630023922,-0.006891029784286351,0.9872935196950444,0.9910485933503836,0.9811794228356336,0.9833759590792839,0.8825622775800712,0.8721782468484316,-0.010384030731639626,1.0,0.9987332610936046,-0.0012667389063953927,1.0,1.0,0.998745294855709,0.9987212276214834,0.9218845604731797,0.9148462783171522,-0.007038282156027531,1.0,1.0,0.0,1.0,1.0,1.0,1.0,10.072102371623934
000035,inclusion,0,0.0,NA,NA,NA,NA,NA,NA,NA,NA,NA,NA,NA,NA,NA,NA,NA,NA,NA,NA,NA,NA,NA,NA,NA,NA,NA,NA,NA,NA,NA,NA,NA,NA,NA,NA,NA,
000035,patches,0,0.0,NA,NA,NA,NA,NA,NA,NA,NA,NA,NA,NA,NA,NA,NA,NA,NA,NA,NA,NA,NA,NA,NA,NA,NA,NA,NA,NA,NA,NA,NA,NA,NA,NA,NA,NA,
000036,crazing,10760,0.269,0.9772354762338372,0.9902223042154783,0.9884866906143502,0.9950871338524286,0.01298682798164108,0.7924528301886793,0.8364197530864198,0.04396692289774051,0.954248366013072,0.9915110356536503,0.03726266964057834,0.9139280125195618,0.9982905982905983,0.984822934232715,0.9982905982905983,0.8513360933383515,0.9047810365608678,0.05344494322251636,0.9550286181520851,0.9932088285229203,0.03818021037083519,0.9139280125195618,1.0,0.9865092748735245,1.0,0.8733077905491698,0.9283769063180828,0.055069115768912935,0.9550286181520851,0.9932088285229203,0.03818021037083519,0.9139280125195618,1.0,0.9865092748735245,1.0,5.6396185507327985
000036,inclusion,0,0.0,NA,NA,NA,NA,NA,NA,NA,NA,NA,NA,NA,NA,NA,NA,NA,NA,NA,NA,NA,NA,NA,NA,NA,NA,NA,NA,NA,NA,NA,NA,NA,NA,NA,NA,NA,
000036,patches,0,0.0,NA,NA,NA,NA,NA,NA,NA,NA,NA,NA,NA,NA,NA,NA,NA,NA,NA,NA,NA,NA,NA,NA,NA,NA,NA,NA,NA,NA,NA,NA,NA,NA,NA,NA,NA,
000037,crazing,14023,0.350575,0.9844552296546388,0.9838119369369369,0.9921667316485309,0.9918399205279217,-0.0006432927177019154,0.7678571428571429,0.760858189429618,-0.006998953427524879,0.9886022795440912,0.9886022795440912,0.0,1.0,0.9774614472123369,1.0,0.9774614472123369,0.8707786770862406,0.8686925006969612,-0.002086176389279326,0.9886022795440912,0.9886022795440912,0.0,1.0,0.9774614472123369,1.0,0.9774614472123369,0.9071007043594137,0.9069457659372027,-0.00015493842221103726,0.9886022795440912,0.9886022795440912,0.0,1.0,0.9774614472123369,1.0,0.9774614472123369,7.118805177112425
000037,inclusion,0,0.0,NA,NA,NA,NA,NA,NA,NA,NA,NA,NA,NA,NA,NA,NA,NA,NA,NA,NA,NA,NA,NA,NA,NA,NA,NA,NA,NA,NA,NA,NA,NA,NA,NA,NA,NA,
000037,patches,0,0.0,NA,NA,NA,NA,NA,NA,NA,NA,NA,NA,NA,NA,NA,NA,NA,NA,NA,NA,NA,NA,NA,NA,NA,NA,NA,NA,NA,NA,NA,NA,NA,NA,NA,NA,NA,
000038,crazing,9549,0.238725,0.978984238178634,0.983224603914259,0.9893805309734514,0.9915413533834586,0.004240365735625029,0.8171454628362973,0.8468342644320298,0.029688801595732506,0.9974683544303797,0.9974683544303797,0.0,1.0,0.9949494949494949,1.0,0.9949494949494949,0.9062950504565113,0.9188335358444715,0.012538485387960208,0.9984825493171471,0.9984825493171471,0.0,1.0,0.996969696969697,1.0,0.996969696969697,0.9381561679790026,0.9444536286989585,0.006297460719955961,1.0,1.0,0.0,1.0,1.0,1.0,1.0,10.131091737451026
000038,inclusion,0,0.0,NA,NA,NA,NA,NA,NA,NA,NA,NA,NA,NA,NA,NA,NA,NA,NA,NA,NA,NA,NA,NA,NA,NA,NA,NA,NA,NA,NA,NA,NA,NA,NA,NA,NA,NA,
000038,patches,0,0.0,NA,NA,NA,NA,NA,NA,NA,NA,NA,NA,NA,NA,NA,NA,NA,NA,NA,NA,NA,NA,NA,NA,NA,NA,NA,NA,NA,NA,NA,NA,NA,NA,NA,NA,NA,
000039,crazing,3193,0.079825,0.9408586010207145,0.9441593721702385,0.9695282289249807,0.9712777519018786,0.0033007711495239844,0.7385019710906702,0.7496635262449529,0.011161555154282743,0.983760478100953,0.9944688948939694,0.010708416793016373,0.9740458015267176,0.9936708860759493,0.9905511811023622,0.9984177215189873,0.8540712019739161,0.8677745664739884,0.013703364500072368,0.995398773006135,0.9992119779353822,0.0038132049292471937,0.9908396946564886,1.0,0.9984251968503937,1.0,0.8991249392318911,0.909903201787044,0.010778262555152907,0.9984709480122325,1.0,0.001529051987767538,0.9969465648854962,1.0,1.0,1.0,11.184526916352988
000039,inclusion,0,0.0,NA,NA,NA,NA,NA,NA,NA,NA,NA,NA,NA,NA,NA,NA,NA,NA,NA,NA,NA,NA,NA,NA,NA,NA,NA,NA,NA,NA,NA,NA,NA,NA,NA,NA,NA,
000039,patches,0,0.0,NA,NA,NA,NA,NA,NA,NA,NA,NA,NA,NA,NA,NA,NA,NA,NA,NA,NA,NA,NA,NA,NA,NA,NA,NA,NA,NA,NA,NA,NA,NA,NA,NA,NA,NA,
000040,crazing,1988,0.0497,0.9366162847391516,0.9495145631067962,0.9672708962739174,0.9741035856573705,0.012898278367644567,0.7742782152230971,0.8081952920662598,0.0339170768431627,0.9949747521823354,0.9793217337194552,-0.015653018462880253,0.996,0.9939516129032258,0.9651162790697675,0.9939516129032258,0.8834815161441273,0.8844566712517193,0.0009751551075920517,1.0,0.9872423945044161,-0.012757605495583912,1.0,1.0,0.9748062015503876,1.0,0.921120412105602,0.9088916718847839,-0.012228740220818102,1.0,0.988235294117647,-0.01176470588235301,1.0,1.0,0.9767441860465116,1.0,11.124320339603162
000040,inclusion,0,0.0,NA,NA,NA,NA,NA,NA,NA,NA,NA,NA,NA,NA,NA,NA,NA,NA,NA,NA,NA,NA,NA,NA,NA,NA,NA,NA,NA,NA,NA,NA,NA,NA,NA,NA,NA,
000040,patches,0,0.0,NA,NA,NA,NA,NA,NA,NA,NA,NA,NA,NA,NA,NA,NA,NA,NA,NA,NA,NA,NA,NA,NA,NA,NA,NA,NA,NA,NA,NA,NA,NA,NA,NA,NA,NA,
000041,crazing,4152,0.1038,0.9577432087299744,0.9784001898884406,0.978415559772296,0.9890821835632874,0.020656981158466148,0.7459190915542938,0.8577946768060837,0.11187558525178987,0.9933993399339934,1.0,0.0066006600660065695,0.9933993399339934,0.9933993399339934,1.0,1.0,0.8653699466056446,0.9221035982601818,0.056733651654537254,1.0,1.0,0.0,1.0,1.0,1.0,1.0,0.9086374376476766,0.9472124966334501,0.038575058985773514,1.0,1.0,0.0,1.0,1.0,1.0,1.0,9.404678456949643
000041,inclusion,0,0.0,NA,NA,NA,NA,NA,NA,NA,NA,NA,NA,NA,NA,NA,NA,NA,NA,NA,NA,NA,NA,NA,NA,NA,NA,NA,NA,NA,NA,NA,NA,NA,NA,NA,NA,NA,
000041,patches,0,0.0,NA,NA,NA,NA,NA,NA,NA,NA,NA,NA,NA,NA,NA,NA,NA,NA,NA,NA,NA,NA,NA,NA,NA,NA,NA,NA,NA,NA,NA,NA,NA,NA,NA,NA,NA,
000042,crazing,397,0.009925,0.9434889434889435,0.9587378640776699,0.9709228824273072,0.9789343246592317,0.0152489205887264,0.8463768115942029,0.8939393939393939,0.04756258234519106,0.9967213114754099,1.0,0.003278688524590123,0.9934640522875817,1.0,1.0,1.0,0.9001490312965723,0.9438377535101404,0.04368872221356812,0.9967213114754099,1.0,0.003278688524590123,0.9934640522875817,1.0,1.0,1.0,0.9182389937106918,0.9658213891951488,0.047582395484456974,0.9967213114754099,1.0,0.003278688524590123,0.9934640522875817,1.0,1.0,1.0,7.628661321073133
000042,inclusion,0,0.0,NA,NA,NA,NA,NA,NA,NA,NA,NA,NA,NA,NA,NA,NA,NA,NA,NA,NA,NA,NA,NA,NA,NA,NA,NA,NA,NA,NA,NA,NA,NA,NA,NA,NA,NA,
000042,patches,0,0.0,NA,NA,NA,NA,NA,NA,NA,NA,NA,NA,NA,NA,NA,NA,NA,NA,NA,NA,NA,NA,NA,NA,NA,NA,NA,NA,NA,NA,NA,NA,NA,NA,NA,NA,NA,
000043,crazing,1207,0.030175,0.25127942681678606,0.40854472630173566,0.4016359918200409,0.5800947867298578,0.1572652994849496,0.11133122028526149,0.11242603550295859,0.0010948152176970954,0.27845173934345907,0.30305013519797463,0.024598395854515565,0.17050691244239632,0.758893280632411,0.1970260223048327,0.6561264822134387,0.16476906552094522,0.1938521185267239,0.02908305300577868,0.3442325882094415,0.41084416459020806,0.06661157638076654,0.2110599078341014,0.932806324110672,0.2664188351920694,0.8972332015810277,0.191460264397508,0.2412254006897951,0.0497651362922871,0.35848815951702734,0.4441740141459161,0.08568585462888878,0.21935483870967742,0.9802371541501976,0.2874845105328377,0.9762845849802372,7.2822718306680585
000043,inclusion,0,0.0,NA,NA,NA,NA,NA,NA,NA,NA,NA,NA,NA,NA,NA,NA,NA,NA,NA,NA,NA,NA,NA,NA,NA,NA,NA,NA,NA,NA,NA,NA,NA,NA,NA,NA,NA,
000043,patches,0,0.0,NA,NA,NA,NA,NA,NA,NA,NA,NA,NA,NA,NA,NA,NA,NA,NA,NA,NA,NA,NA,NA,NA,NA,NA,NA,NA,NA,NA,NA,NA,NA,NA,NA,NA,NA,
000044,crazing,2562,0.06405,0.7400601403274307,0.6101351351351352,0.8506144393241167,0.7578682333193454,-0.12992500519229555,0.39555555555555555,0.2447333034513671,-0.15082225210418845,0.7736576248786948,0.5368131664310415,-0.23684445844765334,0.6739409499358151,0.9080068143100511,0.4674634794156706,0.6303236797274276,0.5484409799554566,0.41865904365904366,-0.12978193629641294,0.8376836226781595,0.7383547504001675,-0.09932887227799203,0.7317073170731707,0.979557069846678,0.6401062416998672,0.8722316865417377,0.6255242660275614,0.5276710222905457,-0.09785324373701565,0.8518791451731762,0.8143452037892379,-0.037533941383938285,0.7419768934531451,1.0,0.701195219123506,0.9710391822827938,11.597076942003573
000044,inclusion,0,0.0,NA,NA,NA,NA,NA,NA,NA,NA,NA,NA,NA,NA,NA,NA,NA,NA,NA,NA,NA,NA,NA,NA,NA,NA,NA,NA,NA,NA,NA,NA,NA,NA,NA,NA,NA,
000044,patches,0,0.0,NA,NA,NA,NA,NA,NA,NA,NA,NA,NA,NA,NA,NA,NA,NA,NA,NA,NA,NA,NA,NA,NA,NA,NA,NA,NA,NA,NA,NA,NA,NA,NA,NA,NA,NA,
000045,crazing,1410,0.03525,0.9364973262032086,0.9571823204419889,0.9672074559889541,0.9781227946365562,0.02068499423878034,0.7947310647639956,0.8595890410958904,0.06485797633189483,1.0,1.0,0.0,1.0,1.0,1.0,1.0,0.8896631823461092,0.9263220439691028,0.03665886162299359,1.0,1.0,0.0,1.0,1.0,1.0,1.0,0.9234449760765551,0.9532520325203252,0.02980705644377013,1.0,1.0,0.0,1.0,1.0,1.0,1.0,10.439423369309626
000045,inclusion,0,0.0,NA,NA,NA,NA,NA,NA,NA,NA,NA,NA,NA,NA,NA,NA,NA,NA,NA,NA,NA,NA,NA,NA,NA,NA,NA,NA,NA,NA,NA,NA,NA,NA,NA,NA,NA,
000045,patches,0,0.0,NA,NA,NA,NA,NA,NA,NA,NA,NA,NA,NA,NA,NA,NA,NA,NA,NA,NA,NA,NA,NA,NA,NA,NA,NA,NA,NA,NA,NA,NA,NA,NA,NA,NA,NA,
000046,crazing,4043,0.101075,0.9574519230769231,0.946470866887731,0.9782635392361537,0.9724993915794597,-0.010981056189192095,0.810752688172043,0.7650760356581018,-0.04567665251394126,1.0,0.9922144678489034,-0.007785532151096564,1.0,1.0,0.992822966507177,0.9916067146282974,0.9026674233825198,0.8840947546531303,-0.018572668729389563,1.0,0.9987995198079231,-0.0012004801920768582,1.0,1.0,1.0,0.9976019184652278,0.9376736800317587,0.9280190362879238,-0.009654643743834845,1.0,1.0,0.0,1.0,1.0,1.0,1.0,13.116385728291792
000046,inclusion,0,0.0,NA,NA,NA,NA,NA,NA,NA,NA,NA,NA,NA,NA,NA,NA,NA,NA,NA,NA,NA,NA,NA,NA,NA,NA,NA,NA,NA,NA,NA,NA,NA,NA,NA,NA,NA,
000046,patches,0,0.0,NA,NA,NA,NA,NA,NA,NA,NA,NA,NA,NA,NA,NA,NA,NA,NA,NA,NA,NA,NA,NA,NA,NA,NA,NA,NA,NA,NA,NA,NA,NA,NA,NA,NA,NA,
000047,crazing,4430,0.11075,0.9530157342657343,0.9666007470885519,0.9759427100816829,0.9830167597765364,0.013585012822817655,0.7802759325498212,0.8389651531151003,0.05868922056527914,0.9970831865367756,1.0,0.002916813463224366,0.9976635514018691,0.9965034965034965,1.0,1.0,0.8859553620032662,0.9168508287292818,0.03089546672601562,1.0,1.0,0.0,1.0,1.0,1.0,1.0,0.9284903518728718,0.9479405034324943,0.019450151559622486,1.0,1.0,0.0,1.0,1.0,1.0,1.0,12.890964865722822
000047,inclusion,0,0.0,NA,NA,NA,NA,NA,NA,NA,NA,NA,NA,NA,NA,NA,NA,NA,NA,NA,NA,NA,NA,NA,NA,NA,NA,NA,NA,NA,NA,NA,NA,NA,NA,NA,NA,NA,
000047,patches,0,0.0,NA,NA,NA,NA,NA,NA,NA,NA,NA,NA,NA,NA,NA,NA,NA,NA,NA,NA,NA,NA,NA,NA,NA,NA,NA,NA,NA,NA,NA,NA,NA,NA,NA,NA,NA,
000048,crazing,4048,0.1012,0.9624367926799904,0.96,0.9808588957055214,0.9795918367346939,-0.0024367926799904183,0.8195488721804511,0.8068247541931752,-0.012724117987275907,0.9987113402061856,0.9961037905495332,-0.0026075496566523304,0.9974259974259975,1.0,0.9960835509138382,0.9961240310077519,0.9051959890610757,0.8988729820286323,-0.006323007032443373,1.0,1.0,0.0,1.0,1.0,1.0,1.0,0.9366241372097888,0.9401853411962932,0.003561203986504391,1.0,1.0,0.0,1.0,1.0,1.0,1.0,12.165240770488374
000048,inclusion,0,0.0,NA,NA,NA,NA,NA,NA,NA,NA,NA,NA,NA,NA,NA,NA,NA,NA,NA,NA,NA,NA,NA,NA,NA,NA,NA,NA,NA,NA,NA,NA,NA,NA,NA,NA,NA,
000048,patches,0,0.0,NA,NA,NA,NA,NA,NA,NA,NA,NA,NA,NA,NA,NA,NA,NA,NA,NA,NA,NA,NA,NA,NA,NA,NA,NA,NA,NA,NA,NA,NA,NA,NA,NA,NA,NA,
000049,crazing,2541,0.063525,0.9546998867497168,0.9549583648750947,0.9768250289687138,0.9769603097773475,0.00025847812537782566,0.783363802559415,0.7794117647058824,-0.003952037853532597,1.0,1.0,0.0,1.0,1.0,1.0,1.0,0.89111328125,0.8849730788056779,-0.006140202444322118,1.0,1.0,0.0,1.0,1.0,1.0,1.0,0.9320323014804845,0.9283069673510602,-0.003725334129424329,1.0,1.0,0.0,1.0,1.0,1.0,1.0,9.383369280147672
000049,inclusion,0,0.0,NA,NA,NA,NA,NA,NA,NA,NA,NA,NA,NA,NA,NA,NA,NA,NA,NA,NA,NA,NA,NA,NA,NA,NA,NA,NA,NA,NA,NA,NA,NA,NA,NA,NA,NA,
000049,patches,0,0.0,NA,NA,NA,NA,NA,NA,NA,NA,NA,NA,NA,NA,NA,NA,NA,NA,NA,NA,NA,NA,NA,NA,NA,NA,NA,NA,NA,NA,NA,NA,NA,NA,NA,NA,NA,
000050,crazing,3239,0.080975,0.9649175412293853,0.9706416464891041,0.9821455821761026,0.9851021348487176,0.005724105259718781,0.8064243448858833,0.8341880341880342,0.027763689302150896,0.9981114241862775,1.0,0.0018885758137224817,0.998109640831758,0.9981132075471698,1.0,1.0,0.9000892060660125,0.9139784946236559,0.013889288557643376,1.0,1.0,0.0,1.0,1.0,1.0,1.0,0.9357881923311017,0.9430051813471503,0.007216989016048614,1.0,1.0,0.0,1.0,1.0,1.0,1.0,9.312588126977541
000050,inclusion,0,0.0,NA,NA,NA,NA,NA,NA,NA,NA,NA,NA,NA,NA,NA,NA,NA,NA,NA,NA,NA,NA,NA,NA,NA,NA,NA,NA,NA,NA,NA,NA,NA,NA,NA,NA,NA,
000050,patches,0,0.0,NA,NA,NA,NA,NA,NA,NA,NA,NA,NA,NA,NA,NA,NA,NA,NA,NA,NA,NA,NA,NA,NA,NA,NA,NA,NA,NA,NA,NA,NA,NA,NA,NA,NA,NA,
000051,crazing,2183,0.054575,0.9592017738359202,0.9702702702702702,0.9791760977818017,0.9849108367626886,0.01106849643435004,0.7702871410736579,0.8335483870967741,0.06326124602311622,0.9971630690508186,1.0,0.00283693094918136,0.9971509971509972,0.9971751412429378,1.0,1.0,0.8780649436713055,0.9130727762803235,0.035007832609017964,1.0,1.0,0.0,1.0,1.0,1.0,1.0,0.9172320217096337,0.9419030192131748,0.02467099750354107,1.0,1.0,0.0,1.0,1.0,1.0,1.0,7.576635493766703
000051,inclusion,0,0.0,NA,NA,NA,NA,NA,NA,NA,NA,NA,NA,NA,NA,NA,NA,NA,NA,NA,NA,NA,NA,NA,NA,NA,NA,NA,NA,NA,NA,NA,NA,NA,NA,NA,NA,NA,
000051,patches,0,0.0,NA,NA,NA,NA,NA,NA,NA,NA,NA,NA,NA,NA,NA,NA,NA,NA,NA,NA,NA,NA,NA,NA,NA,NA,NA,NA,NA,NA,NA,NA,NA,NA,NA,NA,NA,
000052,crazing,2247,0.056175,0.9593073593073593,0.9608433734939759,0.9792311091471498,0.9800307219662059,0.00153601418661653,0.7878787878787878,0.7952488687782805,0.007370080899492648,0.9987325728770595,1.0,0.0012674271229404788,0.9974683544303797,1.0,1.0,1.0,0.8865121806298277,0.8929425837320574,0.006430403102229643,1.0,1.0,0.0,1.0,1.0,1.0,1.0,0.9252336448598131,0.9305271761340417,0.005293531274228602,1.0,1.0,0.0,1.0,1.0,1.0,1.0,8.248504604799486
000052,inclusion,0,0.0,NA,NA,NA,NA,NA,NA,NA,NA,NA,NA,NA,NA,NA,NA,NA,NA,NA,NA,NA,NA,NA,NA,NA,NA,NA,NA,NA,NA,NA,NA,NA,NA,NA,NA,NA,
000052,patches,0,0.0,NA,NA,NA,NA,NA,NA,NA,NA,NA,NA,NA,NA,NA,NA,NA,NA,NA,NA,NA,NA,NA,NA,NA,NA,NA,NA,NA,NA,NA,NA,NA,NA,NA,NA,NA,
000053,crazing,1314,0.03285,0.9575091575091575,0.9449275362318841,0.9782934131736527,0.9716840536512668,-0.01258162127727347,0.8273716951788491,0.7784522003034902,-0.04891949487535896,0.994782608695652,0.9912370183739937,-0.003545590321658354,0.9896193771626297,1.0,0.9965156794425087,0.986013986013986,0.9086460032626428,0.882258064516129,-0.026387938746513795,1.0,1.0,0.0,1.0,1.0,1.0,1.0,0.9393095768374164,0.9193370165745857,-0.019972560262830785,1.0,1.0,0.0,1.0,1.0,1.0,1.0,7.889842804675908
000053,inclusion,0,0.0,NA,NA,NA,NA,NA,NA,NA,NA,NA,NA,NA,NA,NA,NA,NA,NA,NA,NA,NA,NA,NA,NA,NA,NA,NA,NA,NA,NA,NA,NA,NA,NA,NA,NA,NA,
000053,patches,0,0.0,NA,NA,NA,NA,NA,NA,NA,NA,NA,NA,NA,NA,NA,NA,NA,NA,NA,NA,NA,NA,NA,NA,NA,NA,NA,NA,NA,NA,NA,NA,NA,NA,NA,NA,NA,
000054,crazing,1732,0.0433,0.9402084476138234,0.9534109816971714,0.9691829233813967,0.9761499148211243,0.013202534083348039,0.7741273100616016,0.819327731092437,0.045200421030835325,0.996435639079438,1.0,0.003564360920562004,0.997624703087886,0.995249406175772,1.0,1.0,0.8822882288228823,0.9058171745152355,0.023528945692353198,1.0,1.0,0.0,1.0,1.0,1.0,1.0,0.920951650038373,0.9376683339746056,0.0167166839362326,1.0,1.0,0.0,1.0,1.0,1.0,1.0,10.115984424543077
000054,inclusion,0,0.0,NA,NA,NA,NA,NA,NA,NA,NA,NA,NA,NA,NA,NA,NA,NA,NA,NA,NA,NA,NA,NA,NA,NA,NA,NA,NA,NA,NA,NA,NA,NA,NA,NA,NA,NA,
000054,patches,0,0.0,NA,NA,NA,NA,NA,NA,NA,NA,NA,NA,NA,NA,NA,NA,NA,NA,NA,NA,NA,NA,NA,NA,NA,NA,NA,NA,NA,NA,NA,NA,NA,NA,NA,NA,NA,
000055,crazing,2472,0.0618,0.9370924434215574,0.9570982839313572,0.9675247524752475,0.9780789159027501,0.02000584050979981,0.7589820359281437,0.8252351097178683,0.06625307378972456,1.0,0.997398091934085,-0.002601908065914982,1.0,1.0,1.0,0.9948096885813149,0.8745490981963928,0.9069575957184026,0.032408497522009805,1.0,1.0,0.0,1.0,1.0,1.0,1.0,0.9194499017681729,0.9393939393939394,0.019944037625766575,1.0,1.0,0.0,1.0,1.0,1.0,1.0,11.625284907946924
000055,inclusion,0,0.0,NA,NA,NA,NA,NA,NA,NA,NA,NA,NA,NA,NA,NA,NA,NA,NA,NA,NA,NA,NA,NA,NA,NA,NA,NA,NA,NA,NA,NA,NA,NA,NA,NA,NA,NA,
000055,patches,0,0.0,NA,NA,NA,NA,NA,NA,NA,NA,NA,NA,NA,NA,NA,NA,NA,NA,NA,NA,NA,NA,NA,NA,NA,NA,NA,NA,NA,NA,NA,NA,NA,NA,NA,NA,NA,
000056,crazing,2418,0.06045,0.9542352468887997,0.9580670926517572,0.9765817584223501,0.9785845400775036,0.0038318457629574754,0.819632881085395,0.8365384615384616,0.01690558045306656,0.9937856593116521,0.9946839836110491,0.0008983242993970686,0.998211091234347,0.9893992932862191,0.99822695035461,0.991166077738516,0.9055018899622007,0.9163514081546869,0.01084951819248614,1.0,1.0,0.0,1.0,1.0,1.0,1.0,0.9403549607215596,0.946817785527463,0.006462824805903433,1.0,1.0,0.0,1.0,1.0,1.0,1.0,11.51034346216649
000056,inclusion,0,0.0,NA,NA,NA,NA,NA,NA,NA,NA,NA,NA,NA,NA,NA,NA,NA,NA,NA,NA,NA,NA,NA,NA,NA,NA,NA,NA,NA,NA,NA,NA,NA,NA,NA,NA,NA,
000056,patches,0,0.0,NA,NA,NA,NA,NA,NA,NA,NA,NA,NA,NA,NA,NA,NA,NA,NA,NA,NA,NA,NA,NA,NA,NA,NA,NA,NA,NA,NA,NA,NA,NA,NA,NA,NA,NA,
000057,crazing,679,0.016975,0.9588652482269504,0.9507735583684951,0.9790007241129616,0.9747656813266041,-0.00809168985845532,0.8415300546448088,0.8176943699731903,-0.02383568467161845,1.0,1.0,0.0,1.0,1.0,1.0,1.0,0.9144079885877318,0.9067796610169492,-0.007628327570782578,1.0,1.0,0.0,1.0,1.0,1.0,1.0,0.9409486931268151,0.9412897016361886,0.00034100850937357485,1.0,1.0,0.0,1.0,1.0,1.0,1.0,6.2937423629173574
000057,inclusion,0,0.0,NA,NA,NA,NA,NA,NA,NA,NA,NA,NA,NA,NA,NA,NA,NA,NA,NA,NA,NA,NA,NA,NA,NA,NA,NA,NA,NA,NA,NA,NA,NA,NA,NA,NA,NA,
000057,patches,0,0.0,NA,NA,NA,NA,NA,NA,NA,NA,NA,NA,NA,NA,NA,NA,NA,NA,NA,NA,NA,NA,NA,NA,NA,NA,NA,NA,NA,NA,NA,NA,NA,NA,NA,NA,NA,
000058,crazing,611,0.015275,0.9649122807017544,0.9619651347068146,0.9821428571428571,0.9806138933764136,-0.002947145994939837,0.8941176470588236,0.875,-0.019117647058823573,1.0,1.0,0.0,1.0,1.0,1.0,1.0,0.948170731707317,0.9409090909090909,-0.00726164079822611,1.0,1.0,0.0,1.0,1.0,1.0,1.0,0.9669079627714581,0.9629248197734295,-0.003983142998028599,1.0,1.0,0.0,1.0,1.0,1.0,1.0,6.311084473689332
000058,inclusion,0,0.0,NA,NA,NA,NA,NA,NA,NA,NA,NA,NA,NA,NA,NA,NA,NA,NA,NA,NA,NA,NA,NA,NA,NA,NA,NA,NA,NA,NA,NA,NA,NA,NA,NA,NA,NA,
000058,patches,0,0.0,NA,NA,NA,NA,NA,NA,NA,NA,NA,NA,NA,NA,NA,NA,NA,NA,NA,NA,NA,NA,NA,NA,NA,NA,NA,NA,NA,NA,NA,NA,NA,NA,NA,NA,NA,
000059,crazing,1587,0.039675,0.9511754068716094,0.9528985507246377,0.9749768303985171,0.9758812615955473,0.0017231438530282972,0.8041112454655381,0.8087697929354446,0.00465854746990646,1.0,1.0,0.0,1.0,1.0,1.0,1.0,0.8961121733588273,0.9005134788189987,0.0044013054601713675,1.0,1.0,0.0,1.0,1.0,1.0,1.0,0.931064572425829,0.9354697102721685,0.004405137846339557,1.0,1.0,0.0,1.0,1.0,1.0,1.0,9.08699119333237
000059,inclusion,0,0.0,NA,NA,NA,NA,NA,NA,NA,NA,NA,NA,NA,NA,NA,NA,NA,NA,NA,NA,NA,NA,NA,NA,NA,NA,NA,NA,NA,NA,NA,NA,NA,NA,NA,NA,NA,
000059,patches,0,0.0,NA,NA,NA,NA,NA,NA,NA,NA,NA,NA,NA,NA,NA,NA,NA,NA,NA,NA,NA,NA,NA,NA,NA,NA,NA,NA,NA,NA,NA,NA,NA,NA,NA,NA,NA,
000060,crazing,1137,0.028425,0.922633744855967,0.9413735343383585,0.9597602739726028,0.9698015530629853,0.01873978948239141,0.7863354037267081,0.821969696969697,0.035634293242988946,0.9942486615405637,1.0,0.005751338459436317,0.997134670487106,0.9913793103448276,1.0,1.0,0.8927381745502998,0.9135388739946381,0.020800699444338266,0.9985611510791367,1.0,0.0014388489208633226,1.0,0.9971264367816092,1.0,1.0,0.9404761904761905,0.9470672389127325,0.006591048436542013,1.0,1.0,0.0,1.0,1.0,1.0,1.0,10.320458969974323
000060,inclusion,0,0.0,NA,NA,NA,NA,NA,NA,NA,NA,NA,NA,NA,NA,NA,NA,NA,NA,NA,NA,NA,NA,NA,NA,NA,NA,NA,NA,NA,NA,NA,NA,NA,NA,NA,NA,NA,
000060,patches,0,0.0,NA,NA,NA,NA,NA,NA,NA,NA,NA,NA,NA,NA,NA,NA,NA,NA,NA,NA,NA,NA,NA,NA,NA,NA,NA,NA,NA,NA,NA,NA,NA,NA,NA,NA,NA,
000061,crazing,3262,0.08155,0.9627865436141709,0.9595033993496896,0.9810404974973457,0.979333232765123,-0.003283144264481286,0.8017515923566879,0.783974862529458,-0.017776729827229887,0.9972997299729973,0.9991047448522828,0.001805014879285527,1.0,0.9946140035906643,0.998211091234347,1.0,0.8954220915581689,0.8826955074875208,-0.012726584070648084,0.9991015274034142,1.0,0.0008984725965858198,1.0,0.9982046678635548,1.0,1.0,0.9296583405110537,0.9202733485193622,-0.009384991991691516,1.0,1.0,0.0,1.0,1.0,1.0,1.0,9.752438422306014
000061,inclusion,0,0.0,NA,NA,NA,NA,NA,NA,NA,NA,NA,NA,NA,NA,NA,NA,NA,NA,NA,NA,NA,NA,NA,NA,NA,NA,NA,NA,NA,NA,NA,NA,NA,NA,NA,NA,NA,
000061,patches,0,0.0,NA,NA,NA,NA,NA,NA,NA,NA,NA,NA,NA,NA,NA,NA,NA,NA,NA,NA,NA,NA,NA,NA,NA,NA,NA,NA,NA,NA,NA,NA,NA,NA,NA,NA,NA,
000062,crazing,1181,0.029525,0.9534313725490197,0.9407526020816653,0.9761606022584692,0.9694719471947195,-0.012678770467354328,0.8553137003841229,0.81125,-0.044063700384122884,0.998589562764457,0.9985935302390998,3.967474642818658e-06,1.0,0.9971830985915493,0.9971910112359551,1.0,0.9347240915208613,0.9005270092226614,-0.034197082298199954,1.0,1.0,0.0,1.0,1.0,1.0,1.0,0.9693926351028216,0.9497180451127819,-0.01967458999003968,1.0,1.0,0.0,1.0,1.0,1.0,1.0,10.330073325133027
000062,inclusion,0,0.0,NA,NA,NA,NA,NA,NA,NA,NA,NA,NA,NA,NA,NA,NA,NA,NA,NA,NA,NA,NA,NA,NA,NA,NA,NA,NA,NA,NA,NA,NA,NA,NA,NA,NA,NA,
000062,patches,0,0.0,NA,NA,NA,NA,NA,NA,NA,NA,NA,NA,NA,NA,NA,NA,NA,NA,NA,NA,NA,NA,NA,NA,NA,NA,NA,NA,NA,NA,NA,NA,NA,NA,NA,NA,NA,
000063,crazing,569,0.014225,0.9246231155778895,0.9172077922077922,0.9608355091383812,0.9568162574089755,-0.007415323370097204,0.8426763110307414,0.8224956063268892,-0.020180704703852137,1.0,0.9940357852882703,-0.005964214711729698,1.0,1.0,0.9881422924901185,1.0,0.9191530317613089,0.9044048734770385,-0.014748158284270452,1.0,0.998019801980198,-0.001980198019801982,1.0,1.0,0.9960474308300395,1.0,0.9504881450488145,0.9354180829367778,-0.015070062112036764,1.0,1.0,0.0,1.0,1.0,1.0,1.0,10.396700842127899
000063,inclusion,0,0.0,NA,NA,NA,NA,NA,NA,NA,NA,NA,NA,NA,NA,NA,NA,NA,NA,NA,NA,NA,NA,NA,NA,NA,NA,NA,NA,NA,NA,NA,NA,NA,NA,NA,NA,NA,
000063,patches,0,0.0,NA,NA,NA,NA,NA,NA,NA,NA,NA,NA,NA,NA,NA,NA,NA,NA,NA,NA,NA,NA,NA,NA,NA,NA,NA,NA,NA,NA,NA,NA,NA,NA,NA,NA,NA,
000064,crazing,1255,0.031375,0.9444021325209444,0.9532924961715161,0.9714061887974932,0.9760878087024696,0.00889036365057172,0.8318804483188045,0.8596713021491783,0.02779085383037383,0.9986206896551724,0.9972337429644607,-0.00138694669071171,0.9972451790633609,1.0,0.9972375690607734,0.997229916897507,0.9185430463576159,0.932890365448505,0.014347319090889155,1.0,1.0,0.0,1.0,1.0,1.0,1.0,0.95489443378119,0.9678811121764141,0.01298667839522416,1.0,1.0,0.0,1.0,1.0,1.0,1.0,10.190261736724343
000064,inclusion,0,0.0,NA,NA,NA,NA,NA,NA,NA,NA,NA,NA,NA,NA,NA,NA,NA,NA,NA,NA,NA,NA,NA,NA,NA,NA,NA,NA,NA,NA,NA,NA,NA,NA,NA,NA,NA,
000064,patches,0,0.0,NA,NA,NA,NA,NA,NA,NA,NA,NA,NA,NA,NA,NA,NA,NA,NA,NA,NA,NA,NA,NA,NA,NA,NA,NA,NA,NA,NA,NA,NA,NA,NA,NA,NA,NA,
000065,crazing,2483,0.062075,0.9762752075919335,0.9717203456402199,0.9879951980792316,0.9856573705179282,-0.004554861951713618,0.8874172185430463,0.8658536585365854,-0.02156356000646098,1.0,0.9989806320081549,-0.0010193679918450993,1.0,1.0,1.0,0.9979633401221996,0.9414348462664714,0.92992700729927,-0.011507838967201423,1.0,1.0,0.0,1.0,1.0,1.0,1.0,0.9614223414961423,0.9530988274706867,-0.008323514025455503,1.0,1.0,0.0,1.0,1.0,1.0,1.0,9.85355924948979
000065,inclusion,0,0.0,NA,NA,NA,NA,NA,NA,NA,NA,NA,NA,NA,NA,NA,NA,NA,NA,NA,NA,NA,NA,NA,NA,NA,NA,NA,NA,NA,NA,NA,NA,NA,NA,NA,NA,NA,
000065,patches,0,0.0,NA,NA,NA,NA,NA,NA,NA,NA,NA,NA,NA,NA,NA,NA,NA,NA,NA,NA,NA,NA,NA,NA,NA,NA,NA,NA,NA,NA,NA,NA,NA,NA,NA,NA,NA,
000066,crazing,2205,0.055125,0.9721608484312859,0.9724444444444444,0.985883934573157,0.9860297431275349,0.0002835960131585269,0.8561643835616438,0.8569794050343249,0.0008150214726810878,1.0,1.0,0.0,1.0,1.0,1.0,1.0,0.9252669039145908,0.9269162210338681,0.0016493171192772937,1.0,1.0,0.0,1.0,1.0,1.0,1.0,0.9535361842105263,0.9583505154639175,0.004814331253391146,1.0,1.0,0.0,1.0,1.0,1.0,1.0,8.60353774199919
000066,inclusion,0,0.0,NA,NA,NA,NA,NA,NA,NA,NA,NA,NA,NA,NA,NA,NA,NA,NA,NA,NA,NA,NA,NA,NA,NA,NA,NA,NA,NA,NA,NA,NA,NA,NA,NA,NA,NA,
000066,patches,0,0.0,NA,NA,NA,NA,NA,NA,NA,NA,NA,NA,NA,NA,NA,NA,NA,NA,NA,NA,NA,NA,NA,NA,NA,NA,NA,NA,NA,NA,NA,NA,NA,NA,NA,NA,NA,
000067,crazing,1290,0.03225,0.953662182361734,0.9429206819866568,0.9762815608263198,0.9706219000381534,-0.010741500375077151,0.857487922705314,0.8187203791469194,-0.038767543558394624,0.9986357435197818,0.9973045822102425,-0.0013311613095392527,1.0,0.997275204359673,0.9946236559139785,1.0,0.9269377382465057,0.9065244667503137,-0.020413271496191987,1.0,1.0,0.0,1.0,1.0,1.0,1.0,0.9516930022573363,0.939883355764917,-0.011809646492419335,1.0,1.0,0.0,1.0,1.0,1.0,1.0,10.21812495125108
000067,inclusion,0,0.0,NA,NA,NA,NA,NA,NA,NA,NA,NA,NA,NA,NA,NA,NA,NA,NA,NA,NA,NA,NA,NA,NA,NA,NA,NA,NA,NA,NA,NA,NA,NA,NA,NA,NA,NA,
000067,patches,0,0.0,NA,NA,NA,NA,NA,NA,NA,NA,NA,NA,NA,NA,NA,NA,NA,NA,NA,NA,NA,NA,NA,NA,NA,NA,NA,NA,NA,NA,NA,NA,NA,NA,NA,NA,NA,
000068,crazing,323,0.008075,0.9408284023668639,0.9135446685878963,0.9695121951219512,0.9548192771084337,-0.027283733778967645,0.9045092838196287,0.8597402597402597,-0.044769024079369,1.0,1.0,0.0,1.0,1.0,1.0,1.0,0.9507735583684951,0.9330543933054394,-0.01771916506305571,1.0,1.0,0.0,1.0,1.0,1.0,1.0,0.9667359667359667,0.9616580310880829,-0.0050779356478838356,1.0,1.0,0.0,1.0,1.0,1.0,1.0,9.292128564046775
000068,inclusion,0,0.0,NA,NA,NA,NA,NA,NA,NA,NA,NA,NA,NA,NA,NA,NA,NA,NA,NA,NA,NA,NA,NA,NA,NA,NA,NA,NA,NA,NA,NA,NA,NA,NA,NA,NA,NA,
000068,patches,0,0.0,NA,NA,NA,NA,NA,NA,NA,NA,NA,NA,NA,NA,NA,NA,NA,NA,NA,NA,NA,NA,NA,NA,NA,NA,NA,NA,NA,NA,NA,NA,NA,NA,NA,NA,NA,
000069,crazing,762,0.01905,0.9461538461538461,0.9510050251256281,0.9723320158102767,0.9748873148744366,0.004851178971782,0.8611544461778471,0.8748043818466353,0.013649935668788249,1.0,1.0,0.0,1.0,1.0,1.0,1.0,0.9244663382594417,0.9384236453201971,0.013957307060755375,1.0,1.0,0.0,1.0,1.0,1.0,1.0,0.9429569266589057,0.9604651162790697,0.017508189620163983,1.0,1.0,0.0,1.0,1.0,1.0,1.0,10.360686850831724
000069,inclusion,0,0.0,NA,NA,NA,NA,NA,NA,NA,NA,NA,NA,NA,NA,NA,NA,NA,NA,NA,NA,NA,NA,NA,NA,NA,NA,NA,NA,NA,NA,NA,NA,NA,NA,NA,NA,NA,
000069,patches,0,0.0,NA,NA,NA,NA,NA,NA,NA,NA,NA,NA,NA,NA,NA,NA,NA,NA,NA,NA,NA,NA,NA,NA,NA,NA,NA,NA,NA,NA,NA,NA,NA,NA,NA,NA,NA,
000070,crazing,353,0.008825,0.9312169312169312,0.904639175257732,0.9643835616438357,0.9499323410013532,-0.0265777559591992,0.8372881355932204,0.7654723127035831,-0.07181582288963728,0.9961977186311787,1.0,0.0038022813688213253,0.9924242424242424,1.0,1.0,1.0,0.9244604316546763,0.8756567425569177,-0.04880368909775856,1.0,1.0,0.0,1.0,1.0,1.0,1.0,0.9629156010230179,0.92125,-0.04166560102301786,1.0,1.0,0.0,1.0,1.0,1.0,1.0,6.919201840360543
000070,inclusion,0,0.0,NA,NA,NA,NA,NA,NA,NA,NA,NA,NA,NA,NA,NA,NA,NA,NA,NA,NA,NA,NA,NA,NA,NA,NA,NA,NA,NA,NA,NA,NA,NA,NA,NA,NA,NA,
000070,patches,0,0.0,NA,NA,NA,NA,NA,NA,NA,NA,NA,NA,NA,NA,NA,NA,NA,NA,NA,NA,NA,NA,NA,NA,NA,NA,NA,NA,NA,NA,NA,NA,NA,NA,NA,NA,NA,
000071,crazing,1449,0.036225,0.9521594684385382,0.9585284280936455,0.9754935330156569,0.9788251366120219,0.006368959655107309,0.7973950795947902,0.8235294117647058,0.026134332169915675,0.9983416252072967,1.0,0.0016583747927032544,1.0,0.9966887417218543,1.0,1.0,0.8888036809815951,0.9074650077760498,0.018661326794454647,1.0,1.0,0.0,1.0,1.0,1.0,1.0,0.9232,0.9374325782092773,0.014232578209277258,1.0,1.0,0.0,1.0,1.0,1.0,1.0,7.93364475614028
000071,inclusion,0,0.0,NA,NA,NA,NA,NA,NA,NA,NA,NA,NA,NA,NA,NA,NA,NA,NA,NA,NA,NA,NA,NA,NA,NA,NA,NA,NA,NA,NA,NA,NA,NA,NA,NA,NA,NA,
000071,patches,0,0.0,NA,NA,NA,NA,NA,NA,NA,NA,NA,NA,NA,NA,NA,NA,NA,NA,NA,NA,NA,NA,NA,NA,NA,NA,NA,NA,NA,NA,NA,NA,NA,NA,NA,NA,NA,
000072,crazing,529,0.013225,0.9529837251356239,0.9392857142857143,0.975925925925926,0.9686924493554327,-0.013698010849909625,0.8459214501510574,0.8,-0.04592145015105731,1.0,0.9934640522875817,-0.006535947712418277,1.0,1.0,0.987012987012987,1.0,0.9222222222222223,0.8894009216589862,-0.03282130056323607,1.0,1.0,0.0,1.0,1.0,1.0,1.0,0.94880174291939,0.9236479321314952,-0.025153810787894804,1.0,1.0,0.0,1.0,1.0,1.0,1.0,6.391304347826087
000072,inclusion,0,0.0,NA,NA,NA,NA,NA,NA,NA,NA,NA,NA,NA,NA,NA,NA,NA,NA,NA,NA,NA,NA,NA,NA,NA,NA,NA,NA,NA,NA,NA,NA,NA,NA,NA,NA,NA,
000072,patches,0,0.0,NA,NA,NA,NA,NA,NA,NA,NA,NA,NA,NA,NA,NA,NA,NA,NA,NA,NA,NA,NA,NA,NA,NA,NA,NA,NA,NA,NA,NA,NA,NA,NA,NA,NA,NA,
000073,crazing,1977,0.049425,0.9571776155717762,0.9562469615945551,0.9781203381402287,0.9776341948310139,-0.0009306539772210298,0.8070562293274531,0.8022099447513812,-0.004846284576071946,1.0,0.9987577639751554,-0.001242236024844634,1.0,1.0,1.0,0.9975186104218362,0.9011052937754508,0.8955659276546091,-0.0055393661208417155,1.0,1.0,0.0,1.0,1.0,1.0,1.0,0.935432443204464,0.9289137380191693,-0.0065187051852946265,1.0,1.0,0.0,1.0,1.0,1.0,1.0,9.063620467771909
000073,inclusion,0,0.0,NA,NA,NA,NA,NA,NA,NA,NA,NA,NA,NA,NA,NA,NA,NA,NA,NA,NA,NA,NA,NA,NA,NA,NA,NA,NA,NA,NA,NA,NA,NA,NA,NA,NA,NA,
000073,patches,0,0.0,NA,NA,NA,NA,NA,NA,NA,NA,NA,NA,NA,NA,NA,NA,NA,NA,NA,NA,NA,NA,NA,NA,NA,NA,NA,NA,NA,NA,NA,NA,NA,NA,NA,NA,NA,
000074,crazing,2857,0.071425,0.9456485495165055,0.960472972972973,0.9720651242502142,0.9798380148199207,0.014824423456467506,0.7963197969543148,0.8499673842139596,0.0536475872596448,0.9992790194664743,1.0,0.0007209805335256503,1.0,0.9985590778097982,1.0,1.0,0.8956081081081081,0.9250513347022588,0.029443226594150662,1.0,1.0,0.0,1.0,1.0,1.0,1.0,0.9320754716981132,0.9538205189240657,0.021745047225952496,1.0,1.0,0.0,1.0,1.0,1.0,1.0,12.983875733056466
000074,inclusion,0,0.0,NA,NA,NA,NA,NA,NA,NA,NA,NA,NA,NA,NA,NA,NA,NA,NA,NA,NA,NA,NA,NA,NA,NA,NA,NA,NA,NA,NA,NA,NA,NA,NA,NA,NA,NA,
000074,patches,0,0.0,NA,NA,NA,NA,NA,NA,NA,NA,NA,NA,NA,NA,NA,NA,NA,NA,NA,NA,NA,NA,NA,NA,NA,NA,NA,NA,NA,NA,NA,NA,NA,NA,NA,NA,NA,
000075,crazing,3138,0.07845,0.9635013918960718,0.9691492676846369,0.981411468178954,0.9843329640765944,0.005647875788565182,0.8335694050991501,0.8578607322325915,0.0242913271334414,0.9968454179945944,0.9992094861660079,0.002364068171413547,0.9968503937007874,0.9968404423380727,1.0,0.9984202211690363,0.917195076464006,0.9277424185698241,0.010547342105818092,1.0,1.0,0.0,1.0,1.0,1.0,1.0,0.9465433050629658,0.9544401544401544,0.007896849377188597,1.0,1.0,0.0,1.0,1.0,1.0,1.0,11.299968696550494
000075,inclusion,0,0.0,NA,NA,NA,NA,NA,NA,NA,NA,NA,NA,NA,NA,NA,NA,NA,NA,NA,NA,NA,NA,NA,NA,NA,NA,NA,NA,NA,NA,NA,NA,NA,NA,NA,NA,NA,
000075,patches,0,0.0,NA,NA,NA,NA,NA,NA,NA,NA,NA,NA,NA,NA,NA,NA,NA,NA,NA,NA,NA,NA,NA,NA,NA,NA,NA,NA,NA,NA,NA,NA,NA,NA,NA,NA,NA,
000076,crazing,3786,0.09465,0.9580366225839267,0.9625641025641025,0.9785686452786077,0.980925006532532,0.004527479980175775,0.8169556840077071,0.8152866242038217,-0.001669059803885431,0.9856093831603985,0.9942631213319948,0.008653738171596315,0.9913419913419913,0.9799426934097422,0.9971387696709585,0.9914040114613181,0.9026369168356998,0.9040268456375838,0.0013899288018840439,0.9935111751982697,0.9985652797704447,0.005054104572175033,1.0,0.9871060171919771,1.0,0.997134670487106,0.9376750700280112,0.9395910780669146,0.0019160080389033496,0.9971264367816092,1.0,0.002873563218390829,1.0,0.994269340974212,1.0,1.0,11.343971266682283
000076,inclusion,0,0.0,NA,NA,NA,NA,NA,NA,NA,NA,NA,NA,NA,NA,NA,NA,NA,NA,NA,NA,NA,NA,NA,NA,NA,NA,NA,NA,NA,NA,NA,NA,NA,NA,NA,NA,NA,
000076,patches,0,0.0,NA,NA,NA,NA,NA,NA,NA,NA,NA,NA,NA,NA,NA,NA,NA,NA,NA,NA,NA,NA,NA,NA,NA,NA,NA,NA,NA,NA,NA,NA,NA,NA,NA,NA,NA,
000077,crazing,2588,0.0647,0.9647808167853128,0.9666166541635409,0.9820747520976354,0.9830249856952127,0.0018358373782281223,0.802660753880266,0.8148558758314856,0.012195121951219523,0.9975247524752474,1.0,0.0024752475247525885,0.9950617283950617,1.0,1.0,1.0,0.9013914095583787,0.9101941747572816,0.008802765198902884,1.0,1.0,0.0,1.0,1.0,1.0,1.0,0.9319526627218935,0.9418752651675859,0.00992260244569243,1.0,1.0,0.0,1.0,1.0,1.0,1.0,7.823497283008977
000077,inclusion,0,0.0,NA,NA,NA,NA,NA,NA,NA,NA,NA,NA,NA,NA,NA,NA,NA,NA,NA,NA,NA,NA,NA,NA,NA,NA,NA,NA,NA,NA,NA,NA,NA,NA,NA,NA,NA,
000077,patches,0,0.0,NA,NA,NA,NA,NA,NA,NA,NA,NA,NA,NA,NA,NA,NA,NA,NA,NA,NA,NA,NA,NA,NA,NA,NA,NA,NA,NA,NA,NA,NA,NA,NA,NA,NA,NA,
000078,crazing,1310,0.03275,0.9527326440177253,0.9592894152479645,0.9757942511346445,0.9792217604835664,0.006556771230239233,0.814868804664723,0.841715976331361,0.02684717166663797,1.0,1.0,0.0,1.0,1.0,1.0,1.0,0.9039200614911607,0.9180201082753287,0.014100046784167986,1.0,1.0,0.0,1.0,1.0,1.0,1.0,0.9452418926103137,0.9478445981905269,0.0026027055802132493,1.0,1.0,0.0,1.0,1.0,1.0,1.0,8.371571304532395
000078,inclusion,0,0.0,NA,NA,NA,NA,NA,NA,NA,NA,NA,NA,NA,NA,NA,NA,NA,NA,NA,NA,NA,NA,NA,NA,NA,NA,NA,NA,NA,NA,NA,NA,NA,NA,NA,NA,NA,
000078,patches,0,0.0,NA,NA,NA,NA,NA,NA,NA,NA,NA,NA,NA,NA,NA,NA,NA,NA,NA,NA,NA,NA,NA,NA,NA,NA,NA,NA,NA,NA,NA,NA,NA,NA,NA,NA,NA,
000079,crazing,2620,0.0655,0.9467153284671533,0.9313795568263045,0.9726284214473191,0.9644707623982235,-0.015335771640848872,0.8214996682149966,0.762853470437018,-0.05864619777797864,0.99706734750207,1.0,0.002932652497929955,0.9970845481049563,0.9970501474926253,1.0,1.0,0.916904422253923,0.8872101194659171,-0.02969430278800589,1.0,1.0,0.0,1.0,1.0,1.0,1.0,0.95565988523735,0.9446742502585316,-0.010985634978818437,1.0,1.0,0.0,1.0,1.0,1.0,1.0,13.245826074539352
000079,inclusion,0,0.0,NA,NA,NA,NA,NA,NA,NA,NA,NA,NA,NA,NA,NA,NA,NA,NA,NA,NA,NA,NA,NA,NA,NA,NA,NA,NA,NA,NA,NA,NA,NA,NA,NA,NA,NA,
000079,patches,0,0.0,NA,NA,NA,NA,NA,NA,NA,NA,NA,NA,NA,NA,NA,NA,NA,NA,NA,NA,NA,NA,NA,NA,NA,NA,NA,NA,NA,NA,NA,NA,NA,NA,NA,NA,NA,
000080,crazing,4274,0.10685,0.9676094890510949,0.9657924743443558,0.9835381405054486,0.9825986078886311,-0.0018170147067391174,0.8127090301003345,0.8035832780358327,-0.009125752064501724,0.9969834087481146,0.9969834087481146,0.0,1.0,0.9939849624060151,1.0,0.9939849624060151,0.9006716154118063,0.8981318293972507,-0.002539786014555623,1.0,1.0,0.0,1.0,1.0,1.0,1.0,0.9335621475851924,0.9312622309197651,-0.002299916665427282,1.0,1.0,0.0,1.0,1.0,1.0,1.0,10.171953973395384
000080,inclusion,0,0.0,NA,NA,NA,NA,NA,NA,NA,NA,NA,NA,NA,NA,NA,NA,NA,NA,NA,NA,NA,NA,NA,NA,NA,NA,NA,NA,NA,NA,NA,NA,NA,NA,NA,NA,NA,
000080,patches,0,0.0,NA,NA,NA,NA,NA,NA,NA,NA,NA,NA,NA,NA,NA,NA,NA,NA,NA,NA,NA,NA,NA,NA,NA,NA,NA,NA,NA,NA,NA,NA,NA,NA,NA,NA,NA,
000081,crazing,4645,0.116125,0.9617065556711759,0.9700358725469508,0.9804795247188627,0.9847900599828621,0.008329316875774873,0.8191646191646191,0.8592964824120602,0.04013186324744111,1.0,1.0,0.0,1.0,1.0,1.0,1.0,0.9097998440343125,0.9265167364016736,0.01671689236736118,1.0,1.0,0.0,1.0,1.0,1.0,1.0,0.9446265938069217,0.954728002920774,0.010101409113852267,1.0,1.0,0.0,1.0,1.0,1.0,1.0,13.410758337316949
000081,inclusion,0,0.0,NA,NA,NA,NA,NA,NA,NA,NA,NA,NA,NA,NA,NA,NA,NA,NA,NA,NA,NA,NA,NA,NA,NA,NA,NA,NA,NA,NA,NA,NA,NA,NA,NA,NA,NA,
000081,patches,0,0.0,NA,NA,NA,NA,NA,NA,NA,NA,NA,NA,NA,NA,NA,NA,NA,NA,NA,NA,NA,NA,NA,NA,NA,NA,NA,NA,NA,NA,NA,NA,NA,NA,NA,NA,NA,
000082,crazing,1191,0.029775,0.9316575019638649,0.9515738498789347,0.9646197641317609,0.9751861042183623,0.0199163479150698,0.7503607503607503,0.8224582701062215,0.07209751974547118,1.0,1.0,0.0,1.0,1.0,1.0,1.0,0.8657874321179209,0.9101844426623897,0.04439701054446887,1.0,1.0,0.0,1.0,1.0,1.0,1.0,0.9088948787061994,0.9467554076539102,0.03786052894771075,1.0,1.0,0.0,1.0,1.0,1.0,1.0,8.548031920046235
000082,inclusion,0,0.0,NA,NA,NA,NA,NA,NA,NA,NA,NA,NA,NA,NA,NA,NA,NA,NA,NA,NA,NA,NA,NA,NA,NA,NA,NA,NA,NA,NA,NA,NA,NA,NA,NA,NA,NA,
000082,patches,0,0.0,NA,NA,NA,NA,NA,NA,NA,NA,NA,NA,NA,NA,NA,NA,NA,NA,NA,NA,NA,NA,NA,NA,NA,NA,NA,NA,NA,NA,NA,NA,NA,NA,NA,NA,NA,
000083,crazing,2397,0.059925,0.9398315282791817,0.9421686746987952,0.9689826302729528,0.9702233250620348,0.0023371464196134673,0.8151315789473684,0.8169848584595129,0.0018532795121444234,0.9941293710661084,0.9867082314606395,-0.007421139605468974,0.9955621301775148,0.9927007299270073,0.9985096870342772,0.9751824817518249,0.9161061946902654,0.9105058365758755,-0.0056003581143899694,0.9992695398100804,0.9926470588235294,-0.006622480986550938,1.0,0.9985401459854014,1.0,0.9854014598540146,0.9544640573036582,0.9473818646232439,-0.007082192680414323,1.0,0.9948642699926633,-0.005135730007336692,1.0,1.0,1.0,0.9897810218978103,13.991251214772044
000083,inclusion,0,0.0,NA,NA,NA,NA,NA,NA,NA,NA,NA,NA,NA,NA,NA,NA,NA,NA,NA,NA,NA,NA,NA,NA,NA,NA,NA,NA,NA,NA,NA,NA,NA,NA,NA,NA,NA,
000083,patches,0,0.0,NA,NA,NA,NA,NA,NA,NA,NA,NA,NA,NA,NA,NA,NA,NA,NA,NA,NA,NA,NA,NA,NA,NA,NA,NA,NA,NA,NA,NA,NA,NA,NA,NA,NA,NA,
000084,crazing,1989,0.049725,0.9371401151631478,0.9372325249643366,0.9675501610106515,0.96759941089838,9.2409801188853e-05,0.8174097664543525,0.8156228008444757,-0.0017869656098767894,0.9960031974420464,0.9935897435897436,-0.0024134538523027382,1.0,0.9920382165605095,1.0,0.9872611464968153,0.9093984962406015,0.9019388516032811,-0.007459644637320406,0.999203187250996,0.999203187250996,0.0,1.0,0.9984076433121019,1.0,0.9984076433121019,0.9504577275175013,0.9428113308391235,-0.007646396678377854,1.0,1.0,0.0,1.0,1.0,1.0,1.0,14.081283820989475
000084,inclusion,0,0.0,NA,NA,NA,NA,NA,NA,NA,NA,NA,NA,NA,NA,NA,NA,NA,NA,NA,NA,NA,NA,NA,NA,NA,NA,NA,NA,NA,NA,NA,NA,NA,NA,NA,NA,NA,
000084,patches,0,0.0,NA,NA,NA,NA,NA,NA,NA,NA,NA,NA,NA,NA,NA,NA,NA,NA,NA,NA,NA,NA,NA,NA,NA,NA,NA,NA,NA,NA,NA,NA,NA,NA,NA,NA,NA,
000085,crazing,1625,0.040625,0.9341491841491841,0.9472748815165877,0.9659536004820729,0.9729236385762093,0.013125697367403544,0.8080808080808081,0.8503869303525365,0.042306122271728475,0.9980787544263537,0.9990356798457087,0.0009569254193549925,0.9980842911877394,0.9980732177263969,1.0,0.9980732177263969,0.9016979445933869,0.9255415162454874,0.023843571652100493,1.0,1.0,0.0,1.0,1.0,1.0,1.0,0.9390736711221636,0.9565081351689612,0.017434464046797604,1.0,1.0,0.0,1.0,1.0,1.0,1.0,12.874805450359839
000085,inclusion,0,0.0,NA,NA,NA,NA,NA,NA,NA,NA,NA,NA,NA,NA,NA,NA,NA,NA,NA,NA,NA,NA,NA,NA,NA,NA,NA,NA,NA,NA,NA,NA,NA,NA,NA,NA,NA,
000085,patches,0,0.0,NA,NA,NA,NA,NA,NA,NA,NA,NA,NA,NA,NA,NA,NA,NA,NA,NA,NA,NA,NA,NA,NA,NA,NA,NA,NA,NA,NA,NA,NA,NA,NA,NA,NA,NA,
000086,crazing,1478,0.03695,0.954337899543379,0.961133069828722,0.9766355140186916,0.98018139066174,0.006795170285343044,0.8498435870698644,0.8779193205944799,0.028075733524615454,0.9976798143851509,0.9976798143851509,0.0,1.0,0.9953703703703703,1.0,0.9953703703703703,0.9173014145810664,0.9351291918636614,0.017827777282594992,0.9988412514484357,0.9988412514484357,0.0,1.0,0.9976851851851852,1.0,0.9976851851851852,0.9451127819548872,0.9554043839758125,0.010291602020925272,1.0,1.0,0.0,1.0,1.0,1.0,1.0,11.236900357066508
000086,inclusion,0,0.0,NA,NA,NA,NA,NA,NA,NA,NA,NA,NA,NA,NA,NA,NA,NA,NA,NA,NA,NA,NA,NA,NA,NA,NA,NA,NA,NA,NA,NA,NA,NA,NA,NA,NA,NA,
000086,patches,0,0.0,NA,NA,NA,NA,NA,NA,NA,NA,NA,NA,NA,NA,NA,NA,NA,NA,NA,NA,NA,NA,NA,NA,NA,NA,NA,NA,NA,NA,NA,NA,NA,NA,NA,NA,NA,
000087,crazing,1697,0.042425,0.949238578680203,0.9487900956668542,0.9739583333333334,0.973722206179613,-0.00044848301334876606,0.8596918085969181,0.8588709677419355,-0.0008208408549825741,1.0,0.9991031390134528,-0.0008968609865471766,1.0,1.0,0.9982078853046595,1.0,0.9274501484938481,0.9286317567567568,0.0011816082629086955,1.0,1.0,0.0,1.0,1.0,1.0,1.0,0.957037037037037,0.9575346505455617,0.0004976135085247302,1.0,1.0,0.0,1.0,1.0,1.0,1.0,13.424070062460139
000087,inclusion,0,0.0,NA,NA,NA,NA,NA,NA,NA,NA,NA,NA,NA,NA,NA,NA,NA,NA,NA,NA,NA,NA,NA,NA,NA,NA,NA,NA,NA,NA,NA,NA,NA,NA,NA,NA,NA,
000087,patches,0,0.0,NA,NA,NA,NA,NA,NA,NA,NA,NA,NA,NA,NA,NA,NA,NA,NA,NA,NA,NA,NA,NA,NA,NA,NA,NA,NA,NA,NA,NA,NA,NA,NA,NA,NA,NA,
000088,crazing,459,0.011475,0.9041916167664671,0.850187265917603,0.949685534591195,0.9190283400809717,-0.054004350848864124,0.8190854870775348,0.7119266055045872,-0.10715888157294762,0.9954435975768698,0.9867519415258109,-0.008691656051058927,0.9954954954954955,0.9953917050691244,0.9782608695652174,0.9953917050691244,0.9097744360902256,0.8548057259713702,-0.0549687101188554,1.0,0.9978213507625272,-0.002178649237472796,1.0,1.0,0.9956521739130435,1.0,0.937844217151849,0.904833836858006,-0.033010380293842956,1.0,1.0,0.0,1.0,1.0,1.0,1.0,10.128692607802604
000088,inclusion,0,0.0,NA,NA,NA,NA,NA,NA,NA,NA,NA,NA,NA,NA,NA,NA,NA,NA,NA,NA,NA,NA,NA,NA,NA,NA,NA,NA,NA,NA,NA,NA,NA,NA,NA,NA,NA,
000088,patches,0,0.0,NA,NA,NA,NA,NA,NA,NA,NA,NA,NA,NA,NA,NA,NA,NA,NA,NA,NA,NA,NA,NA,NA,NA,NA,NA,NA,NA,NA,NA,NA,NA,NA,NA,NA,NA,
000089,crazing,217,0.005425,0.9137931034482759,0.8760330578512396,0.954954954954955,0.933920704845815,-0.037760045597036274,0.8361344537815126,0.7609561752988048,-0.07517827848270786,1.0,0.9953488372093023,-0.0046511627906976605,1.0,1.0,0.9907407407407407,1.0,0.927765237020316,0.8881578947368421,-0.039607342283473845,1.0,1.0,0.0,1.0,1.0,1.0,1.0,0.9470198675496688,0.917741935483871,-0.029277932065797874,1.0,1.0,0.0,1.0,1.0,1.0,1.0,7.059980026342159
000089,inclusion,0,0.0,NA,NA,NA,NA,NA,NA,NA,NA,NA,NA,NA,NA,NA,NA,NA,NA,NA,NA,NA,NA,NA,NA,NA,NA,NA,NA,NA,NA,NA,NA,NA,NA,NA,NA,NA,
000089,patches,0,0.0,NA,NA,NA,NA,NA,NA,NA,NA,NA,NA,NA,NA,NA,NA,NA,NA,NA,NA,NA,NA,NA,NA,NA,NA,NA,NA,NA,NA,NA,NA,NA,NA,NA,NA,NA,
000090,crazing,612,0.0153,0.9567307692307693,0.9440124416796267,0.9778869778869779,0.9712,-0.01271832755114255,0.8912621359223301,0.8702290076335878,-0.021033128288742264,1.0,1.0,0.0,1.0,1.0,1.0,1.0,0.9442755825734549,0.9368104312938816,-0.007465151279573257,1.0,1.0,0.0,1.0,1.0,1.0,1.0,0.9600580973129993,0.9611790079079798,0.0011209105949805398,1.0,1.0,0.0,1.0,1.0,1.0,1.0,9.49931198058971
000090,inclusion,0,0.0,NA,NA,NA,NA,NA,NA,NA,NA,NA,NA,NA,NA,NA,NA,NA,NA,NA,NA,NA,NA,NA,NA,NA,NA,NA,NA,NA,NA,NA,NA,NA,NA,NA,NA,NA,
000090,patches,0,0.0,NA,NA,NA,NA,NA,NA,NA,NA,NA,NA,NA,NA,NA,NA,NA,NA,NA,NA,NA,NA,NA,NA,NA,NA,NA,NA,NA,NA,NA,NA,NA,NA,NA,NA,NA,
000091,crazing,453,0.011325,0.9092783505154639,0.8931451612903226,0.9524838012958964,0.9435569755058573,-0.016133189225141287,0.8230277185501066,0.7800829875518672,-0.04294473099823937,0.9926769341403487,0.9854013721508644,-0.007275561989484314,0.9951219512195122,0.9902439024390244,0.9854368932038835,0.9853658536585366,0.9171461449942463,0.8896396396396397,-0.027506505354606636,1.0,1.0,0.0,1.0,1.0,1.0,1.0,0.9467554076539102,0.9240816326530612,-0.022673775000848995,1.0,1.0,0.0,1.0,1.0,1.0,1.0,9.631740207566262
000091,inclusion,0,0.0,NA,NA,NA,NA,NA,NA,NA,NA,NA,NA,NA,NA,NA,NA,NA,NA,NA,NA,NA,NA,NA,NA,NA,NA,NA,NA,NA,NA,NA,NA,NA,NA,NA,NA,NA,
000091,patches,0,0.0,NA,NA,NA,NA,NA,NA,NA,NA,NA,NA,NA,NA,NA,NA,NA,NA,NA,NA,NA,NA,NA,NA,NA,NA,NA,NA,NA,NA,NA,NA,NA,NA,NA,NA,NA,
000092,crazing,1239,0.030975,0.9422632794457275,0.9577464788732394,0.9702734839476813,0.9784172661870504,0.015483199427511862,0.8463136033229491,0.8856837606837606,0.03937015736081151,1.0,1.0,0.0,1.0,1.0,1.0,1.0,0.9237102085620198,0.9423614997202014,0.01865129115818165,1.0,1.0,0.0,1.0,1.0,1.0,1.0,0.9515224358974359,0.9666259666259667,0.015103530728530767,1.0,1.0,0.0,1.0,1.0,1.0,1.0,12.244515828619782
000092,inclusion,0,0.0,NA,NA,NA,NA,NA,NA,NA,NA,NA,NA,NA,NA,NA,NA,NA,NA,NA,NA,NA,NA,NA,NA,NA,NA,NA,NA,NA,NA,NA,NA,NA,NA,NA,NA,NA,
000092,patches,0,0.0,NA,NA,NA,NA,NA,NA,NA,NA,NA,NA,NA,NA,NA,NA,NA,NA,NA,NA,NA,NA,NA,NA,NA,NA,NA,NA,NA,NA,NA,NA,NA,NA,NA,NA,NA,
000093,crazing,1454,0.03635,0.9238709677419354,0.9438573315719947,0.960429242119383,0.9711179068977234,0.01998636383005925,0.8072,0.861271676300578,0.054071676300577964,0.995417048579285,0.9981718464351006,0.0027547978558155606,1.0,0.9908759124087592,1.0,0.9963503649635036,0.9010706638115632,0.9330122591943958,0.03194159538283259,1.0,1.0,0.0,1.0,1.0,1.0,1.0,0.9321197161369947,0.9538461538461539,0.021726437709159163,1.0,1.0,0.0,1.0,1.0,1.0,1.0,14.371376105620104
000093,inclusion,0,0.0,NA,NA,NA,NA,NA,NA,NA,NA,NA,NA,NA,NA,NA,NA,NA,NA,NA,NA,NA,NA,NA,NA,NA,NA,NA,NA,NA,NA,NA,NA,NA,NA,NA,NA,NA,
000093,patches,0,0.0,NA,NA,NA,NA,NA,NA,NA,NA,NA,NA,NA,NA,NA,NA,NA,NA,NA,NA,NA,NA,NA,NA,NA,NA,NA,NA,NA,NA,NA,NA,NA,NA,NA,NA,NA,
000094,crazing,2126,0.05315,0.9396243291592129,0.9454217410915652,0.9688724925063408,0.9719452817064688,0.005797411932352281,0.8285163776493256,0.8426527958387516,0.014136418189426014,0.9898843930635839,0.9898759413261385,-8.45173744534744e-06,0.9985422740524781,0.9813753581661891,0.9985250737463127,0.9813753581661891,0.9153819801301816,0.9192825112107623,0.003900531080580749,0.9927849927849928,0.9927849927849928,0.0,1.0,0.9856733524355301,1.0,0.9856733524355301,0.9486803519061584,0.9509443218052489,0.002263969899090501,0.9964054636951833,0.9978463747307967,0.0014409110356133903,1.0,0.9928366762177651,1.0,0.995702005730659,15.138184448941027
000094,inclusion,0,0.0,NA,NA,NA,NA,NA,NA,NA,NA,NA,NA,NA,NA,NA,NA,NA,NA,NA,NA,NA,NA,NA,NA,NA,NA,NA,NA,NA,NA,NA,NA,NA,NA,NA,NA,NA,
000094,patches,0,0.0,NA,NA,NA,NA,NA,NA,NA,NA,NA,NA,NA,NA,NA,NA,NA,NA,NA,NA,NA,NA,NA,NA,NA,NA,NA,NA,NA,NA,NA,NA,NA,NA,NA,NA,NA,
000095,crazing,1062,0.02655,0.935656836461126,0.9330357142857143,0.9667590027700831,0.9653579676674365,-0.002621122175411661,0.8410596026490066,0.8386740331491712,-0.0023855694998353716,1.0,0.996207283935207,-0.0037927160647930336,1.0,1.0,0.9949367088607595,0.9974811083123426,0.9254437869822485,0.9206161137440758,-0.004827673238172681,1.0,0.9987325728770595,-0.0012674271229404788,1.0,1.0,0.9974683544303797,1.0,0.9543515358361775,0.9539641943734015,-0.0003873414627759697,1.0,1.0,0.0,1.0,1.0,1.0,1.0,12.182270776854478
000095,inclusion,0,0.0,NA,NA,NA,NA,NA,NA,NA,NA,NA,NA,NA,NA,NA,NA,NA,NA,NA,NA,NA,NA,NA,NA,NA,NA,NA,NA,NA,NA,NA,NA,NA,NA,NA,NA,NA,
000095,patches,0,0.0,NA,NA,NA,NA,NA,NA,NA,NA,NA,NA,NA,NA,NA,NA,NA,NA,NA,NA,NA,NA,NA,NA,NA,NA,NA,NA,NA,NA,NA,NA,NA,NA,NA,NA,NA,
000096,crazing,996,0.0249,0.9438629876308278,0.9666666666666667,0.9711209006363192,0.9830508474576272,0.02280367903583891,0.7567567567567568,0.8498896247240618,0.09313286796730502,1.0,1.0,0.0,1.0,1.0,1.0,1.0,0.8697104677060133,0.9204152249134948,0.050704757207481466,1.0,1.0,0.0,1.0,1.0,1.0,1.0,0.9089517980107116,0.9435294117647058,0.03457761375399426,1.0,1.0,0.0,1.0,1.0,1.0,1.0,6.463987355349675
000096,inclusion,0,0.0,NA,NA,NA,NA,NA,NA,NA,NA,NA,NA,NA,NA,NA,NA,NA,NA,NA,NA,NA,NA,NA,NA,NA,NA,NA,NA,NA,NA,NA,NA,NA,NA,NA,NA,NA,
000096,patches,0,0.0,NA,NA,NA,NA,NA,NA,NA,NA,NA,NA,NA,NA,NA,NA,NA,NA,NA,NA,NA,NA,NA,NA,NA,NA,NA,NA,NA,NA,NA,NA,NA,NA,NA,NA,NA,
000097,crazing,879,0.021975,0.9567627494456763,0.946969696969697,0.9779036827195468,0.9727626459143969,-0.00979305247597928,0.8710743801652893,0.8432,-0.027874380165289314,1.0,1.0,0.0,1.0,1.0,1.0,1.0,0.9341991341991343,0.9207419898819561,-0.013457144317178149,1.0,1.0,0.0,1.0,1.0,1.0,1.0,0.9541892706449668,0.9510901591043017,-0.0030991115406651115,1.0,1.0,0.0,1.0,1.0,1.0,1.0,9.30924895149741
000097,inclusion,0,0.0,NA,NA,NA,NA,NA,NA,NA,NA,NA,NA,NA,NA,NA,NA,NA,NA,NA,NA,NA,NA,NA,NA,NA,NA,NA,NA,NA,NA,NA,NA,NA,NA,NA,NA,NA,
000097,patches,0,0.0,NA,NA,NA,NA,NA,NA,NA,NA,NA,NA,NA,NA,NA,NA,NA,NA,NA,NA,NA,NA,NA,NA,NA,NA,NA,NA,NA,NA,NA,NA,NA,NA,NA,NA,NA,
000098,crazing,10022,0.25055,0.9865957027399961,0.9907847800237812,0.9932526294899782,0.9953710616694043,0.0041890772837851475,0.7932359723289777,0.8522906793048973,0.059054706975919635,0.9931285805644624,0.995734408324935,0.002605827760472579,0.9948542024013722,0.9914089347079038,0.9949066213921901,0.9965635738831615,0.8896551724137931,0.9220032840722496,0.032348111658456524,1.0,1.0,0.0,1.0,1.0,1.0,1.0,0.9239280774550485,0.9459610027855153,0.022032925330466857,1.0,1.0,0.0,1.0,1.0,1.0,1.0,5.813608543971156
000098,inclusion,0,0.0,NA,NA,NA,NA,NA,NA,NA,NA,NA,NA,NA,NA,NA,NA,NA,NA,NA,NA,NA,NA,NA,NA,NA,NA,NA,NA,NA,NA,NA,NA,NA,NA,NA,NA,NA,
000098,patches,0,0.0,NA,NA,NA,NA,NA,NA,NA,NA,NA,NA,NA,NA,NA,NA,NA,NA,NA,NA,NA,NA,NA,NA,NA,NA,NA,NA,NA,NA,NA,NA,NA,NA,NA,NA,NA,
000099,crazing,9560,0.239,0.9835119538334708,0.9862432767894084,0.9916874480465503,0.9930739988543457,0.0027313229559375873,0.8072289156626506,0.841183574879227,0.033954659216576366,0.9933315507733499,1.0,0.006668449226650108,0.9986559139784946,0.9880636604774535,1.0,1.0,0.89697933227345,0.9190129705789307,0.022033638305480774,0.996005326231691,1.0,0.003994673768308976,1.0,0.9920424403183024,1.0,1.0,0.9286952752492414,0.9453175457481162,0.01662227049887477,0.9980066445182724,1.0,0.0019933554817276322,1.0,0.9960212201591512,1.0,1.0,7.711562801197957
000099,inclusion,0,0.0,NA,NA,NA,NA,NA,NA,NA,NA,NA,NA,NA,NA,NA,NA,NA,NA,NA,NA,NA,NA,NA,NA,NA,NA,NA,NA,NA,NA,NA,NA,NA,NA,NA,NA,NA,
000099,patches,0,0.0,NA,NA,NA,NA,NA,NA,NA,NA,NA,NA,NA,NA,NA,NA,NA,NA,NA,NA,NA,NA,NA,NA,NA,NA,NA,NA,NA,NA,NA,NA,NA,NA,NA,NA,NA,
000100,crazing,3846,0.09615,0.9589384076114171,0.9646375347309927,0.9790388548057259,0.9820005142710209,0.005699127119575542,0.8094951923076923,0.8306110102843315,0.021115817976639195,0.9979770734996629,1.0,0.0020229265003370855,0.9959623149394348,1.0,1.0,1.0,0.9039440203562341,0.9147311485841553,0.010787128227921161,1.0,1.0,0.0,1.0,1.0,1.0,1.0,0.9368306010928962,0.9451246174027109,0.008294016309814745,1.0,1.0,0.0,1.0,1.0,1.0,1.0,11.884005603480981
000100,inclusion,0,0.0,NA,NA,NA,NA,NA,NA,NA,NA,NA,NA,NA,NA,NA,NA,NA,NA,NA,NA,NA,NA,NA,NA,NA,NA,NA,NA,NA,NA,NA,NA,NA,NA,NA,NA,NA,
000100,patches,0,0.0,NA,NA,NA,NA,NA,NA,NA,NA,NA,NA,NA,NA,NA,NA,NA,NA,NA,NA,NA,NA,NA,NA,NA,NA,NA,NA,NA,NA,NA,NA,NA,NA,NA,NA,NA,
000101,crazing,4322,0.10805,0.9702702702702702,0.969683257918552,0.9849108367626886,0.9846083161038365,-0.000587012351718208,0.8291098115659519,0.8238747553816047,-0.005235056184347164,0.9985611033476117,0.999275887038378,0.0007147836907662741,0.9985693848354793,0.9985528219971056,1.0,0.9985528219971056,0.9106354060482501,0.9061433447098977,-0.004492061338352449,1.0,1.0,0.0,1.0,1.0,1.0,1.0,0.9407151095732411,0.936357324693358,-0.004357784879883142,1.0,1.0,0.0,1.0,1.0,1.0,1.0,10.510797427580266
000101,inclusion,0,0.0,NA,NA,NA,NA,NA,NA,NA,NA,NA,NA,NA,NA,NA,NA,NA,NA,NA,NA,NA,NA,NA,NA,NA,NA,NA,NA,NA,NA,NA,NA,NA,NA,NA,NA,NA,
000101,patches,0,0.0,NA,NA,NA,NA,NA,NA,NA,NA,NA,NA,NA,NA,NA,NA,NA,NA,NA,NA,NA,NA,NA,NA,NA,NA,NA,NA,NA,NA,NA,NA,NA,NA,NA,NA,NA,
000102,crazing,4044,0.1011,0.9624401913875598,0.9740731766416283,0.9808606607338779,0.9868663311648459,0.011632985254068529,0.7881471389645777,0.8488700564971752,0.06072291753259751,0.9922718572821494,1.0,0.007728142717850606,0.9923076923076923,0.9922360248447205,1.0,1.0,0.8885683375405697,0.919911829537105,0.0313434919965353,1.0,1.0,0.0,1.0,1.0,1.0,1.0,0.9258255298176442,0.9473421512353382,0.02151662141769395,1.0,1.0,0.0,1.0,1.0,1.0,1.0,10.126987965931267
000102,inclusion,0,0.0,NA,NA,NA,NA,NA,NA,NA,NA,NA,NA,NA,NA,NA,NA,NA,NA,NA,NA,NA,NA,NA,NA,NA,NA,NA,NA,NA,NA,NA,NA,NA,NA,NA,NA,NA,
000102,patches,0,0.0,NA,NA,NA,NA,NA,NA,NA,NA,NA,NA,NA,NA,NA,NA,NA,NA,NA,NA,NA,NA,NA,NA,NA,NA,NA,NA,NA,NA,NA,NA,NA,NA,NA,NA,NA,
000103,crazing,5842,0.14605,0.977291841883936,0.9778225806451613,0.9885155253083794,0.9887869520897044,0.0005307387612252246,0.8541436464088398,0.8538334252619967,-0.00031022114684309265,0.998805256869773,1.0,0.0011947431302270495,1.0,0.9976133651551312,1.0,1.0,0.9267800518881522,0.9233419465977606,-0.0034381052903915688,1.0,1.0,0.0,1.0,1.0,1.0,1.0,0.9511128775834659,0.9481803797468354,-0.00293249783663041,1.0,1.0,0.0,1.0,1.0,1.0,1.0,10.96385396671681
000103,inclusion,0,0.0,NA,NA,NA,NA,NA,NA,NA,NA,NA,NA,NA,NA,NA,NA,NA,NA,NA,NA,NA,NA,NA,NA,NA,NA,NA,NA,NA,NA,NA,NA,NA,NA,NA,NA,NA,
000103,patches,0,0.0,NA,NA,NA,NA,NA,NA,NA,NA,NA,NA,NA,NA,NA,NA,NA,NA,NA,NA,NA,NA,NA,NA,NA,NA,NA,NA,NA,NA,NA,NA,NA,NA,NA,NA,NA,
000104,crazing,4839,0.120975,0.9723064483525369,0.9657863145258103,0.9859587988111099,0.9825954198473282,-0.00652013382672656,0.84192037470726,0.8033256880733946,-0.03859468663386545,1.0,0.9967886643571502,-0.0032113356428498108,1.0,1.0,0.9974391805377721,0.9961389961389961,0.9174311926605505,0.895946763460375,-0.02148442920017546,1.0,1.0,0.0,1.0,1.0,1.0,1.0,0.9519190215099115,0.9363256784968684,-0.015593343013043048,1.0,1.0,0.0,1.0,1.0,1.0,1.0,11.16974369489056
000104,inclusion,0,0.0,NA,NA,NA,NA,NA,NA,NA,NA,NA,NA,NA,NA,NA,NA,NA,NA,NA,NA,NA,NA,NA,NA,NA,NA,NA,NA,NA,NA,NA,NA,NA,NA,NA,NA,NA,
000104,patches,0,0.0,NA,NA,NA,NA,NA,NA,NA,NA,NA,NA,NA,NA,NA,NA,NA,NA,NA,NA,NA,NA,NA,NA,NA,NA,NA,NA,NA,NA,NA,NA,NA,NA,NA,NA,NA,
000105,crazing,6787,0.169675,0.9564044305595002,0.9631428571428572,0.9777164839950643,0.981225440256149,0.006738426583356993,0.7799060354174195,0.814530850675429,0.03462481525800942,0.9942133838138513,0.9979415397282833,0.0037281559144319854,0.998320738874895,0.990139687756779,1.0,0.9958915365653246,0.8829107799496807,0.9032383168508823,0.020327536901201593,0.9995889847924373,1.0,0.0004110152075627038,1.0,0.9991783073130649,1.0,1.0,0.9210810810810811,0.9376012965964343,0.01652021551535321,1.0,1.0,0.0,1.0,1.0,1.0,1.0,14.772420234594147
000105,inclusion,0,0.0,NA,NA,NA,NA,NA,NA,NA,NA,NA,NA,NA,NA,NA,NA,NA,NA,NA,NA,NA,NA,NA,NA,NA,NA,NA,NA,NA,NA,NA,NA,NA,NA,NA,NA,NA,
000105,patches,0,0.0,NA,NA,NA,NA,NA,NA,NA,NA,NA,NA,NA,NA,NA,NA,NA,NA,NA,NA,NA,NA,NA,NA,NA,NA,NA,NA,NA,NA,NA,NA,NA,NA,NA,NA,NA,
000106,crazing,4877,0.121925,0.9744826200522403,0.9777732875328349,0.987076422102371,0.9887617490805067,0.003290667480594589,0.8529584065612185,0.8697454114860864,0.016787004924867954,1.0,1.0,0.0,1.0,1.0,1.0,1.0,0.9214133414559854,0.9328426862925483,0.011429344836562882,1.0,1.0,0.0,1.0,1.0,1.0,1.0,0.9466501240694789,0.956359102244389,0.009708978174910121,1.0,1.0,0.0,1.0,1.0,1.0,1.0,11.25501733513863
000106,inclusion,0,0.0,NA,NA,NA,NA,NA,NA,NA,NA,NA,NA,NA,NA,NA,NA,NA,NA,NA,NA,NA,NA,NA,NA,NA,NA,NA,NA,NA,NA,NA,NA,NA,NA,NA,NA,NA,
000106,patches,0,0.0,NA,NA,NA,NA,NA,NA,NA,NA,NA,NA,NA,NA,NA,NA,NA,NA,NA,NA,NA,NA,NA,NA,NA,NA,NA,NA,NA,NA,NA,NA,NA,NA,NA,NA,NA,
000107,crazing,651,0.016275,0.8967468175388967,0.9026798307475318,0.9455630126771066,0.9488510007412898,0.005933013208635041,0.7855029585798816,0.8062593144560357,0.020756355876154098,0.9915682967959528,0.9949579831932773,0.0033896863973245095,1.0,0.9832775919732442,1.0,0.9899665551839465,0.8998384491114702,0.910266774454325,0.010428325342854872,0.9949579831932773,1.0,0.005042016806722671,1.0,0.9899665551839465,1.0,1.0,0.9491421568627451,0.9618930547019053,0.01275089783916028,1.0,1.0,0.0,1.0,1.0,1.0,1.0,11.718733934960827
000107,inclusion,0,0.0,NA,NA,NA,NA,NA,NA,NA,NA,NA,NA,NA,NA,NA,NA,NA,NA,NA,NA,NA,NA,NA,NA,NA,NA,NA,NA,NA,NA,NA,NA,NA,NA,NA,NA,NA,
000107,patches,0,0.0,NA,NA,NA,NA,NA,NA,NA,NA,NA,NA,NA,NA,NA,NA,NA,NA,NA,NA,NA,NA,NA,NA,NA,NA,NA,NA,NA,NA,NA,NA,NA,NA,NA,NA,NA,
000108,crazing,2235,0.055875,0.9674054758800521,0.9674054758800521,0.9834327369118622,0.9834327369118622,0.0,0.8104325699745547,0.8087291399229781,-0.0017034300515765821,1.0,1.0,0.0,1.0,1.0,1.0,1.0,0.9003344481605351,0.902027027027027,0.0016925788664918784,1.0,1.0,0.0,1.0,1.0,1.0,1.0,0.932118451025057,0.9342830882352942,0.002164637210237186,1.0,1.0,0.0,1.0,1.0,1.0,1.0,7.339909599623742
000108,inclusion,0,0.0,NA,NA,NA,NA,NA,NA,NA,NA,NA,NA,NA,NA,NA,NA,NA,NA,NA,NA,NA,NA,NA,NA,NA,NA,NA,NA,NA,NA,NA,NA,NA,NA,NA,NA,NA,
000108,patches,0,0.0,NA,NA,NA,NA,NA,NA,NA,NA,NA,NA,NA,NA,NA,NA,NA,NA,NA,NA,NA,NA,NA,NA,NA,NA,NA,NA,NA,NA,NA,NA,NA,NA,NA,NA,NA,
000109,crazing,3977,0.099425,0.9657450452654759,0.9471544715447154,0.9825740602439632,0.9728601252609603,-0.01859057372076045,0.8351063829787234,0.7515563101301641,-0.08355007284855931,0.9986945169712794,0.9908666712413366,-0.007827845729942773,1.0,0.9973924380704041,0.9934810951760105,0.9882659713168188,0.9114197530864198,0.8673716012084592,-0.04404815187796052,1.0,0.9973856209150326,-0.002614379084967422,1.0,1.0,1.0,0.9947848761408083,0.93894250944188,0.909993792675357,-0.028948716766522997,1.0,0.9986945169712794,-0.0013054830287205776,1.0,1.0,1.0,0.9973924380704041,12.16235199849428
000109,inclusion,0,0.0,NA,NA,NA,NA,NA,NA,NA,NA,NA,NA,NA,NA,NA,NA,NA,NA,NA,NA,NA,NA,NA,NA,NA,NA,NA,NA,NA,NA,NA,NA,NA,NA,NA,NA,NA,
000109,patches,0,0.0,NA,NA,NA,NA,NA,NA,NA,NA,NA,NA,NA,NA,NA,NA,NA,NA,NA,NA,NA,NA,NA,NA,NA,NA,NA,NA,NA,NA,NA,NA,NA,NA,NA,NA,NA,
000110,crazing,2138,0.05345,0.9543215405284371,0.9598918431726002,0.9766269477543538,0.9795355254081398,0.005570302644163139,0.7603795966785291,0.7851941747572816,0.024814578078752536,0.9958391123439667,0.9972299168975068,0.0013908045535401259,1.0,0.9917127071823204,1.0,0.994475138121547,0.874841168996188,0.8949416342412452,0.020100465245057153,0.9972299168975068,1.0,0.0027700831024931594,1.0,0.994475138121547,1.0,1.0,0.9190497140343159,0.9376122082585279,0.018562494224211967,1.0,1.0,0.0,1.0,1.0,1.0,1.0,7.828971644254958
000110,inclusion,0,0.0,NA,NA,NA,NA,NA,NA,NA,NA,NA,NA,NA,NA,NA,NA,NA,NA,NA,NA,NA,NA,NA,NA,NA,NA,NA,NA,NA,NA,NA,NA,NA,NA,NA,NA,NA,
000110,patches,0,0.0,NA,NA,NA,NA,NA,NA,NA,NA,NA,NA,NA,NA,NA,NA,NA,NA,NA,NA,NA,NA,NA,NA,NA,NA,NA,NA,NA,NA,NA,NA,NA,NA,NA,NA,NA,
000111,crazing,3744,0.0936,0.9596143824908807,0.9556410256410256,0.9793910384257413,0.9773174249377212,-0.003973356849855114,0.834920634920635,0.822884012539185,-0.01203662238144998,0.9994162288382954,0.9994175888177053,1.3599794098650975e-06,1.0,0.9988331388564761,0.9988358556461001,1.0,0.9161111111111111,0.9134270747173973,-0.00268403639371384,1.0,1.0,0.0,1.0,1.0,1.0,1.0,0.9499323410013532,0.9522893420546364,0.002357001053283292,1.0,1.0,0.0,1.0,1.0,1.0,1.0,14.005960651118642
000111,inclusion,0,0.0,NA,NA,NA,NA,NA,NA,NA,NA,NA,NA,NA,NA,NA,NA,NA,NA,NA,NA,NA,NA,NA,NA,NA,NA,NA,NA,NA,NA,NA,NA,NA,NA,NA,NA,NA,
000111,patches,0,0.0,NA,NA,NA,NA,NA,NA,NA,NA,NA,NA,NA,NA,NA,NA,NA,NA,NA,NA,NA,NA,NA,NA,NA,NA,NA,NA,NA,NA,NA,NA,NA,NA,NA,NA,NA,
000112,crazing,1418,0.03545,0.9541160593792173,0.9520594193112761,0.9765193370165746,0.975441023867174,-0.002056640067941151,0.8189189189189189,0.8093959731543624,-0.009522945764556479,1.0,1.0,0.0,1.0,1.0,1.0,1.0,0.9070262597586941,0.9051663128096249,-0.0018599469490692133,1.0,1.0,0.0,1.0,1.0,1.0,1.0,0.9423170140571983,0.9414893617021277,-0.0008276523550705406,1.0,1.0,0.0,1.0,1.0,1.0,1.0,8.896244116446423
000112,inclusion,0,0.0,NA,NA,NA,NA,NA,NA,NA,NA,NA,NA,NA,NA,NA,NA,NA,NA,NA,NA,NA,NA,NA,NA,NA,NA,NA,NA,NA,NA,NA,NA,NA,NA,NA,NA,NA,
000112,patches,0,0.0,NA,NA,NA,NA,NA,NA,NA,NA,NA,NA,NA,NA,NA,NA,NA,NA,NA,NA,NA,NA,NA,NA,NA,NA,NA,NA,NA,NA,NA,NA,NA,NA,NA,NA,NA,
000113,crazing,4711,0.117775,0.9703565505804311,0.9661227019210907,0.9849552866912151,0.982769489388527,-0.0042338486593404,0.8612745098039216,0.8396317829457365,-0.021642726858185135,0.9989275988171927,0.9978580874916804,-0.0010695113255123623,0.9989316239316239,0.9989235737351991,0.9967948717948718,0.9989235737351991,0.9270594236164243,0.9119433198380567,-0.015116103778367695,1.0,1.0,0.0,1.0,1.0,1.0,1.0,0.9517589690003483,0.9409114538208283,-0.010847515179519984,1.0,1.0,0.0,1.0,1.0,1.0,1.0,13.535028104070063
000113,inclusion,0,0.0,NA,NA,NA,NA,NA,NA,NA,NA,NA,NA,NA,NA,NA,NA,NA,NA,NA,NA,NA,NA,NA,NA,NA,NA,NA,NA,NA,NA,NA,NA,NA,NA,NA,NA,NA,
000113,patches,0,0.0,NA,NA,NA,NA,NA,NA,NA,NA,NA,NA,NA,NA,NA,NA,NA,NA,NA,NA,NA,NA,NA,NA,NA,NA,NA,NA,NA,NA,NA,NA,NA,NA,NA,NA,NA,
000114,crazing,2588,0.0647,0.9734748010610079,0.9745634016704632,0.9865591397849462,0.987117861949625,0.0010886006094552592,0.8768821966341895,0.8830823737821081,0.00620017714791854,0.9990393852065321,0.9980879541108987,-0.0009514310956334482,0.9980806142034548,1.0,0.9961832061068703,1.0,0.9357503441945847,0.9377004122766834,0.0019500680820987437,1.0,1.0,0.0,1.0,1.0,1.0,1.0,0.9595576619273302,0.9587271581600504,-0.0008305037672797777,1.0,1.0,0.0,1.0,1.0,1.0,1.0,10.22165474161977
000114,inclusion,0,0.0,NA,NA,NA,NA,NA,NA,NA,NA,NA,NA,NA,NA,NA,NA,NA,NA,NA,NA,NA,NA,NA,NA,NA,NA,NA,NA,NA,NA,NA,NA,NA,NA,NA,NA,NA,
000114,patches,0,0.0,NA,NA,NA,NA,NA,NA,NA,NA,NA,NA,NA,NA,NA,NA,NA,NA,NA,NA,NA,NA,NA,NA,NA,NA,NA,NA,NA,NA,NA,NA,NA,NA,NA,NA,NA,
000115,crazing,4335,0.108375,0.9615899955337204,0.9659726886053279,0.9804189435336976,0.9826918697335459,0.004382693071607546,0.8277289187790998,0.8471570161711007,0.01942809739200091,1.0,0.9994236311239193,-0.0005763688760807018,1.0,1.0,1.0,0.9988479262672811,0.9125102207686018,0.9228665207877462,0.010356300019144449,1.0,1.0,0.0,1.0,1.0,1.0,1.0,0.9467120181405896,0.9527052591751797,0.005993241034590091,1.0,1.0,0.0,1.0,1.0,1.0,1.0,13.183331547090344
000115,inclusion,0,0.0,NA,NA,NA,NA,NA,NA,NA,NA,NA,NA,NA,NA,NA,NA,NA,NA,NA,NA,NA,NA,NA,NA,NA,NA,NA,NA,NA,NA,NA,NA,NA,NA,NA,NA,NA,
000115,patches,0,0.0,NA,NA,NA,NA,NA,NA,NA,NA,NA,NA,NA,NA,NA,NA,NA,NA,NA,NA,NA,NA,NA,NA,NA,NA,NA,NA,NA,NA,NA,NA,NA,NA,NA,NA,NA,
000116,crazing,3439,0.085975,0.9691218130311615,0.9638418079096045,0.9843188030499209,0.9815880322209436,-0.005280005121557019,0.8722255548890222,0.8486646884272997,-0.023560866461722507,0.9993485342019545,1.0,0.0006514657980455363,0.9986979166666666,1.0,1.0,1.0,0.9343088418430884,0.9210281820997213,-0.013280659743367118,1.0,1.0,0.0,1.0,1.0,1.0,1.0,0.9582441113490364,0.9481434058898848,-0.010100705459151649,1.0,1.0,0.0,1.0,1.0,1.0,1.0,13.027985624084154
000116,inclusion,0,0.0,NA,NA,NA,NA,NA,NA,NA,NA,NA,NA,NA,NA,NA,NA,NA,NA,NA,NA,NA,NA,NA,NA,NA,NA,NA,NA,NA,NA,NA,NA,NA,NA,NA,NA,NA,
000116,patches,0,0.0,NA,NA,NA,NA,NA,NA,NA,NA,NA,NA,NA,NA,NA,NA,NA,NA,NA,NA,NA,NA,NA,NA,NA,NA,NA,NA,NA,NA,NA,NA,NA,NA,NA,NA,NA,
000117,crazing,2511,0.062775,0.9618528610354223,0.9752650176678446,0.9805555555555555,0.9874776386404294,0.013412156632422234,0.8310991957104558,0.889196675900277,0.05809748018982119,1.0,0.9980000000000001,-0.0019999999999998908,1.0,1.0,1.0,0.9960079840319361,0.9131455399061033,0.9408679065331426,0.027722366627039308,1.0,1.0,0.0,1.0,1.0,1.0,1.0,0.9439403758911212,0.9633507853403142,0.019410409449192922,1.0,1.0,0.0,1.0,1.0,1.0,1.0,9.99802847949047
000117,inclusion,0,0.0,NA,NA,NA,NA,NA,NA,NA,NA,NA,NA,NA,NA,NA,NA,NA,NA,NA,NA,NA,NA,NA,NA,NA,NA,NA,NA,NA,NA,NA,NA,NA,NA,NA,NA,NA,
000117,patches,0,0.0,NA,NA,NA,NA,NA,NA,NA,NA,NA,NA,NA,NA,NA,NA,NA,NA,NA,NA,NA,NA,NA,NA,NA,NA,NA,NA,NA,NA,NA,NA,NA,NA,NA,NA,NA,
000118,crazing,1815,0.045375,0.9471737982039091,0.9359041167274622,0.9728703201302225,0.9668909825033647,-0.011269681476446913,0.8351020408163266,0.8117457763475463,-0.023356264468780252,0.995433789954338,0.9890460168483898,-0.00638777310594818,1.0,0.990909090909091,0.9908256880733946,0.9872727272727273,0.9237176676896098,0.9190726159230096,-0.004645051766600239,0.9990900818926297,0.9990900818926297,0.0,1.0,0.9981818181818182,1.0,0.9981818181818182,0.9527027027027027,0.9533169533169533,0.0006142506142505777,1.0,1.0,0.0,1.0,1.0,1.0,1.0,12.909944487358056
000118,inclusion,0,0.0,NA,NA,NA,NA,NA,NA,NA,NA,NA,NA,NA,NA,NA,NA,NA,NA,NA,NA,NA,NA,NA,NA,NA,NA,NA,NA,NA,NA,NA,NA,NA,NA,NA,NA,NA,
000118,patches,0,0.0,NA,NA,NA,NA,NA,NA,NA,NA,NA,NA,NA,NA,NA,NA,NA,NA,NA,NA,NA,NA,NA,NA,NA,NA,NA,NA,NA,NA,NA,NA,NA,NA,NA,NA,NA,
000119,crazing,3887,0.097175,0.9691342534504391,0.9693467336683417,0.9843252198292342,0.9844348047971422,0.00021248021790254423,0.8661894273127754,0.8696132596685083,0.0034238323557329586,1.0,0.9987937273823884,-0.0012062726176116367,1.0,1.0,1.0,0.9975903614457832,0.9337938975244675,0.9340247767214059,0.00023087919693842718,1.0,1.0,0.0,1.0,1.0,1.0,1.0,0.9567987258610392,0.9581589958158996,0.0013602699548603825,1.0,1.0,0.0,1.0,1.0,1.0,1.0,13.31284335902862
000119,inclusion,0,0.0,NA,NA,NA,NA,NA,NA,NA,NA,NA,NA,NA,NA,NA,NA,NA,NA,NA,NA,NA,NA,NA,NA,NA,NA,NA,NA,NA,NA,NA,NA,NA,NA,NA,NA,NA,
000119,patches,0,0.0,NA,NA,NA,NA,NA,NA,NA,NA,NA,NA,NA,NA,NA,NA,NA,NA,NA,NA,NA,NA,NA,NA,NA,NA,NA,NA,NA,NA,NA,NA,NA,NA,NA,NA,NA,
000120,crazing,3238,0.08095,0.9582214264398687,0.9624173180998196,0.9786650411459921,0.9808487819825341,0.004195891659950823,0.8412520961430967,0.8622047244094488,0.020952628266352136,0.9968947578035546,1.0,0.003105242196445368,0.9987468671679198,0.995049504950495,1.0,1.0,0.9156378600823045,0.9331172657631114,0.01747940568080686,1.0,1.0,0.0,1.0,1.0,1.0,1.0,0.9429502852485737,0.9575683394532843,0.014618054204710629,1.0,1.0,0.0,1.0,1.0,1.0,1.0,14.199496289424445
000120,inclusion,0,0.0,NA,NA,NA,NA,NA,NA,NA,NA,NA,NA,NA,NA,NA,NA,NA,NA,NA,NA,NA,NA,NA,NA,NA,NA,NA,NA,NA,NA,NA,NA,NA,NA,NA,NA,NA,
000120,patches,0,0.0,NA,NA,NA,NA,NA,NA,NA,NA,NA,NA,NA,NA,NA,NA,NA,NA,NA,NA,NA,NA,NA,NA,NA,NA,NA,NA,NA,NA,NA,NA,NA,NA,NA,NA,NA,
000121,crazing,3127,0.078175,0.9722741433021806,0.9829545454545454,0.9859421892276101,0.9914040114613181,0.010680402152364765,0.8184679958027282,0.8864628820960698,0.0679948862933416,1.0,1.0,0.0,1.0,1.0,1.0,1.0,0.9060773480662984,0.9429055963821368,0.03682824831583842,1.0,1.0,0.0,1.0,1.0,1.0,1.0,0.9378296910324039,0.9632324779777863,0.02540278694538245,1.0,1.0,0.0,1.0,1.0,1.0,1.0,7.689613559842405
000121,inclusion,0,0.0,NA,NA,NA,NA,NA,NA,NA,NA,NA,NA,NA,NA,NA,NA,NA,NA,NA,NA,NA,NA,NA,NA,NA,NA,NA,NA,NA,NA,NA,NA,NA,NA,NA,NA,NA,
000121,patches,0,0.0,NA,NA,NA,NA,NA,NA,NA,NA,NA,NA,NA,NA,NA,NA,NA,NA,NA,NA,NA,NA,NA,NA,NA,NA,NA,NA,NA,NA,NA,NA,NA,NA,NA,NA,NA,
000122,crazing,5025,0.125625,0.9623552123552124,0.9636222910216719,0.9808165272995573,0.9814741821048483,0.0012670786664594758,0.8343168406718112,0.8364295423652016,0.0021127016933903953,0.9944134078212291,0.9969604863221885,0.0025470785009593655,1.0,0.9888888888888889,1.0,0.9939393939393939,0.9155672823218998,0.9151123864179819,-0.0004548959039178957,0.9979757085020243,0.9989888776541962,0.0010131691521718666,1.0,0.9959595959595959,1.0,0.997979797979798,0.949249704940145,0.9494032610522777,0.00015355611213263565,1.0,1.0,0.0,1.0,1.0,1.0,1.0,13.965843194000245
000122,inclusion,0,0.0,NA,NA,NA,NA,NA,NA,NA,NA,NA,NA,NA,NA,NA,NA,NA,NA,NA,NA,NA,NA,NA,NA,NA,NA,NA,NA,NA,NA,NA,NA,NA,NA,NA,NA,NA,
000122,patches,0,0.0,NA,NA,NA,NA,NA,NA,NA,NA,NA,NA,NA,NA,NA,NA,NA,NA,NA,NA,NA,NA,NA,NA,NA,NA,NA,NA,NA,NA,NA,NA,NA,NA,NA,NA,NA,
000123,crazing,1477,0.036925,0.9001859888406696,0.9268762026940346,0.9474714518760196,0.9620505992010653,0.026690213853365008,0.7309377738825592,0.7952684258416742,0.06433065195911503,0.9800973317670749,0.996832101372756,0.0167347696056811,0.98125,0.9789473684210527,1.0,0.9936842105263158,0.8697148475909537,0.9092731829573935,0.03955833536643971,0.9968519353667793,1.0,0.003148064633220704,0.9979166666666667,0.9957894736842106,1.0,1.0,0.9118070554355652,0.9480043939948737,0.03619733855930851,1.0,1.0,0.0,1.0,1.0,1.0,1.0,12.359570012218589
000123,inclusion,0,0.0,NA,NA,NA,NA,NA,NA,NA,NA,NA,NA,NA,NA,NA,NA,NA,NA,NA,NA,NA,NA,NA,NA,NA,NA,NA,NA,NA,NA,NA,NA,NA,NA,NA,NA,NA,
000123,patches,0,0.0,NA,NA,NA,NA,NA,NA,NA,NA,NA,NA,NA,NA,NA,NA,NA,NA,NA,NA,NA,NA,NA,NA,NA,NA,NA,NA,NA,NA,NA,NA,NA,NA,NA,NA,NA,
000124,crazing,1711,0.042775,0.9579784213515048,0.9437639198218263,0.978538283062645,0.9710684617588083,-0.014214501529678514,0.8843797856049005,0.8490990990990991,-0.035280686505801406,0.9957877000842459,0.9957877000842459,0.0,1.0,0.9916107382550335,1.0,0.9916107382550335,0.9404952076677316,0.9257503949447078,-0.014744812723023859,0.9983193277310924,0.9991603694374475,0.0008410417063550168,1.0,0.9966442953020134,1.0,0.9983221476510067,0.9609660207806796,0.9501809073197884,-0.010785113460891171,1.0,1.0,0.0,1.0,1.0,1.0,1.0,14.408582415485768
000124,inclusion,0,0.0,NA,NA,NA,NA,NA,NA,NA,NA,NA,NA,NA,NA,NA,NA,NA,NA,NA,NA,NA,NA,NA,NA,NA,NA,NA,NA,NA,NA,NA,NA,NA,NA,NA,NA,NA,
000124,patches,0,0.0,NA,NA,NA,NA,NA,NA,NA,NA,NA,NA,NA,NA,NA,NA,NA,NA,NA,NA,NA,NA,NA,NA,NA,NA,NA,NA,NA,NA,NA,NA,NA,NA,NA,NA,NA,
000125,crazing,635,0.015875,0.9118942731277533,0.9156976744186046,0.9539170506912442,0.9559939301972686,0.003803401290851327,0.7993138936535163,0.8072289156626506,0.007915022009134298,0.9859549646430085,0.9939148073022313,0.007959842659222782,0.9880478087649402,0.9838709677419355,1.0,0.9879032258064516,0.8894009216589862,0.9021237303785781,0.01272280871959186,1.0,1.0,0.0,1.0,1.0,1.0,1.0,0.9273670557717251,0.9402597402597402,0.012892684488015171,1.0,1.0,0.0,1.0,1.0,1.0,1.0,9.84157979764356
000125,inclusion,0,0.0,NA,NA,NA,NA,NA,NA,NA,NA,NA,NA,NA,NA,NA,NA,NA,NA,NA,NA,NA,NA,NA,NA,NA,NA,NA,NA,NA,NA,NA,NA,NA,NA,NA,NA,NA,
000125,patches,0,0.0,NA,NA,NA,NA,NA,NA,NA,NA,NA,NA,NA,NA,NA,NA,NA,NA,NA,NA,NA,NA,NA,NA,NA,NA,NA,NA,NA,NA,NA,NA,NA,NA,NA,NA,NA,
000126,crazing,343,0.008575,0.9222222222222223,0.925,0.9595375722543352,0.961038961038961,0.002777777777777768,0.8448275862068966,0.8510028653295129,0.006175279122616284,1.0,1.0,0.0,1.0,1.0,1.0,1.0,0.9258698940998488,0.9190404797601199,-0.006829414339728834,1.0,1.0,0.0,1.0,1.0,1.0,1.0,0.9665924276169265,0.9515418502202643,-0.015050577396662268,1.0,1.0,0.0,1.0,1.0,1.0,1.0,8.315218406202998
000126,inclusion,0,0.0,NA,NA,NA,NA,NA,NA,NA,NA,NA,NA,NA,NA,NA,NA,NA,NA,NA,NA,NA,NA,NA,NA,NA,NA,NA,NA,NA,NA,NA,NA,NA,NA,NA,NA,NA,
000126,patches,0,0.0,NA,NA,NA,NA,NA,NA,NA,NA,NA,NA,NA,NA,NA,NA,NA,NA,NA,NA,NA,NA,NA,NA,NA,NA,NA,NA,NA,NA,NA,NA,NA,NA,NA,NA,NA,
000127,crazing,1642,0.04105,0.9532983070636311,0.9639479905437353,0.9760908547519426,0.9816430935901294,0.0106496834801042,0.7694566813509545,0.8129713423831071,0.043514661032152624,0.9965986394557823,1.0,0.003401360544217691,1.0,0.9932203389830508,1.0,1.0,0.8778386844166014,0.9022257551669316,0.024387070750330198,1.0,1.0,0.0,1.0,1.0,1.0,1.0,0.9173819742489271,0.9354663774403471,0.018084403191420018,1.0,1.0,0.0,1.0,1.0,1.0,1.0,7.280068061948438
000127,inclusion,0,0.0,NA,NA,NA,NA,NA,NA,NA,NA,NA,NA,NA,NA,NA,NA,NA,NA,NA,NA,NA,NA,NA,NA,NA,NA,NA,NA,NA,NA,NA,NA,NA,NA,NA,NA,NA,
000127,patches,0,0.0,NA,NA,NA,NA,NA,NA,NA,NA,NA,NA,NA,NA,NA,NA,NA,NA,NA,NA,NA,NA,NA,NA,NA,NA,NA,NA,NA,NA,NA,NA,NA,NA,NA,NA,NA,
000128,crazing,1643,0.041075,0.959882005899705,0.9579193454120397,0.979530403371463,0.9785074626865672,-0.0019626604876652465,0.8260292164674635,0.8139841688654353,-0.01204504760202818,1.0,1.0,0.0,1.0,1.0,1.0,1.0,0.9093444909344491,0.9020833333333333,-0.007261157601115786,1.0,1.0,0.0,1.0,1.0,1.0,1.0,0.9405893536121673,0.9336807200378967,-0.006908633574270628,1.0,1.0,0.0,1.0,1.0,1.0,1.0,8.215338296332616
000128,inclusion,0,0.0,NA,NA,NA,NA,NA,NA,NA,NA,NA,NA,NA,NA,NA,NA,NA,NA,NA,NA,NA,NA,NA,NA,NA,NA,NA,NA,NA,NA,NA,NA,NA,NA,NA,NA,NA,
000128,patches,0,0.0,NA,NA,NA,NA,NA,NA,NA,NA,NA,NA,NA,NA,NA,NA,NA,NA,NA,NA,NA,NA,NA,NA,NA,NA,NA,NA,NA,NA,NA,NA,NA,NA,NA,NA,NA,
000129,crazing,1877,0.046925,0.9559426229508197,0.9526235354049923,0.9774751178627553,0.9757370206104878,-0.003319087545827326,0.8154180238870793,0.8002159827213823,-0.015202041165697011,1.0,1.0,0.0,1.0,1.0,1.0,1.0,0.902745995423341,0.896,-0.006745995423340978,1.0,1.0,0.0,1.0,1.0,1.0,1.0,0.9351815696993362,0.9323954669792888,-0.002786102720047423,1.0,1.0,0.0,1.0,1.0,1.0,1.0,9.371171745453804
000129,inclusion,0,0.0,NA,NA,NA,NA,NA,NA,NA,NA,NA,NA,NA,NA,NA,NA,NA,NA,NA,NA,NA,NA,NA,NA,NA,NA,NA,NA,NA,NA,NA,NA,NA,NA,NA,NA,NA,
000129,patches,0,0.0,NA,NA,NA,NA,NA,NA,NA,NA,NA,NA,NA,NA,NA,NA,NA,NA,NA,NA,NA,NA,NA,NA,NA,NA,NA,NA,NA,NA,NA,NA,NA,NA,NA,NA,NA,
000130,crazing,1410,0.03525,0.933378196500673,0.9414141414141414,0.9655412460842325,0.9698231009365245,0.008035944913468374,0.7987742594484167,0.8279022403258656,0.029127980877448834,0.9626113368398859,0.9816091954022987,0.018997858562412873,0.9975669099756691,0.9300225733634312,1.0,0.963882618510158,0.8786565547128927,0.9061488673139159,0.02749231260102314,0.9685681024447031,0.9851088201603665,0.016540717715663344,1.0,0.9390519187358917,1.0,0.9706546275395034,0.9094382881161636,0.9362186788154897,0.02678039069932614,0.9721577726218098,0.9897377423033067,0.017579969681496888,1.0,0.945823927765237,1.0,0.9796839729119639,11.797613654602461
000130,inclusion,0,0.0,NA,NA,NA,NA,NA,NA,NA,NA,NA,NA,NA,NA,NA,NA,NA,NA,NA,NA,NA,NA,NA,NA,NA,NA,NA,NA,NA,NA,NA,NA,NA,NA,NA,NA,NA,
000130,patches,0,0.0,NA,NA,NA,NA,NA,NA,NA,NA,NA,NA,NA,NA,NA,NA,NA,NA,NA,NA,NA,NA,NA,NA,NA,NA,NA,NA,NA,NA,NA,NA,NA,NA,NA,NA,NA,
000131,crazing,4863,0.121575,0.9738640932850824,0.9724249797242498,0.9867590140558159,0.9860197368421053,-0.0014391135608325945,0.8122302158273381,0.8023005032350827,-0.00992971259225539,0.9967987179437712,0.9975980784627703,0.0007993605189990927,0.9983948635634029,0.9952076677316294,1.0,0.9952076677316294,0.8988636363636363,0.8923426838514026,-0.006520952512233724,1.0,1.0,0.0,1.0,1.0,1.0,1.0,0.9290871583290355,0.9255813953488372,-0.0035057629801983348,1.0,1.0,0.0,1.0,1.0,1.0,1.0,8.976813416104113
000131,inclusion,0,0.0,NA,NA,NA,NA,NA,NA,NA,NA,NA,NA,NA,NA,NA,NA,NA,NA,NA,NA,NA,NA,NA,NA,NA,NA,NA,NA,NA,NA,NA,NA,NA,NA,NA,NA,NA,
000131,patches,0,0.0,NA,NA,NA,NA,NA,NA,NA,NA,NA,NA,NA,NA,NA,NA,NA,NA,NA,NA,NA,NA,NA,NA,NA,NA,NA,NA,NA,NA,NA,NA,NA,NA,NA,NA,NA,
000132,crazing,1742,0.04355,0.9614525139664805,0.9753086419753086,0.9803474793506124,0.9875,0.013856128008828184,0.8389339513325609,0.8937947494033412,0.05486079807078037,1.0,1.0,0.0,1.0,1.0,1.0,1.0,0.9141993957703928,0.9447852760736196,0.030585880303226842,1.0,1.0,0.0,1.0,1.0,1.0,1.0,0.9402374130167827,0.9611409673418768,0.020903554325094165,1.0,1.0,0.0,1.0,1.0,1.0,1.0,9.416043908841237
000132,inclusion,0,0.0,NA,NA,NA,NA,NA,NA,NA,NA,NA,NA,NA,NA,NA,NA,NA,NA,NA,NA,NA,NA,NA,NA,NA,NA,NA,NA,NA,NA,NA,NA,NA,NA,NA,NA,NA,
000132,patches,0,0.0,NA,NA,NA,NA,NA,NA,NA,NA,NA,NA,NA,NA,NA,NA,NA,NA,NA,NA,NA,NA,NA,NA,NA,NA,NA,NA,NA,NA,NA,NA,NA,NA,NA,NA,NA,
000133,crazing,9926,0.24815,0.9754365196803788,0.9801871764237355,0.9875655430711611,0.9899944693046407,0.004750656743356729,0.7769333929369692,0.8195077484047402,0.042574355467771,0.9959718026183283,0.9944847024392117,-0.0014871001791165739,1.0,0.9919759277833501,0.9929859719438878,0.995987963891675,0.8787017294479981,0.9038507534082756,0.025149023960277517,1.0,1.0,0.0,1.0,1.0,1.0,1.0,0.9156976744186046,0.935263500325309,0.019565825906704415,1.0,1.0,0.0,1.0,1.0,1.0,1.0,10.007095004705697
000133,inclusion,0,0.0,NA,NA,NA,NA,NA,NA,NA,NA,NA,NA,NA,NA,NA,NA,NA,NA,NA,NA,NA,NA,NA,NA,NA,NA,NA,NA,NA,NA,NA,NA,NA,NA,NA,NA,NA,
000133,patches,0,0.0,NA,NA,NA,NA,NA,NA,NA,NA,NA,NA,NA,NA,NA,NA,NA,NA,NA,NA,NA,NA,NA,NA,NA,NA,NA,NA,NA,NA,NA,NA,NA,NA,NA,NA,NA,
000134,crazing,4043,0.101075,0.963184317475496,0.9804065638011267,0.9812469556746225,0.9901063566658422,0.01722224632563063,0.7916950306330838,0.8864942528735632,0.09479922224047943,1.0,1.0,0.0,1.0,1.0,1.0,1.0,0.8903272204243078,0.9411547002220577,0.05082747979774993,1.0,1.0,0.0,1.0,1.0,1.0,1.0,0.9269856931425753,0.9617706237424547,0.034784930599879416,1.0,1.0,0.0,1.0,1.0,1.0,1.0,10.206875704629944
000134,inclusion,0,0.0,NA,NA,NA,NA,NA,NA,NA,NA,NA,NA,NA,NA,NA,NA,NA,NA,NA,NA,NA,NA,NA,NA,NA,NA,NA,NA,NA,NA,NA,NA,NA,NA,NA,NA,NA,
000134,patches,0,0.0,NA,NA,NA,NA,NA,NA,NA,NA,NA,NA,NA,NA,NA,NA,NA,NA,NA,NA,NA,NA,NA,NA,NA,NA,NA,NA,NA,NA,NA,NA,NA,NA,NA,NA,NA,
000135,crazing,1512,0.0378,0.9602564102564103,0.9652956298200515,0.9797253106605625,0.9823413996075867,0.005039219563641173,0.8404669260700389,0.8578947368421053,0.017427810772066343,1.0,1.0,0.0,1.0,1.0,1.0,1.0,0.9165535956580733,0.9253424657534246,0.008788870095351342,1.0,1.0,0.0,1.0,1.0,1.0,1.0,0.9445738239403819,0.949812382739212,0.005238558798830062,1.0,1.0,0.0,1.0,1.0,1.0,1.0,8.975311522795012
000135,inclusion,0,0.0,NA,NA,NA,NA,NA,NA,NA,NA,NA,NA,NA,NA,NA,NA,NA,NA,NA,NA,NA,NA,NA,NA,NA,NA,NA,NA,NA,NA,NA,NA,NA,NA,NA,NA,NA,
000135,patches,0,0.0,NA,NA,NA,NA,NA,NA,NA,NA,NA,NA,NA,NA,NA,NA,NA,NA,NA,NA,NA,NA,NA,NA,NA,NA,NA,NA,NA,NA,NA,NA,NA,NA,NA,NA,NA,
000136,crazing,168,0.0042,0.8994413407821229,0.8924731182795699,0.9470588235294117,0.9431818181818182,-0.006968222502553023,0.8043478260869565,0.782608695652174,-0.021739130434782594,1.0,1.0,0.0,1.0,1.0,1.0,1.0,0.9120234604105572,0.8941176470588236,-0.01790581335173358,1.0,1.0,0.0,1.0,1.0,1.0,1.0,0.9506437768240343,0.9572649572649573,0.006621180440922969,1.0,1.0,0.0,1.0,1.0,1.0,1.0,6.017830648521584
000136,inclusion,0,0.0,NA,NA,NA,NA,NA,NA,NA,NA,NA,NA,NA,NA,NA,NA,NA,NA,NA,NA,NA,NA,NA,NA,NA,NA,NA,NA,NA,NA,NA,NA,NA,NA,NA,NA,NA,
000136,patches,0,0.0,NA,NA,NA,NA,NA,NA,NA,NA,NA,NA,NA,NA,NA,NA,NA,NA,NA,NA,NA,NA,NA,NA,NA,NA,NA,NA,NA,NA,NA,NA,NA,NA,NA,NA,NA,
000137,crazing,176,0.0044,0.8883248730964467,0.9344262295081968,0.9408602150537635,0.9661016949152542,0.04610135641175006,0.7570621468926554,0.8606060606060606,0.10354391371340521,1.0,1.0,0.0,1.0,1.0,1.0,1.0,0.8761329305135952,0.9274447949526814,0.0513118644390862,1.0,1.0,0.0,1.0,1.0,1.0,1.0,0.9420600858369099,0.9513274336283186,0.009267347791408698,1.0,1.0,0.0,1.0,1.0,1.0,1.0,5.502582038544186
000137,inclusion,0,0.0,NA,NA,NA,NA,NA,NA,NA,NA,NA,NA,NA,NA,NA,NA,NA,NA,NA,NA,NA,NA,NA,NA,NA,NA,NA,NA,NA,NA,NA,NA,NA,NA,NA,NA,NA,
000137,patches,0,0.0,NA,NA,NA,NA,NA,NA,NA,NA,NA,NA,NA,NA,NA,NA,NA,NA,NA,NA,NA,NA,NA,NA,NA,NA,NA,NA,NA,NA,NA,NA,NA,NA,NA,NA,NA,
000138,crazing,255,0.006375,0.9197080291970803,0.9256505576208178,0.9581749049429658,0.9613899613899614,0.0059425284237375475,0.8351254480286738,0.8581818181818182,0.023056370153144323,1.0,1.0,0.0,1.0,1.0,1.0,1.0,0.9097744360902256,0.9312977099236641,0.02152327383343855,1.0,1.0,0.0,1.0,1.0,1.0,1.0,0.9475862068965517,0.9663394109396914,0.018753204043139737,1.0,1.0,0.0,1.0,1.0,1.0,1.0,7.389446634804764
000138,inclusion,0,0.0,NA,NA,NA,NA,NA,NA,NA,NA,NA,NA,NA,NA,NA,NA,NA,NA,NA,NA,NA,NA,NA,NA,NA,NA,NA,NA,NA,NA,NA,NA,NA,NA,NA,NA,NA,
000138,patches,0,0.0,NA,NA,NA,NA,NA,NA,NA,NA,NA,NA,NA,NA,NA,NA,NA,NA,NA,NA,NA,NA,NA,NA,NA,NA,NA,NA,NA,NA,NA,NA,NA,NA,NA,NA,NA,
000139,crazing,595,0.014875,0.9181102362204724,0.8836858006042296,0.9573070607553367,0.9382518043303929,-0.034424435616242754,0.8336134453781513,0.7674050632911392,-0.06620838208701207,1.0,0.9961735349633145,-0.003826465036685489,1.0,1.0,0.996268656716418,0.996078431372549,0.9177215189873418,0.8902546093064091,-0.027466909680932683,1.0,1.0,0.0,1.0,1.0,1.0,1.0,0.9541469993256911,0.9354413702239789,-0.01870562910171225,1.0,1.0,0.0,1.0,1.0,1.0,1.0,10.453980786557544
000139,inclusion,0,0.0,NA,NA,NA,NA,NA,NA,NA,NA,NA,NA,NA,NA,NA,NA,NA,NA,NA,NA,NA,NA,NA,NA,NA,NA,NA,NA,NA,NA,NA,NA,NA,NA,NA,NA,NA,
000139,patches,0,0.0,NA,NA,NA,NA,NA,NA,NA,NA,NA,NA,NA,NA,NA,NA,NA,NA,NA,NA,NA,NA,NA,NA,NA,NA,NA,NA,NA,NA,NA,NA,NA,NA,NA,NA,NA,
000140,crazing,682,0.01705,0.9054794520547945,0.87001287001287,0.9503953989935299,0.930488644184446,-0.035466582041924544,0.8076379066478077,0.747638326585695,-0.0599995800621127,0.9966555183946488,0.9822147980740886,-0.014440720320560207,0.9933333333333333,1.0,0.9714285714285714,0.9932432432432432,0.9044730856709629,0.8789004457652303,-0.025572639905732553,1.0,1.0,0.0,1.0,1.0,1.0,1.0,0.9505061867266592,0.934399117971334,-0.016107068755325193,1.0,1.0,0.0,1.0,1.0,1.0,1.0,11.334425799798757
000140,inclusion,0,0.0,NA,NA,NA,NA,NA,NA,NA,NA,NA,NA,NA,NA,NA,NA,NA,NA,NA,NA,NA,NA,NA,NA,NA,NA,NA,NA,NA,NA,NA,NA,NA,NA,NA,NA,NA,
000140,patches,0,0.0,NA,NA,NA,NA,NA,NA,NA,NA,NA,NA,NA,NA,NA,NA,NA,NA,NA,NA,NA,NA,NA,NA,NA,NA,NA,NA,NA,NA,NA,NA,NA,NA,NA,NA,NA,
000141,crazing,534,0.01335,0.9103690685413005,0.912739965095986,0.953081876724931,0.9543795620437956,0.0023708965546854754,0.8103448275862069,0.8108108108108109,0.0004659832246040052,1.0,1.0,0.0,1.0,1.0,1.0,1.0,0.90134994807892,0.8977035490605428,-0.0036463990183771555,1.0,1.0,0.0,1.0,1.0,1.0,1.0,0.9311377245508982,0.9315274642588413,0.0003897397079430931,1.0,1.0,0.0,1.0,1.0,1.0,1.0,9.303959931770182
000141,inclusion,0,0.0,NA,NA,NA,NA,NA,NA,NA,NA,NA,NA,NA,NA,NA,NA,NA,NA,NA,NA,NA,NA,NA,NA,NA,NA,NA,NA,NA,NA,NA,NA,NA,NA,NA,NA,NA,
000141,patches,0,0.0,NA,NA,NA,NA,NA,NA,NA,NA,NA,NA,NA,NA,NA,NA,NA,NA,NA,NA,NA,NA,NA,NA,NA,NA,NA,NA,NA,NA,NA,NA,NA,NA,NA,NA,NA,
000142,crazing,199,0.004975,0.9154929577464789,0.8847926267281107,0.9558823529411765,0.9388753056234719,-0.03070033101836822,0.8615384615384616,0.8185185185185185,-0.04301994301994305,1.0,1.0,0.0,1.0,1.0,1.0,1.0,0.9334719334719335,0.9161554192229039,-0.01731651424902958,1.0,1.0,0.0,1.0,1.0,1.0,1.0,0.954337899543379,0.9445277361319341,-0.009810163411444917,1.0,1.0,0.0,1.0,1.0,1.0,1.0,8.010357616594195
000142,inclusion,0,0.0,NA,NA,NA,NA,NA,NA,NA,NA,NA,NA,NA,NA,NA,NA,NA,NA,NA,NA,NA,NA,NA,NA,NA,NA,NA,NA,NA,NA,NA,NA,NA,NA,NA,NA,NA,
000142,patches,0,0.0,NA,NA,NA,NA,NA,NA,NA,NA,NA,NA,NA,NA,NA,NA,NA,NA,NA,NA,NA,NA,NA,NA,NA,NA,NA,NA,NA,NA,NA,NA,NA,NA,NA,NA,NA,
000143,crazing,638,0.01595,0.8942857142857142,0.9,0.9441930618401206,0.9473684210526315,0.005714285714285783,0.775112443778111,0.7924812030075188,0.017368759229407837,1.0,0.9982300884955753,-0.001769911504424737,1.0,1.0,0.9964664310954063,1.0,0.8858299595141701,0.9017857142857143,0.015955754771544206,1.0,1.0,0.0,1.0,1.0,1.0,1.0,0.930354033662217,0.9435061153174141,0.013152081655197101,1.0,1.0,0.0,1.0,1.0,1.0,1.0,11.006125396262052
000143,inclusion,0,0.0,NA,NA,NA,NA,NA,NA,NA,NA,NA,NA,NA,NA,NA,NA,NA,NA,NA,NA,NA,NA,NA,NA,NA,NA,NA,NA,NA,NA,NA,NA,NA,NA,NA,NA,NA,
000143,patches,0,0.0,NA,NA,NA,NA,NA,NA,NA,NA,NA,NA,NA,NA,NA,NA,NA,NA,NA,NA,NA,NA,NA,NA,NA,NA,NA,NA,NA,NA,NA,NA,NA,NA,NA,NA,NA,
000144,crazing,675,0.016875,0.9329608938547486,0.9019073569482289,0.9653179190751445,0.9484240687679083,-0.031053536906519685,0.8471138845553822,0.7854984894259819,-0.061615395129400286,1.0,1.0,0.0,1.0,1.0,1.0,1.0,0.9205569205569205,0.8894269572235673,-0.03112996333335316,1.0,1.0,0.0,1.0,1.0,1.0,1.0,0.9518282066163668,0.9321839080459771,-0.01964429857038974,1.0,1.0,0.0,1.0,1.0,1.0,1.0,10.623244953089113
000144,inclusion,0,0.0,NA,NA,NA,NA,NA,NA,NA,NA,NA,NA,NA,NA,NA,NA,NA,NA,NA,NA,NA,NA,NA,NA,NA,NA,NA,NA,NA,NA,NA,NA,NA,NA,NA,NA,NA,
000144,patches,0,0.0,NA,NA,NA,NA,NA,NA,NA,NA,NA,NA,NA,NA,NA,NA,NA,NA,NA,NA,NA,NA,NA,NA,NA,NA,NA,NA,NA,NA,NA,NA,NA,NA,NA,NA,NA,
000145,crazing,1446,0.03615,0.941952506596306,0.9535809018567639,0.970108695652174,0.9762389680923286,0.011628395260457891,0.7924528301886793,0.8339307048984468,0.04147787470976749,0.9972898930686069,0.9973045822102425,1.4689141635604308e-05,0.997275204359673,0.9973045822102425,0.9946236559139785,1.0,0.8897933625547902,0.9126884422110553,0.022895079656265027,1.0,1.0,0.0,1.0,1.0,1.0,1.0,0.925894011202068,0.9426229508196722,0.016728939617604133,1.0,1.0,0.0,1.0,1.0,1.0,1.0,9.756403720358925
000145,inclusion,0,0.0,NA,NA,NA,NA,NA,NA,NA,NA,NA,NA,NA,NA,NA,NA,NA,NA,NA,NA,NA,NA,NA,NA,NA,NA,NA,NA,NA,NA,NA,NA,NA,NA,NA,NA,NA,
000145,patches,0,0.0,NA,NA,NA,NA,NA,NA,NA,NA,NA,NA,NA,NA,NA,NA,NA,NA,NA,NA,NA,NA,NA,NA,NA,NA,NA,NA,NA,NA,NA,NA,NA,NA,NA,NA,NA,
000146,crazing,1964,0.0491,0.9548798430603237,0.9479571984435797,0.9769192172604114,0.9732833957553059,-0.006922644616743967,0.838737949167397,0.8212435233160622,-0.01749442585133476,0.9990128331688055,1.0,0.000987166831194486,0.9980276134122288,1.0,1.0,1.0,0.9181609195402299,0.9119927040583675,-0.006168215481862416,1.0,1.0,0.0,1.0,1.0,1.0,1.0,0.9496516782773907,0.9510423246999369,0.0013906464225461601,1.0,1.0,0.0,1.0,1.0,1.0,1.0,11.395165480764737
000146,inclusion,0,0.0,NA,NA,NA,NA,NA,NA,NA,NA,NA,NA,NA,NA,NA,NA,NA,NA,NA,NA,NA,NA,NA,NA,NA,NA,NA,NA,NA,NA,NA,NA,NA,NA,NA,NA,NA,
000146,patches,0,0.0,NA,NA,NA,NA,NA,NA,NA,NA,NA,NA,NA,NA,NA,NA,NA,NA,NA,NA,NA,NA,NA,NA,NA,NA,NA,NA,NA,NA,NA,NA,NA,NA,NA,NA,NA,
000147,crazing,1958,0.04895,0.9547911547911548,0.9552165354330708,0.9768728004022121,0.977095393908885,0.00042538064191599556,0.8428063943161634,0.8414959928762245,-0.0013104014399389907,1.0,1.0,0.0,1.0,1.0,1.0,1.0,0.9233644859813084,0.9196261682242991,-0.0037383177570092796,1.0,1.0,0.0,1.0,1.0,1.0,1.0,0.952827140549273,0.9505973522763965,-0.002229788272876454,1.0,1.0,0.0,1.0,1.0,1.0,1.0,11.344813829109775
000147,inclusion,0,0.0,NA,NA,NA,NA,NA,NA,NA,NA,NA,NA,NA,NA,NA,NA,NA,NA,NA,NA,NA,NA,NA,NA,NA,NA,NA,NA,NA,NA,NA,NA,NA,NA,NA,NA,NA,
000147,patches,0,0.0,NA,NA,NA,NA,NA,NA,NA,NA,NA,NA,NA,NA,NA,NA,NA,NA,NA,NA,NA,NA,NA,NA,NA,NA,NA,NA,NA,NA,NA,NA,NA,NA,NA,NA,NA,
000148,crazing,1503,0.037575,0.951530612244898,0.9612903225806452,0.9751633986928104,0.9802631578947368,0.009759710335747185,0.823943661971831,0.8578313253012049,0.033887663329373874,1.0,1.0,0.0,1.0,1.0,1.0,1.0,0.9108910891089109,0.929559748427673,0.01866865931876205,1.0,1.0,0.0,1.0,1.0,1.0,1.0,0.944777397260274,0.9571242962321351,0.012346898971861142,1.0,1.0,0.0,1.0,1.0,1.0,1.0,9.646996298925574
000148,inclusion,0,0.0,NA,NA,NA,NA,NA,NA,NA,NA,NA,NA,NA,NA,NA,NA,NA,NA,NA,NA,NA,NA,NA,NA,NA,NA,NA,NA,NA,NA,NA,NA,NA,NA,NA,NA,NA,
000148,patches,0,0.0,NA,NA,NA,NA,NA,NA,NA,NA,NA,NA,NA,NA,NA,NA,NA,NA,NA,NA,NA,NA,NA,NA,NA,NA,NA,NA,NA,NA,NA,NA,NA,NA,NA,NA,NA,
000149,crazing,562,0.01405,0.937394247038917,0.9333333333333333,0.9676855895196507,0.9655172413793104,-0.004060913705583702,0.8375286041189931,0.831081081081081,-0.006447523037912073,0.9973753280839895,1.0,0.002624671916010457,0.9947643979057592,1.0,1.0,1.0,0.9147659063625451,0.9123222748815166,-0.002443631481028441,1.0,1.0,0.0,1.0,1.0,1.0,1.0,0.9459915611814346,0.9432860717264387,-0.002705489454995824,1.0,1.0,0.0,1.0,1.0,1.0,1.0,8.099031179704278
000149,inclusion,0,0.0,NA,NA,NA,NA,NA,NA,NA,NA,NA,NA,NA,NA,NA,NA,NA,NA,NA,NA,NA,NA,NA,NA,NA,NA,NA,NA,NA,NA,NA,NA,NA,NA,NA,NA,NA,
000149,patches,0,0.0,NA,NA,NA,NA,NA,NA,NA,NA,NA,NA,NA,NA,NA,NA,NA,NA,NA,NA,NA,NA,NA,NA,NA,NA,NA,NA,NA,NA,NA,NA,NA,NA,NA,NA,NA,
000150,crazing,1830,0.04575,0.9401664932362123,0.9241952232606438,0.969160632877447,0.960604425256341,-0.015971269975568414,0.8371919342793129,0.7891256429096253,-0.04806629136968765,0.9991631799163181,0.998324958123953,-0.0008382217923650348,1.0,0.9983277591973244,1.0,0.9966555183946488,0.9253790901835595,0.8968663228877429,-0.028512767295816532,1.0,1.0,0.0,1.0,1.0,1.0,1.0,0.9641936407906044,0.9482265446224256,-0.015967096168178818,1.0,1.0,0.0,1.0,1.0,1.0,1.0,13.978985008144313
000150,inclusion,0,0.0,NA,NA,NA,NA,NA,NA,NA,NA,NA,NA,NA,NA,NA,NA,NA,NA,NA,NA,NA,NA,NA,NA,NA,NA,NA,NA,NA,NA,NA,NA,NA,NA,NA,NA,NA,
000150,patches,0,0.0,NA,NA,NA,NA,NA,NA,NA,NA,NA,NA,NA,NA,NA,NA,NA,NA,NA,NA,NA,NA,NA,NA,NA,NA,NA,NA,NA,NA,NA,NA,NA,NA,NA,NA,NA,
000151,crazing,5104,0.1276,0.9626666666666667,0.9643541586814871,0.9809782608695652,0.9818536585365853,0.0016874920148204353,0.832691484809585,0.8427835051546392,0.010092020345054187,0.9980740800894762,0.9995185363505055,0.0014444562610292921,0.997104247104247,0.9990458015267175,0.9990375360923965,1.0,0.9137813985064495,0.922745808790213,0.008964410283763491,1.0,1.0,0.0,1.0,1.0,1.0,1.0,0.9453473550031868,0.9555128820611298,0.010165527057943047,1.0,1.0,0.0,1.0,1.0,1.0,1.0,14.669183787043384
000151,inclusion,0,0.0,NA,NA,NA,NA,NA,NA,NA,NA,NA,NA,NA,NA,NA,NA,NA,NA,NA,NA,NA,NA,NA,NA,NA,NA,NA,NA,NA,NA,NA,NA,NA,NA,NA,NA,NA,
000151,patches,0,0.0,NA,NA,NA,NA,NA,NA,NA,NA,NA,NA,NA,NA,NA,NA,NA,NA,NA,NA,NA,NA,NA,NA,NA,NA,NA,NA,NA,NA,NA,NA,NA,NA,NA,NA,NA,
000152,crazing,5694,0.14235,0.9745718733783083,0.9789182650768965,0.9871222076215506,0.9893468389800908,0.004346391698588192,0.8364888123924269,0.8621887666473653,0.02569995425493843,0.9993610223642173,0.9974651457541192,-0.0018958766100981572,0.9987228607918263,1.0,0.9949431099873578,1.0,0.917828987265009,0.931306990881459,0.013478003616449907,1.0,1.0,0.0,1.0,1.0,1.0,1.0,0.9459863364645602,0.9552143314139475,0.009227994949387308,1.0,1.0,0.0,1.0,1.0,1.0,1.0,10.297037334662997
000152,inclusion,0,0.0,NA,NA,NA,NA,NA,NA,NA,NA,NA,NA,NA,NA,NA,NA,NA,NA,NA,NA,NA,NA,NA,NA,NA,NA,NA,NA,NA,NA,NA,NA,NA,NA,NA,NA,NA,
000152,patches,0,0.0,NA,NA,NA,NA,NA,NA,NA,NA,NA,NA,NA,NA,NA,NA,NA,NA,NA,NA,NA,NA,NA,NA,NA,NA,NA,NA,NA,NA,NA,NA,NA,NA,NA,NA,NA,
000153,crazing,7129,0.178225,0.9875017358700181,0.9865296486599083,0.9937115707098938,0.9932191541419084,-0.0009720872101097733,0.8552,0.8397185301016419,-0.01548146989835808,1.0,0.9914529914529915,-0.008547008547008517,1.0,1.0,0.9830508474576272,1.0,0.9243872039883673,0.9042984590429846,-0.02008874494538271,1.0,0.9914529914529915,-0.008547008547008517,1.0,1.0,0.9830508474576272,1.0,0.9473832301631964,0.9246781703642838,-0.022705059798912575,1.0,0.9914529914529915,-0.008547008547008517,1.0,1.0,0.9830508474576272,1.0,6.8930063296318735
000153,inclusion,0,0.0,NA,NA,NA,NA,NA,NA,NA,NA,NA,NA,NA,NA,NA,NA,NA,NA,NA,NA,NA,NA,NA,NA,NA,NA,NA,NA,NA,NA,NA,NA,NA,NA,NA,NA,NA,
000153,patches,0,0.0,NA,NA,NA,NA,NA,NA,NA,NA,NA,NA,NA,NA,NA,NA,NA,NA,NA,NA,NA,NA,NA,NA,NA,NA,NA,NA,NA,NA,NA,NA,NA,NA,NA,NA,NA,
000154,crazing,3813,0.095325,0.9813423166623477,0.9808736107521323,0.9905833115354433,0.9903444676409185,-0.00046870591021541674,0.8560157790927022,0.856440511307768,0.00042473221506578174,1.0,1.0,0.0,1.0,1.0,1.0,1.0,0.9258114374034003,0.9245379876796714,-0.0012734497237288922,1.0,1.0,0.0,1.0,1.0,1.0,1.0,0.9543524416135881,0.9531194924215721,-0.0012329491920159974,1.0,1.0,0.0,1.0,1.0,1.0,1.0,7.562815017833506
000154,inclusion,0,0.0,NA,NA,NA,NA,NA,NA,NA,NA,NA,NA,NA,NA,NA,NA,NA,NA,NA,NA,NA,NA,NA,NA,NA,NA,NA,NA,NA,NA,NA,NA,NA,NA,NA,NA,NA,
000154,patches,0,0.0,NA,NA,NA,NA,NA,NA,NA,NA,NA,NA,NA,NA,NA,NA,NA,NA,NA,NA,NA,NA,NA,NA,NA,NA,NA,NA,NA,NA,NA,NA,NA,NA,NA,NA,NA,
000155,crazing,1812,0.0453,0.9545454545454546,0.9730167296276309,0.9767441860465116,0.9863238512035011,0.018471275082176275,0.8161925601750547,0.8872437357630979,0.07105117558804319,0.996322007210921,1.0,0.0036779927890789876,0.9975369458128078,0.9951100244498777,1.0,1.0,0.9038018433179723,0.9423190111830488,0.03851716786507653,1.0,1.0,0.0,1.0,1.0,1.0,1.0,0.9369582348305753,0.9623548257909491,0.025396590960373833,1.0,1.0,0.0,1.0,1.0,1.0,1.0,9.608248158279514
000155,inclusion,0,0.0,NA,NA,NA,NA,NA,NA,NA,NA,NA,NA,NA,NA,NA,NA,NA,NA,NA,NA,NA,NA,NA,NA,NA,NA,NA,NA,NA,NA,NA,NA,NA,NA,NA,NA,NA,
000155,patches,0,0.0,NA,NA,NA,NA,NA,NA,NA,NA,NA,NA,NA,NA,NA,NA,NA,NA,NA,NA,NA,NA,NA,NA,NA,NA,NA,NA,NA,NA,NA,NA,NA,NA,NA,NA,NA,
000156,crazing,1998,0.04995,0.9457252641690682,0.9570670525808008,0.9721056529252037,0.9780626078383041,0.011341788411732612,0.8063139931740614,0.8429319371727748,0.03661794399871343,0.9990467111534795,1.0,0.0009532888465204614,1.0,0.9980952380952381,1.0,1.0,0.9018987341772152,0.9170464904284412,0.015147756251225997,1.0,1.0,0.0,1.0,1.0,1.0,1.0,0.9385335413416537,0.9485732204452807,0.01003967910362702,1.0,1.0,0.0,1.0,1.0,1.0,1.0,11.745230966245426
000156,inclusion,0,0.0,NA,NA,NA,NA,NA,NA,NA,NA,NA,NA,NA,NA,NA,NA,NA,NA,NA,NA,NA,NA,NA,NA,NA,NA,NA,NA,NA,NA,NA,NA,NA,NA,NA,NA,NA,
000156,patches,0,0.0,NA,NA,NA,NA,NA,NA,NA,NA,NA,NA,NA,NA,NA,NA,NA,NA,NA,NA,NA,NA,NA,NA,NA,NA,NA,NA,NA,NA,NA,NA,NA,NA,NA,NA,NA,
000157,crazing,937,0.023425,0.956386292834891,0.9295918367346939,0.9777070063694268,0.9635113696456901,-0.02679445610019704,0.8722044728434505,0.801829268292683,-0.07037520455076751,0.9929574807902711,0.9947399037092961,0.001782422919024973,0.9964285714285714,0.9895104895104895,0.9964788732394366,0.993006993006993,0.9275,0.8982912937347437,-0.02920870626525629,1.0,1.0,0.0,1.0,1.0,1.0,1.0,0.9492795389048991,0.9348072562358276,-0.014472282669071523,1.0,1.0,0.0,1.0,1.0,1.0,1.0,9.343212741502658
000157,inclusion,0,0.0,NA,NA,NA,NA,NA,NA,NA,NA,NA,NA,NA,NA,NA,NA,NA,NA,NA,NA,NA,NA,NA,NA,NA,NA,NA,NA,NA,NA,NA,NA,NA,NA,NA,NA,NA,
000157,patches,0,0.0,NA,NA,NA,NA,NA,NA,NA,NA,NA,NA,NA,NA,NA,NA,NA,NA,NA,NA,NA,NA,NA,NA,NA,NA,NA,NA,NA,NA,NA,NA,NA,NA,NA,NA,NA,
000158,crazing,631,0.015775,0.9557926829268293,0.9558599695585996,0.9773967264224473,0.977431906614786,6.728663177035799e-05,0.8615384615384616,0.8608247422680413,-0.0007137192704202988,1.0,1.0,0.0,1.0,1.0,1.0,1.0,0.9355704697986578,0.9314516129032258,-0.00411885689543201,1.0,1.0,0.0,1.0,1.0,1.0,1.0,0.959409594095941,0.9593721144967683,-3.747959917266286e-05,1.0,1.0,0.0,1.0,1.0,1.0,1.0,7.00644937219069
000158,inclusion,0,0.0,NA,NA,NA,NA,NA,NA,NA,NA,NA,NA,NA,NA,NA,NA,NA,NA,NA,NA,NA,NA,NA,NA,NA,NA,NA,NA,NA,NA,NA,NA,NA,NA,NA,NA,NA,
000158,patches,0,0.0,NA,NA,NA,NA,NA,NA,NA,NA,NA,NA,NA,NA,NA,NA,NA,NA,NA,NA,NA,NA,NA,NA,NA,NA,NA,NA,NA,NA,NA,NA,NA,NA,NA,NA,NA,
000159,crazing,4050,0.10125,0.9527074958619058,0.9632808774439676,0.9757810607895374,0.9812970609667233,0.01057338158206178,0.7463070006422607,0.7990685296074518,0.05276152896519104,0.999244142101285,0.996969696969697,-0.002274445131588032,1.0,0.9984894259818731,1.0,0.9939577039274925,0.8662750518313752,0.8970017636684303,0.03072671183705511,1.0,0.9984871406959154,-0.0015128593040846239,1.0,1.0,1.0,0.9969788519637462,0.9132518571770908,0.9351469516638329,0.021895094486742095,1.0,1.0,0.0,1.0,1.0,1.0,1.0,10.402326425455431
000159,inclusion,0,0.0,NA,NA,NA,NA,NA,NA,NA,NA,NA,NA,NA,NA,NA,NA,NA,NA,NA,NA,NA,NA,NA,NA,NA,NA,NA,NA,NA,NA,NA,NA,NA,NA,NA,NA,NA,
000159,patches,0,0.0,NA,NA,NA,NA,NA,NA,NA,NA,NA,NA,NA,NA,NA,NA,NA,NA,NA,NA,NA,NA,NA,NA,NA,NA,NA,NA,NA,NA,NA,NA,NA,NA,NA,NA,NA,
000160,crazing,3023,0.075575,0.9662379421221865,0.9574944071588367,0.9828291087489779,0.9782857142857143,-0.008743534963349786,0.8502170767004341,0.8132956152758133,-0.03692146142462083,0.9984152139461173,1.0,0.0015847860538826808,0.9968354430379747,1.0,1.0,1.0,0.9253393665158371,0.9037174721189591,-0.021621894396878005,1.0,1.0,0.0,1.0,1.0,1.0,1.0,0.9542534052942688,0.936499872999746,-0.01775353229452281,1.0,1.0,0.0,1.0,1.0,1.0,1.0,11.440146128160913
000160,inclusion,0,0.0,NA,NA,NA,NA,NA,NA,NA,NA,NA,NA,NA,NA,NA,NA,NA,NA,NA,NA,NA,NA,NA,NA,NA,NA,NA,NA,NA,NA,NA,NA,NA,NA,NA,NA,NA,
000160,patches,0,0.0,NA,NA,NA,NA,NA,NA,NA,NA,NA,NA,NA,NA,NA,NA,NA,NA,NA,NA,NA,NA,NA,NA,NA,NA,NA,NA,NA,NA,NA,NA,NA,NA,NA,NA,NA,
000161,crazing,7448,0.1862,0.9767043958936562,0.9796887364811395,0.988214927758173,0.9897401732178548,0.002984340587483314,0.8065049614112458,0.8289693593314763,0.022464397920230472,0.998769987699877,0.9987819732034106,1.1985503533540331e-05,1.0,0.9975429975429976,0.9975669099756691,1.0,0.8971826895149578,0.9095154699357851,0.012332780420827305,1.0,1.0,0.0,1.0,1.0,1.0,1.0,0.9302832244008714,0.938232373386296,0.007949148985424537,1.0,1.0,0.0,1.0,1.0,1.0,1.0,9.432016914317193
000161,inclusion,0,0.0,NA,NA,NA,NA,NA,NA,NA,NA,NA,NA,NA,NA,NA,NA,NA,NA,NA,NA,NA,NA,NA,NA,NA,NA,NA,NA,NA,NA,NA,NA,NA,NA,NA,NA,NA,
000161,patches,0,0.0,NA,NA,NA,NA,NA,NA,NA,NA,NA,NA,NA,NA,NA,NA,NA,NA,NA,NA,NA,NA,NA,NA,NA,NA,NA,NA,NA,NA,NA,NA,NA,NA,NA,NA,NA,
000162,crazing,4833,0.120825,0.9564522572912505,0.9660262891809909,0.9777414743720645,0.9827196050195433,0.009574031889740375,0.8269076305220884,0.8618556701030928,0.03494803958100445,0.9986443741527338,0.9995444191343964,0.0009000449816626288,0.9972924187725631,1.0,1.0,0.9990892531876139,0.9141822827938672,0.9335066060212259,0.019324323227358775,1.0,1.0,0.0,1.0,1.0,1.0,1.0,0.9481046931407943,0.9594635781773849,0.01135888503659066,1.0,1.0,0.0,1.0,1.0,1.0,1.0,15.794065783276972
000162,inclusion,0,0.0,NA,NA,NA,NA,NA,NA,NA,NA,NA,NA,NA,NA,NA,NA,NA,NA,NA,NA,NA,NA,NA,NA,NA,NA,NA,NA,NA,NA,NA,NA,NA,NA,NA,NA,NA,
000162,patches,0,0.0,NA,NA,NA,NA,NA,NA,NA,NA,NA,NA,NA,NA,NA,NA,NA,NA,NA,NA,NA,NA,NA,NA,NA,NA,NA,NA,NA,NA,NA,NA,NA,NA,NA,NA,NA,
000163,crazing,4839,0.120975,0.9583083981647716,0.968503937007874,0.9787104003259651,0.984,0.010195538843102314,0.8110910730387737,0.8579387186629527,0.04684764562417898,1.0,0.999484270242393,-0.000515729757607053,1.0,1.0,1.0,0.9989690721649485,0.9010989010989011,0.9289537712895377,0.027854870190636594,1.0,1.0,0.0,1.0,1.0,1.0,1.0,0.9365239294710328,0.9570917759237187,0.020567846452685945,1.0,1.0,0.0,1.0,1.0,1.0,1.0,13.9442102754747
000163,inclusion,0,0.0,NA,NA,NA,NA,NA,NA,NA,NA,NA,NA,NA,NA,NA,NA,NA,NA,NA,NA,NA,NA,NA,NA,NA,NA,NA,NA,NA,NA,NA,NA,NA,NA,NA,NA,NA,
000163,patches,0,0.0,NA,NA,NA,NA,NA,NA,NA,NA,NA,NA,NA,NA,NA,NA,NA,NA,NA,NA,NA,NA,NA,NA,NA,NA,NA,NA,NA,NA,NA,NA,NA,NA,NA,NA,NA,
000164,crazing,6663,0.166575,0.9826974267968057,0.978871158392435,0.9912732154844485,0.9893227805570074,-0.003826268404370725,0.8489548213081591,0.8239576439444076,-0.02499717736375151,0.9926459759055072,0.9956140350877193,0.0029680591822121016,0.9985185185185185,0.9868421052631579,0.9956140350877193,0.9956140350877193,0.9236749116607774,0.9165205191160997,-0.007154392544677757,0.9970674486803519,1.0,0.0029325513196480912,1.0,0.9941520467836257,1.0,1.0,0.9514870794734276,0.9494777750789409,-0.002009304394486655,1.0,1.0,0.0,1.0,1.0,1.0,1.0,8.379559616152173
000164,inclusion,0,0.0,NA,NA,NA,NA,NA,NA,NA,NA,NA,NA,NA,NA,NA,NA,NA,NA,NA,NA,NA,NA,NA,NA,NA,NA,NA,NA,NA,NA,NA,NA,NA,NA,NA,NA,NA,
000164,patches,0,0.0,NA,NA,NA,NA,NA,NA,NA,NA,NA,NA,NA,NA,NA,NA,NA,NA,NA,NA,NA,NA,NA,NA,NA,NA,NA,NA,NA,NA,NA,NA,NA,NA,NA,NA,NA,
000165,crazing,6677,0.166925,0.9829931972789115,0.9857566765578635,0.9914236706689536,0.9928272564255828,0.0027634792789519302,0.8478854024556617,0.8688750862663907,0.020989683810728965,0.9970326343980376,0.9985119047619048,0.0014792703638671911,0.997037037037037,0.9970282317979198,1.0,0.9970282317979198,0.9223370146063413,0.9316392269148175,0.009302212308476165,1.0,1.0,0.0,1.0,1.0,1.0,1.0,0.94831351613686,0.9551656920077972,0.006852175870937227,1.0,1.0,0.0,1.0,1.0,1.0,1.0,8.236152437830558
000165,inclusion,0,0.0,NA,NA,NA,NA,NA,NA,NA,NA,NA,NA,NA,NA,NA,NA,NA,NA,NA,NA,NA,NA,NA,NA,NA,NA,NA,NA,NA,NA,NA,NA,NA,NA,NA,NA,NA,
000165,patches,0,0.0,NA,NA,NA,NA,NA,NA,NA,NA,NA,NA,NA,NA,NA,NA,NA,NA,NA,NA,NA,NA,NA,NA,NA,NA,NA,NA,NA,NA,NA,NA,NA,NA,NA,NA,NA,
000166,crazing,2234,0.05585,0.9578313253012049,0.9703056768558952,0.9784615384615385,0.9849290780141844,0.012474351554690344,0.838358458961474,0.8876404494382022,0.04928199047672821,0.9990557129367328,0.9990557129367328,0.0,1.0,0.9981132075471698,1.0,0.9981132075471698,0.9190853122251539,0.9444693237796686,0.02538401155451475,1.0,1.0,0.0,1.0,1.0,1.0,1.0,0.9491525423728814,0.9656230816451811,0.01647053927229969,1.0,1.0,0.0,1.0,1.0,1.0,1.0,11.213321786913394
000166,inclusion,0,0.0,NA,NA,NA,NA,NA,NA,NA,NA,NA,NA,NA,NA,NA,NA,NA,NA,NA,NA,NA,NA,NA,NA,NA,NA,NA,NA,NA,NA,NA,NA,NA,NA,NA,NA,NA,
000166,patches,0,0.0,NA,NA,NA,NA,NA,NA,NA,NA,NA,NA,NA,NA,NA,NA,NA,NA,NA,NA,NA,NA,NA,NA,NA,NA,NA,NA,NA,NA,NA,NA,NA,NA,NA,NA,NA,
000167,crazing,2450,0.06125,0.9475524475524476,0.9608386075949367,0.9730700179533214,0.980028242888844,0.013286160042489059,0.8090050835148874,0.8639097744360902,0.05490469092120276,0.99836867862969,0.9975308507613551,-0.0008378278683349727,0.996742671009772,1.0,0.9967159277504105,0.9983471074380166,0.9014948256036796,0.9326810176125244,0.03118619200884487,1.0,1.0,0.0,1.0,1.0,1.0,1.0,0.9323684210526316,0.9587904736419588,0.026422052589327172,1.0,1.0,0.0,1.0,1.0,1.0,1.0,12.222845789081749
000167,inclusion,0,0.0,NA,NA,NA,NA,NA,NA,NA,NA,NA,NA,NA,NA,NA,NA,NA,NA,NA,NA,NA,NA,NA,NA,NA,NA,NA,NA,NA,NA,NA,NA,NA,NA,NA,NA,NA,
000167,patches,0,0.0,NA,NA,NA,NA,NA,NA,NA,NA,NA,NA,NA,NA,NA,NA,NA,NA,NA,NA,NA,NA,NA,NA,NA,NA,NA,NA,NA,NA,NA,NA,NA,NA,NA,NA,NA,
000168,crazing,4488,0.1122,0.9833077092027235,0.9856891237340378,0.9915836101882614,0.9927929925712385,0.002381414531314352,0.8348214285714286,0.8539325842696629,0.019111155698234294,0.9962453066332916,0.9962700750002318,2.4768366940208786e-05,1.0,0.9925187032418953,0.9975308641975309,0.9950124688279302,0.9139847864248098,0.919836161497952,0.005851375073142151,0.9974999999999999,1.0,0.0025000000000000577,1.0,0.9950124688279302,1.0,1.0,0.9437019036046983,0.9454324979789814,0.0017305943742831342,1.0,1.0,0.0,1.0,1.0,1.0,1.0,5.985741376115985
000168,inclusion,0,0.0,NA,NA,NA,NA,NA,NA,NA,NA,NA,NA,NA,NA,NA,NA,NA,NA,NA,NA,NA,NA,NA,NA,NA,NA,NA,NA,NA,NA,NA,NA,NA,NA,NA,NA,NA,
000168,patches,0,0.0,NA,NA,NA,NA,NA,NA,NA,NA,NA,NA,NA,NA,NA,NA,NA,NA,NA,NA,NA,NA,NA,NA,NA,NA,NA,NA,NA,NA,NA,NA,NA,NA,NA,NA,NA,
000169,crazing,713,0.017825,0.9389110225763613,0.9504132231404959,0.9684931506849315,0.9745762711864406,0.011502200564134646,0.8275193798449613,0.8648111332007953,0.03729175335583401,1.0,1.0,0.0,1.0,1.0,1.0,1.0,0.9123343527013251,0.9375,0.025165647298674876,1.0,1.0,0.0,1.0,1.0,1.0,1.0,0.9478505990133897,0.9669064748201439,0.019055875806754163,1.0,1.0,0.0,1.0,1.0,1.0,1.0,8.688468280768403
000169,inclusion,0,0.0,NA,NA,NA,NA,NA,NA,NA,NA,NA,NA,NA,NA,NA,NA,NA,NA,NA,NA,NA,NA,NA,NA,NA,NA,NA,NA,NA,NA,NA,NA,NA,NA,NA,NA,NA,
000169,patches,0,0.0,NA,NA,NA,NA,NA,NA,NA,NA,NA,NA,NA,NA,NA,NA,NA,NA,NA,NA,NA,NA,NA,NA,NA,NA,NA,NA,NA,NA,NA,NA,NA,NA,NA,NA,NA,
000170,crazing,2613,0.065325,0.9760029996250469,0.9736346516007532,0.9878557874762809,0.9866412213740458,-0.0023683480242936428,0.8670157068062827,0.8523908523908524,-0.014624854415430266,1.0,1.0,0.0,1.0,1.0,1.0,1.0,0.9311653116531166,0.9212513484358145,-0.00991396321730209,1.0,1.0,0.0,1.0,1.0,1.0,1.0,0.9552785923753666,0.9452754469171835,-0.01000314545818315,1.0,1.0,0.0,1.0,1.0,1.0,1.0,8.666306036242636
000170,inclusion,0,0.0,NA,NA,NA,NA,NA,NA,NA,NA,NA,NA,NA,NA,NA,NA,NA,NA,NA,NA,NA,NA,NA,NA,NA,NA,NA,NA,NA,NA,NA,NA,NA,NA,NA,NA,NA,
000170,patches,0,0.0,NA,NA,NA,NA,NA,NA,NA,NA,NA,NA,NA,NA,NA,NA,NA,NA,NA,NA,NA,NA,NA,NA,NA,NA,NA,NA,NA,NA,NA,NA,NA,NA,NA,NA,NA,
000171,crazing,1885,0.047125,0.9675425038639877,0.9616760347470619,0.983503534956795,0.9804636624120865,-0.005866469116925788,0.8344370860927153,0.8101430429128739,-0.024294043179841407,1.0,0.9940828402366864,-0.00591715976331364,1.0,1.0,1.0,0.9882352941176471,0.9111727966689799,0.9004804392587509,-0.010692357410229003,1.0,1.0,0.0,1.0,1.0,1.0,1.0,0.938512869399428,0.9329556185080264,-0.005557250891401577,1.0,1.0,0.0,1.0,1.0,1.0,1.0,7.831108474982938
000171,inclusion,0,0.0,NA,NA,NA,NA,NA,NA,NA,NA,NA,NA,NA,NA,NA,NA,NA,NA,NA,NA,NA,NA,NA,NA,NA,NA,NA,NA,NA,NA,NA,NA,NA,NA,NA,NA,NA,
000171,patches,0,0.0,NA,NA,NA,NA,NA,NA,NA,NA,NA,NA,NA,NA,NA,NA,NA,NA,NA,NA,NA,NA,NA,NA,NA,NA,NA,NA,NA,NA,NA,NA,NA,NA,NA,NA,NA,
000172,crazing,1018,0.02545,0.9561487130600572,0.9473684210526315,0.9775828460038987,0.972972972972973,-0.008780292007425694,0.8851612903225806,0.8573248407643312,-0.027836449558249377,1.0,1.0,0.0,1.0,1.0,1.0,1.0,0.9437374413931681,0.9262948207171314,-0.017442620676036635,1.0,1.0,0.0,1.0,1.0,1.0,1.0,0.9704086425551902,0.9586046511627907,-0.011803991392399515,1.0,1.0,0.0,1.0,1.0,1.0,1.0,11.126394749328202
000172,inclusion,0,0.0,NA,NA,NA,NA,NA,NA,NA,NA,NA,NA,NA,NA,NA,NA,NA,NA,NA,NA,NA,NA,NA,NA,NA,NA,NA,NA,NA,NA,NA,NA,NA,NA,NA,NA,NA,
000172,patches,0,0.0,NA,NA,NA,NA,NA,NA,NA,NA,NA,NA,NA,NA,NA,NA,NA,NA,NA,NA,NA,NA,NA,NA,NA,NA,NA,NA,NA,NA,NA,NA,NA,NA,NA,NA,NA,
000173,crazing,876,0.0219,0.9465648854961832,0.9624309392265193,0.9725490196078431,0.9808558558558559,0.015866053730336116,0.8577464788732394,0.9043478260869565,0.046601347213717115,1.0,1.0,0.0,1.0,1.0,1.0,1.0,0.9209948792977323,0.9507829977628636,0.029788118465131297,1.0,1.0,0.0,1.0,1.0,1.0,1.0,0.9529170931422722,0.9760665972944849,0.02314950415221262,1.0,1.0,0.0,1.0,1.0,1.0,1.0,10.744224316551826
000173,inclusion,0,0.0,NA,NA,NA,NA,NA,NA,NA,NA,NA,NA,NA,NA,NA,NA,NA,NA,NA,NA,NA,NA,NA,NA,NA,NA,NA,NA,NA,NA,NA,NA,NA,NA,NA,NA,NA,
000173,patches,0,0.0,NA,NA,NA,NA,NA,NA,NA,NA,NA,NA,NA,NA,NA,NA,NA,NA,NA,NA,NA,NA,NA,NA,NA,NA,NA,NA,NA,NA,NA,NA,NA,NA,NA,NA,NA,
000174,crazing,594,0.01485,0.9362041467304625,0.9516908212560387,0.9670510708401977,0.9752475247524752,0.015486674525576172,0.8362831858407079,0.8752834467120182,0.039000260871310255,1.0,1.0,0.0,1.0,1.0,1.0,1.0,0.919392523364486,0.9397163120567376,0.0203237886922516,1.0,1.0,0.0,1.0,1.0,1.0,1.0,0.9521492295214923,0.9714052287581699,0.019255999236677646,1.0,1.0,0.0,1.0,1.0,1.0,1.0,8.165068901629072
000174,inclusion,0,0.0,NA,NA,NA,NA,NA,NA,NA,NA,NA,NA,NA,NA,NA,NA,NA,NA,NA,NA,NA,NA,NA,NA,NA,NA,NA,NA,NA,NA,NA,NA,NA,NA,NA,NA,NA,
000174,patches,0,0.0,NA,NA,NA,NA,NA,NA,NA,NA,NA,NA,NA,NA,NA,NA,NA,NA,NA,NA,NA,NA,NA,NA,NA,NA,NA,NA,NA,NA,NA,NA,NA,NA,NA,NA,NA,
000175,crazing,1119,0.027975,0.9310344827586207,0.9395229982964225,0.9642857142857143,0.968818620992534,0.008488515537801833,0.7918263090676884,0.8191214470284238,0.02729513796073546,1.0,0.9985228951255538,-0.001477104874446189,1.0,1.0,1.0,0.9970501474926253,0.8884353741496599,0.902455661664393,0.014020287514733054,1.0,1.0,0.0,1.0,1.0,1.0,1.0,0.9234042553191489,0.9345971563981043,0.01119290107895532,1.0,1.0,0.0,1.0,1.0,1.0,1.0,10.134087620673371
000175,inclusion,0,0.0,NA,NA,NA,NA,NA,NA,NA,NA,NA,NA,NA,NA,NA,NA,NA,NA,NA,NA,NA,NA,NA,NA,NA,NA,NA,NA,NA,NA,NA,NA,NA,NA,NA,NA,NA,
000175,patches,0,0.0,NA,NA,NA,NA,NA,NA,NA,NA,NA,NA,NA,NA,NA,NA,NA,NA,NA,NA,NA,NA,NA,NA,NA,NA,NA,NA,NA,NA,NA,NA,NA,NA,NA,NA,NA,
000176,crazing,1860,0.0465,0.9539575788929125,0.9492490937338167,0.9764363251257612,0.9739638682252922,-0.004708485159095832,0.8421052631578947,0.8283002588438308,-0.01380500431406384,1.0,0.998062015503876,-0.0019379844961240345,1.0,1.0,0.9961315280464217,1.0,0.9187066974595843,0.9122085048010974,-0.006498192658486945,1.0,1.0,0.0,1.0,1.0,1.0,1.0,0.9484635083226632,0.9419784400760939,-0.006485068246569359,1.0,1.0,0.0,1.0,1.0,1.0,1.0,11.778967952308275
000176,inclusion,0,0.0,NA,NA,NA,NA,NA,NA,NA,NA,NA,NA,NA,NA,NA,NA,NA,NA,NA,NA,NA,NA,NA,NA,NA,NA,NA,NA,NA,NA,NA,NA,NA,NA,NA,NA,NA,
000176,patches,0,0.0,NA,NA,NA,NA,NA,NA,NA,NA,NA,NA,NA,NA,NA,NA,NA,NA,NA,NA,NA,NA,NA,NA,NA,NA,NA,NA,NA,NA,NA,NA,NA,NA,NA,NA,NA,
000177,crazing,763,0.019075,0.962772785622593,0.9583333333333334,0.9810333551340745,0.9787234042553191,-0.004439452289259682,0.8842315369261478,0.8703339882121808,-0.013897548713966978,1.0,1.0,0.0,1.0,1.0,1.0,1.0,0.9401444788441693,0.9356486210418795,-0.004495857802289782,1.0,1.0,0.0,1.0,1.0,1.0,1.0,0.9597173144876325,0.9634317862165963,0.003714471728963775,1.0,1.0,0.0,1.0,1.0,1.0,1.0,8.471368786795159
000177,inclusion,0,0.0,NA,NA,NA,NA,NA,NA,NA,NA,NA,NA,NA,NA,NA,NA,NA,NA,NA,NA,NA,NA,NA,NA,NA,NA,NA,NA,NA,NA,NA,NA,NA,NA,NA,NA,NA,
000177,patches,0,0.0,NA,NA,NA,NA,NA,NA,NA,NA,NA,NA,NA,NA,NA,NA,NA,NA,NA,NA,NA,NA,NA,NA,NA,NA,NA,NA,NA,NA,NA,NA,NA,NA,NA,NA,NA,
000178,crazing,696,0.0174,0.9414965986394558,0.9440654843110505,0.9698668535388928,0.9712280701754386,0.002568885671594745,0.834,0.8403193612774451,0.006319361277445146,1.0,1.0,0.0,1.0,1.0,1.0,1.0,0.9157894736842105,0.9152719665271967,-0.000517507157013819,1.0,1.0,0.0,1.0,1.0,1.0,1.0,0.9477503628447025,0.9452449567723343,-0.002505406072368155,1.0,1.0,0.0,1.0,1.0,1.0,1.0,8.301173577188992
000178,inclusion,0,0.0,NA,NA,NA,NA,NA,NA,NA,NA,NA,NA,NA,NA,NA,NA,NA,NA,NA,NA,NA,NA,NA,NA,NA,NA,NA,NA,NA,NA,NA,NA,NA,NA,NA,NA,NA,
000178,patches,0,0.0,NA,NA,NA,NA,NA,NA,NA,NA,NA,NA,NA,NA,NA,NA,NA,NA,NA,NA,NA,NA,NA,NA,NA,NA,NA,NA,NA,NA,NA,NA,NA,NA,NA,NA,NA,
000179,crazing,260,0.0065,0.9130434782608695,0.9247311827956989,0.9545454545454546,0.9608938547486033,0.011687704534829368,0.8185053380782918,0.8498168498168498,0.03131151173855795,0.995850622406639,1.0,0.004149377593360981,0.9917355371900827,1.0,1.0,1.0,0.8966165413533834,0.9139579349904398,0.017341393637056335,1.0,1.0,0.0,1.0,1.0,1.0,1.0,0.9266666666666666,0.9432432432432433,0.01657657657657663,1.0,1.0,0.0,1.0,1.0,1.0,1.0,7.194014606174091
000179,inclusion,0,0.0,NA,NA,NA,NA,NA,NA,NA,NA,NA,NA,NA,NA,NA,NA,NA,NA,NA,NA,NA,NA,NA,NA,NA,NA,NA,NA,NA,NA,NA,NA,NA,NA,NA,NA,NA,
000179,patches,0,0.0,NA,NA,NA,NA,NA,NA,NA,NA,NA,NA,NA,NA,NA,NA,NA,NA,NA,NA,NA,NA,NA,NA,NA,NA,NA,NA,NA,NA,NA,NA,NA,NA,NA,NA,NA,
000180,crazing,773,0.019325,0.956140350877193,0.964824120603015,0.9775784753363229,0.9820971867007673,0.008683769725822077,0.8636363636363636,0.8893360160965795,0.025699652460215883,1.0,1.0,0.0,1.0,1.0,1.0,1.0,0.930327868852459,0.946058091286307,0.01573022243384803,1.0,1.0,0.0,1.0,1.0,1.0,1.0,0.9588068181818182,0.9763271162123386,0.017520298030520354,1.0,1.0,0.0,1.0,1.0,1.0,1.0,8.308492514617754
000180,inclusion,0,0.0,NA,NA,NA,NA,NA,NA,NA,NA,NA,NA,NA,NA,NA,NA,NA,NA,NA,NA,NA,NA,NA,NA,NA,NA,NA,NA,NA,NA,NA,NA,NA,NA,NA,NA,NA,
000180,patches,0,0.0,NA,NA,NA,NA,NA,NA,NA,NA,NA,NA,NA,NA,NA,NA,NA,NA,NA,NA,NA,NA,NA,NA,NA,NA,NA,NA,NA,NA,NA,NA,NA,NA,NA,NA,NA,
000181,crazing,2137,0.053425,0.9523595505617978,0.9489476041200179,0.9755985267034991,0.9738051470588235,-0.0034119464417798895,0.8464364437913299,0.8340643274853801,-0.01237211630594981,0.9991876523151909,1.0,0.0008123476848090894,1.0,0.9983766233766234,1.0,1.0,0.9198926791874281,0.9114503816793893,-0.00844229750803882,1.0,1.0,0.0,1.0,1.0,1.0,1.0,0.9468980021030494,0.941839140686403,-0.005058861416646465,1.0,1.0,0.0,1.0,1.0,1.0,1.0,13.325344666536175
000181,inclusion,0,0.0,NA,NA,NA,NA,NA,NA,NA,NA,NA,NA,NA,NA,NA,NA,NA,NA,NA,NA,NA,NA,NA,NA,NA,NA,NA,NA,NA,NA,NA,NA,NA,NA,NA,NA,NA,
000181,patches,0,0.0,NA,NA,NA,NA,NA,NA,NA,NA,NA,NA,NA,NA,NA,NA,NA,NA,NA,NA,NA,NA,NA,NA,NA,NA,NA,NA,NA,NA,NA,NA,NA,NA,NA,NA,NA,
000182,crazing,2640,0.066,0.956172388604821,0.9682187730968219,0.977595220313667,0.9838527975966954,0.012046384492000906,0.8244330651060717,0.8721804511278195,0.04774738602174777,0.9926941157978022,0.9943135662063363,0.0016194504085340622,0.9983766233766234,0.9870759289176091,1.0,0.9886914378029079,0.9108796296296297,0.9332292073408824,0.022349577711252788,1.0,1.0,0.0,1.0,1.0,1.0,1.0,0.9436320127625631,0.9589151450053706,0.015283132242807418,1.0,1.0,0.0,1.0,1.0,1.0,1.0,12.047271160899568
000182,inclusion,0,0.0,NA,NA,NA,NA,NA,NA,NA,NA,NA,NA,NA,NA,NA,NA,NA,NA,NA,NA,NA,NA,NA,NA,NA,NA,NA,NA,NA,NA,NA,NA,NA,NA,NA,NA,NA,
000182,patches,0,0.0,NA,NA,NA,NA,NA,NA,NA,NA,NA,NA,NA,NA,NA,NA,NA,NA,NA,NA,NA,NA,NA,NA,NA,NA,NA,NA,NA,NA,NA,NA,NA,NA,NA,NA,NA,
000183,crazing,2026,0.05065,0.972972972972973,0.9761904761904762,0.9863013698630136,0.9879518072289156,0.003217503217503137,0.8660826032540676,0.8795944233206591,0.013511820066591462,0.9946127280251675,1.0,0.005387271974832464,0.9919571045576407,0.9972826086956522,1.0,1.0,0.9328990228013029,0.9377049180327869,0.004805895231484003,1.0,1.0,0.0,1.0,1.0,1.0,1.0,0.9544650751547303,0.9595375722543352,0.005072497099604889,1.0,1.0,0.0,1.0,1.0,1.0,1.0,8.175759320934054
000183,inclusion,0,0.0,NA,NA,NA,NA,NA,NA,NA,NA,NA,NA,NA,NA,NA,NA,NA,NA,NA,NA,NA,NA,NA,NA,NA,NA,NA,NA,NA,NA,NA,NA,NA,NA,NA,NA,NA,
000183,patches,0,0.0,NA,NA,NA,NA,NA,NA,NA,NA,NA,NA,NA,NA,NA,NA,NA,NA,NA,NA,NA,NA,NA,NA,NA,NA,NA,NA,NA,NA,NA,NA,NA,NA,NA,NA,NA,
000184,crazing,3335,0.083375,0.9788359788359788,0.9854900799526207,0.9893048128342246,0.9926920208799404,0.006654101116641886,0.8462354188759279,0.8958333333333334,0.04959791445740547,1.0,1.0,0.0,1.0,1.0,1.0,1.0,0.9175884955752213,0.9490373725934315,0.0314488770182102,1.0,1.0,0.0,1.0,1.0,1.0,1.0,0.9432970334209538,0.9685823754789272,0.025285342057973392,1.0,1.0,0.0,1.0,1.0,1.0,1.0,7.411324856726631
000184,inclusion,0,0.0,NA,NA,NA,NA,NA,NA,NA,NA,NA,NA,NA,NA,NA,NA,NA,NA,NA,NA,NA,NA,NA,NA,NA,NA,NA,NA,NA,NA,NA,NA,NA,NA,NA,NA,NA,
000184,patches,0,0.0,NA,NA,NA,NA,NA,NA,NA,NA,NA,NA,NA,NA,NA,NA,NA,NA,NA,NA,NA,NA,NA,NA,NA,NA,NA,NA,NA,NA,NA,NA,NA,NA,NA,NA,NA,
000185,crazing,3016,0.0754,0.9709208400646203,0.9582403570290086,0.9852459016393442,0.9786749145368713,-0.012680483035611756,0.8119747899159664,0.7370558375634517,-0.07491895235251467,0.9976553050445381,1.0,0.002344694955461857,0.9976635514018691,0.9976470588235294,1.0,1.0,0.9040488075429839,0.8597926895799236,-0.04425611796306028,1.0,1.0,0.0,1.0,1.0,1.0,1.0,0.9380699088145896,0.9042433345850545,-0.03382657422953517,1.0,1.0,0.0,1.0,1.0,1.0,1.0,7.738793557748066
000185,inclusion,0,0.0,NA,NA,NA,NA,NA,NA,NA,NA,NA,NA,NA,NA,NA,NA,NA,NA,NA,NA,NA,NA,NA,NA,NA,NA,NA,NA,NA,NA,NA,NA,NA,NA,NA,NA,NA,
000185,patches,0,0.0,NA,NA,NA,NA,NA,NA,NA,NA,NA,NA,NA,NA,NA,NA,NA,NA,NA,NA,NA,NA,NA,NA,NA,NA,NA,NA,NA,NA,NA,NA,NA,NA,NA,NA,NA,
000186,crazing,1646,0.04115,0.960233918128655,0.9558139534883721,0.9797136038186157,0.9774078478002378,-0.004419964640282936,0.8239895697522817,0.8074935400516796,-0.016496029700602044,0.9970930232558141,1.0,0.0029069767441859407,1.0,0.9942028985507246,1.0,1.0,0.9080932784636488,0.8983628922237381,-0.009730386239910738,1.0,1.0,0.0,1.0,1.0,1.0,1.0,0.9438362684435982,0.9397533206831119,-0.004082947760486344,1.0,1.0,0.0,1.0,1.0,1.0,1.0,8.503626558213577
000186,inclusion,0,0.0,NA,NA,NA,NA,NA,NA,NA,NA,NA,NA,NA,NA,NA,NA,NA,NA,NA,NA,NA,NA,NA,NA,NA,NA,NA,NA,NA,NA,NA,NA,NA,NA,NA,NA,NA,
000186,patches,0,0.0,NA,NA,NA,NA,NA,NA,NA,NA,NA,NA,NA,NA,NA,NA,NA,NA,NA,NA,NA,NA,NA,NA,NA,NA,NA,NA,NA,NA,NA,NA,NA,NA,NA,NA,NA,
000187,crazing,966,0.02415,0.9548192771084337,0.9601196410767697,0.9768875192604006,0.9796541200406917,0.005300363968335997,0.8580441640378549,0.8724082934609251,0.014364129423070193,1.0,1.0,0.0,1.0,1.0,1.0,1.0,0.9278688524590164,0.9348184818481848,0.006949629389168432,1.0,1.0,0.0,1.0,1.0,1.0,1.0,0.9559244419004007,0.9598393574297188,0.003914915529318108,1.0,1.0,0.0,1.0,1.0,1.0,1.0,9.29842258266852
000187,inclusion,0,0.0,NA,NA,NA,NA,NA,NA,NA,NA,NA,NA,NA,NA,NA,NA,NA,NA,NA,NA,NA,NA,NA,NA,NA,NA,NA,NA,NA,NA,NA,NA,NA,NA,NA,NA,NA,
000187,patches,0,0.0,NA,NA,NA,NA,NA,NA,NA,NA,NA,NA,NA,NA,NA,NA,NA,NA,NA,NA,NA,NA,NA,NA,NA,NA,NA,NA,NA,NA,NA,NA,NA,NA,NA,NA,NA,
000188,crazing,905,0.022625,0.9578378378378378,0.9663774403470716,0.9784649364991718,0.9829012686155544,0.008539602509233801,0.8766025641025641,0.8988580750407831,0.02225551093821898,1.0,1.0,0.0,1.0,1.0,1.0,1.0,0.9345484672742337,0.9481171548117154,0.01356868753748175,1.0,1.0,0.0,1.0,1.0,1.0,1.0,0.9569460390355913,0.9693287037037037,0.012382664668112442,1.0,1.0,0.0,1.0,1.0,1.0,1.0,9.506961682997831
000188,inclusion,0,0.0,NA,NA,NA,NA,NA,NA,NA,NA,NA,NA,NA,NA,NA,NA,NA,NA,NA,NA,NA,NA,NA,NA,NA,NA,NA,NA,NA,NA,NA,NA,NA,NA,NA,NA,NA,
000188,patches,0,0.0,NA,NA,NA,NA,NA,NA,NA,NA,NA,NA,NA,NA,NA,NA,NA,NA,NA,NA,NA,NA,NA,NA,NA,NA,NA,NA,NA,NA,NA,NA,NA,NA,NA,NA,NA,
000189,crazing,816,0.0204,0.9221076746849943,0.917420814479638,0.9594755661501788,0.9569321533923304,-0.004686860205356358,0.8,0.7844311377245509,-0.01556886227544918,1.0,0.9982608695652174,-0.0017391304347825765,1.0,1.0,0.9965277777777778,1.0,0.8983739837398373,0.8893376413570274,-0.009036342382809925,1.0,1.0,0.0,1.0,1.0,1.0,1.0,0.9310740953475014,0.9228130360205832,-0.00826105932691823,1.0,1.0,0.0,1.0,1.0,1.0,1.0,9.941988596598868
000189,inclusion,0,0.0,NA,NA,NA,NA,NA,NA,NA,NA,NA,NA,NA,NA,NA,NA,NA,NA,NA,NA,NA,NA,NA,NA,NA,NA,NA,NA,NA,NA,NA,NA,NA,NA,NA,NA,NA,
000189,patches,0,0.0,NA,NA,NA,NA,NA,NA,NA,NA,NA,NA,NA,NA,NA,NA,NA,NA,NA,NA,NA,NA,NA,NA,NA,NA,NA,NA,NA,NA,NA,NA,NA,NA,NA,NA,NA,
000190,crazing,6361,0.159025,0.9719913819636812,0.9818885448916409,0.9857967847666614,0.9908615168319925,0.009897162927959724,0.8142414860681114,0.8787234042553191,0.06448191818720772,1.0,0.9994282447112636,-0.0005717552887364308,1.0,1.0,0.9988571428571429,1.0,0.9058503401360545,0.939209726443769,0.03335938630771451,1.0,1.0,0.0,1.0,1.0,1.0,1.0,0.9374180251077384,0.9593342160015131,0.021916190893774723,1.0,1.0,0.0,1.0,1.0,1.0,1.0,10.88321045321206
000190,inclusion,0,0.0,NA,NA,NA,NA,NA,NA,NA,NA,NA,NA,NA,NA,NA,NA,NA,NA,NA,NA,NA,NA,NA,NA,NA,NA,NA,NA,NA,NA,NA,NA,NA,NA,NA,NA,NA,
000190,patches,0,0.0,NA,NA,NA,NA,NA,NA,NA,NA,NA,NA,NA,NA,NA,NA,NA,NA,NA,NA,NA,NA,NA,NA,NA,NA,NA,NA,NA,NA,NA,NA,NA,NA,NA,NA,NA,
000191,crazing,5059,0.126475,0.9548215641609719,0.9717253317945759,0.9768887162555836,0.9856599356160375,0.016903767633604017,0.7421959095801938,0.8331422018348624,0.09094629225466866,0.9949959434099719,1.0,0.005004056590028116,0.9912935323383084,0.9987261146496815,1.0,1.0,0.8620689655172413,0.9138813610358326,0.05181239551859129,0.9987546699875467,1.0,0.001245330012453305,0.9975124378109452,1.0,1.0,1.0,0.9064893188230552,0.9426144603273254,0.036125141504270264,0.9993777224642191,1.0,0.000622277535780924,0.9987562189054726,1.0,1.0,1.0,11.03665119046086
000191,inclusion,0,0.0,NA,NA,NA,NA,NA,NA,NA,NA,NA,NA,NA,NA,NA,NA,NA,NA,NA,NA,NA,NA,NA,NA,NA,NA,NA,NA,NA,NA,NA,NA,NA,NA,NA,NA,NA,
000191,patches,0,0.0,NA,NA,NA,NA,NA,NA,NA,NA,NA,NA,NA,NA,NA,NA,NA,NA,NA,NA,NA,NA,NA,NA,NA,NA,NA,NA,NA,NA,NA,NA,NA,NA,NA,NA,NA,
000192,crazing,3152,0.0788,0.9668011169717654,0.974159402241594,0.9831203659883262,0.9869105819271409,0.007358285269828624,0.8418708240534521,0.8762264150943396,0.03435559104088748,0.9991796554552912,1.0,0.0008203445447088065,1.0,0.9983606557377049,1.0,1.0,0.9186770428015564,0.9357618488053271,0.017084806003770714,1.0,1.0,0.0,1.0,1.0,1.0,1.0,0.9449197860962567,0.9575497044599678,0.012629918363711079,1.0,1.0,0.0,1.0,1.0,1.0,1.0,10.86517512315622
000192,inclusion,0,0.0,NA,NA,NA,NA,NA,NA,NA,NA,NA,NA,NA,NA,NA,NA,NA,NA,NA,NA,NA,NA,NA,NA,NA,NA,NA,NA,NA,NA,NA,NA,NA,NA,NA,NA,NA,
000192,patches,0,0.0,NA,NA,NA,NA,NA,NA,NA,NA,NA,NA,NA,NA,NA,NA,NA,NA,NA,NA,NA,NA,NA,NA,NA,NA,NA,NA,NA,NA,NA,NA,NA,NA,NA,NA,NA,
000193,crazing,2608,0.0652,0.9647233568510954,0.9696174043510878,0.982044982044982,0.9845743667872786,0.004894047499992338,0.8464025869037995,0.8669950738916257,0.02059248698782612,1.0,0.9991063449508489,-0.0008936550491510653,1.0,1.0,0.9982142857142857,1.0,0.9192389006342495,0.9300937766410913,0.010854876006841763,1.0,1.0,0.0,1.0,1.0,1.0,1.0,0.9449461112729391,0.9548254620123203,0.009879350739381176,1.0,1.0,0.0,1.0,1.0,1.0,1.0,10.84815723233321
000193,inclusion,0,0.0,NA,NA,NA,NA,NA,NA,NA,NA,NA,NA,NA,NA,NA,NA,NA,NA,NA,NA,NA,NA,NA,NA,NA,NA,NA,NA,NA,NA,NA,NA,NA,NA,NA,NA,NA,
000193,patches,0,0.0,NA,NA,NA,NA,NA,NA,NA,NA,NA,NA,NA,NA,NA,NA,NA,NA,NA,NA,NA,NA,NA,NA,NA,NA,NA,NA,NA,NA,NA,NA,NA,NA,NA,NA,NA,
000194,crazing,915,0.022875,0.8940594059405941,0.9188640973630832,0.9440669106116049,0.9577167019027484,0.02480469142248909,0.7087912087912088,0.7746077032810271,0.0658164944898183,0.9950576606260296,0.9933768255124681,-0.0016808351135615407,0.9901639344262295,1.0,0.9934426229508196,0.9933110367892977,0.8436336559940432,0.8785117691723614,0.03487811317831824,1.0,1.0,0.0,1.0,1.0,1.0,1.0,0.9043887147335423,0.9270227392913802,0.022634024557837917,1.0,1.0,0.0,1.0,1.0,1.0,1.0,9.88463509336393
000194,inclusion,0,0.0,NA,NA,NA,NA,NA,NA,NA,NA,NA,NA,NA,NA,NA,NA,NA,NA,NA,NA,NA,NA,NA,NA,NA,NA,NA,NA,NA,NA,NA,NA,NA,NA,NA,NA,NA,
000194,patches,0,0.0,NA,NA,NA,NA,NA,NA,NA,NA,NA,NA,NA,NA,NA,NA,NA,NA,NA,NA,NA,NA,NA,NA,NA,NA,NA,NA,NA,NA,NA,NA,NA,NA,NA,NA,NA,
000195,crazing,975,0.024375,0.9566074950690335,0.9566074950690335,0.9778225806451613,0.9778225806451613,0.0,0.8095238095238095,0.8065217391304348,-0.003002070393374745,1.0,1.0,0.0,1.0,1.0,1.0,1.0,0.8965909090909091,0.8971428571428571,0.0005519480519480258,1.0,1.0,0.0,1.0,1.0,1.0,1.0,0.9284603421461898,0.932601880877743,0.004141538731553207,1.0,1.0,0.0,1.0,1.0,1.0,1.0,6.469177413725521
000195,inclusion,0,0.0,NA,NA,NA,NA,NA,NA,NA,NA,NA,NA,NA,NA,NA,NA,NA,NA,NA,NA,NA,NA,NA,NA,NA,NA,NA,NA,NA,NA,NA,NA,NA,NA,NA,NA,NA,
000195,patches,0,0.0,NA,NA,NA,NA,NA,NA,NA,NA,NA,NA,NA,NA,NA,NA,NA,NA,NA,NA,NA,NA,NA,NA,NA,NA,NA,NA,NA,NA,NA,NA,NA,NA,NA,NA,NA,
000196,crazing,1422,0.03555,0.9709141274238227,0.9639455782312926,0.9852424455375967,0.9816418427433322,-0.0069685491925300935,0.8963855421686747,0.8745603751465416,-0.021825167022133107,1.0,1.0,0.0,1.0,1.0,1.0,1.0,0.9448574969021065,0.9338190649666059,-0.011038431935500581,1.0,1.0,0.0,1.0,1.0,1.0,1.0,0.9638807223855523,0.9546765554182118,-0.009204166967340499,1.0,1.0,0.0,1.0,1.0,1.0,1.0,10.289207542006107
000196,inclusion,0,0.0,NA,NA,NA,NA,NA,NA,NA,NA,NA,NA,NA,NA,NA,NA,NA,NA,NA,NA,NA,NA,NA,NA,NA,NA,NA,NA,NA,NA,NA,NA,NA,NA,NA,NA,NA,
000196,patches,0,0.0,NA,NA,NA,NA,NA,NA,NA,NA,NA,NA,NA,NA,NA,NA,NA,NA,NA,NA,NA,NA,NA,NA,NA,NA,NA,NA,NA,NA,NA,NA,NA,NA,NA,NA,NA,
000197,crazing,4957,0.123925,0.9794425775845028,0.9836261980830671,0.9896145396444977,0.9917455204348702,0.0041836204985642444,0.8156723063223509,0.8521897810218978,0.036517474699546915,1.0,1.0,0.0,1.0,1.0,1.0,1.0,0.9027128157156221,0.9249406175771971,0.022227801861575025,1.0,1.0,0.0,1.0,1.0,1.0,1.0,0.9332907756144271,0.9505654281098546,0.01727465249542748,1.0,1.0,0.0,1.0,1.0,1.0,1.0,7.201094328779132
000197,inclusion,0,0.0,NA,NA,NA,NA,NA,NA,NA,NA,NA,NA,NA,NA,NA,NA,NA,NA,NA,NA,NA,NA,NA,NA,NA,NA,NA,NA,NA,NA,NA,NA,NA,NA,NA,NA,NA,
000197,patches,0,0.0,NA,NA,NA,NA,NA,NA,NA,NA,NA,NA,NA,NA,NA,NA,NA,NA,NA,NA,NA,NA,NA,NA,NA,NA,NA,NA,NA,NA,NA,NA,NA,NA,NA,NA,NA,
000198,crazing,6156,0.1539,0.9731788604983336,0.9733803720333547,0.9864071422826349,0.9865106452137169,0.00020151153502112606,0.8229278794402584,0.8273650454302512,0.004437165989992886,0.9915713028009286,0.9905058514259024,-0.0010654513750262273,0.9987966305655837,0.9844497607655502,0.9846698113207547,0.9964114832535885,0.9071022727272727,0.9102961918194641,0.003193919092191355,0.994588093806374,0.9952606635071091,0.0006725697007350373,1.0,0.9892344497607656,0.9905660377358491,1.0,0.9370932754880694,0.9410266457680251,0.003933370279955661,0.9957957957957958,0.9964497041420118,0.0006539083462160367,1.0,0.9916267942583732,0.9929245283018868,1.0,10.655086306432757
000198,inclusion,0,0.0,NA,NA,NA,NA,NA,NA,NA,NA,NA,NA,NA,NA,NA,NA,NA,NA,NA,NA,NA,NA,NA,NA,NA,NA,NA,NA,NA,NA,NA,NA,NA,NA,NA,NA,NA,
000198,patches,0,0.0,NA,NA,NA,NA,NA,NA,NA,NA,NA,NA,NA,NA,NA,NA,NA,NA,NA,NA,NA,NA,NA,NA,NA,NA,NA,NA,NA,NA,NA,NA,NA,NA,NA,NA,NA,
000199,crazing,4173,0.104325,0.9741965751817968,0.9760394644115574,0.9869296577946768,0.9878744650499287,0.0018428892297606136,0.8292873923257635,0.8398096748612213,0.010522282535457728,0.9991460290350128,0.9982817056363604,-0.000864323398652389,1.0,0.9982935153583617,0.9982698961937716,0.9982935153583617,0.9133114215283484,0.9175983436853002,0.004286922156951811,1.0,1.0,0.0,1.0,1.0,1.0,1.0,0.9443045060173524,0.9467905405405406,0.0024860345231881853,1.0,1.0,0.0,1.0,1.0,1.0,1.0,9.071381331523986
000199,inclusion,0,0.0,NA,NA,NA,NA,NA,NA,NA,NA,NA,NA,NA,NA,NA,NA,NA,NA,NA,NA,NA,NA,NA,NA,NA,NA,NA,NA,NA,NA,NA,NA,NA,NA,NA,NA,NA,
000199,patches,0,0.0,NA,NA,NA,NA,NA,NA,NA,NA,NA,NA,NA,NA,NA,NA,NA,NA,NA,NA,NA,NA,NA,NA,NA,NA,NA,NA,NA,NA,NA,NA,NA,NA,NA,NA,NA,
000200,crazing,4620,0.1155,0.9846088071825566,0.984184654840778,0.992244722102542,0.9920292977165015,-0.0004241523417786164,0.8654580152671756,0.8590476190476191,-0.0064103962195565245,0.9989764585465711,0.9938440347978925,-0.005132423748678616,1.0,0.9979550102249489,0.997946611909651,0.9897750511247444,0.929633300297324,0.9258160237388724,-0.0038172765584516544,1.0,1.0,0.0,1.0,1.0,1.0,1.0,0.9520295202952029,0.9477561955793704,-0.004273324715832527,1.0,1.0,0.0,1.0,1.0,1.0,1.0,7.1942888604637085
000200,inclusion,0,0.0,NA,NA,NA,NA,NA,NA,NA,NA,NA,NA,NA,NA,NA,NA,NA,NA,NA,NA,NA,NA,NA,NA,NA,NA,NA,NA,NA,NA,NA,NA,NA,NA,NA,NA,NA,
000200,patches,0,0.0,NA,NA,NA,NA,NA,NA,NA,NA,NA,NA,NA,NA,NA,NA,NA,NA,NA,NA,NA,NA,NA,NA,NA,NA,NA,NA,NA,NA,NA,NA,NA,NA,NA,NA,NA,
000201,crazing,0,0.0,NA,NA,NA,NA,NA,NA,NA,NA,NA,NA,NA,NA,NA,NA,NA,NA,NA,NA,NA,NA,NA,NA,NA,NA,NA,NA,NA,NA,NA,NA,NA,NA,NA,NA,NA,
000201,inclusion,6968,0.1742,0.8712023962344887,0.8352858151023289,0.9311685341870569,0.9102514804275936,-0.035916581132159786,0.2088030059044552,0.1603585657370518,-0.0484444401674034,0.5338070667214198,0.4177170681810917,-0.11608999854032803,0.5412186379928315,0.526595744680851,0.4053601340033501,0.4308510638297872,0.4310289901242434,0.35471587580550673,-0.07631311431873666,0.7896477632118973,0.6969323271758369,-0.09271543603606047,0.7956989247311828,0.7836879432624113,0.6834170854271356,0.7109929078014184,0.5784152363037856,0.49989051894022335,-0.0785247173635622,0.9286327725370642,0.8339198837935842,-0.09471288874348005,0.9229390681003584,0.9343971631205674,0.8190954773869347,0.849290780141844,
000201,patches,0,0.0,NA,NA,NA,NA,NA,NA,NA,NA,NA,NA,NA,NA,NA,NA,NA,NA,NA,NA,NA,NA,NA,NA,NA,NA,NA,NA,NA,NA,NA,NA,NA,NA,NA,NA,NA,
000202,crazing,0,0.0,NA,NA,NA,NA,NA,NA,NA,NA,NA,NA,NA,NA,NA,NA,NA,NA,NA,NA,NA,NA,NA,NA,NA,NA,NA,NA,NA,NA,NA,NA,NA,NA,NA,NA,NA,
000202,inclusion,16724,0.4181,0.754481546572935,0.765346829413516,0.8600621055794851,0.8670781476609667,0.01086528284058097,0.10731568460005693,0.11409395973154363,0.006778275131486697,0.28204139691317814,0.3015408720991957,0.01949947518601758,0.25733207190160834,0.312,0.2782101167315175,0.3291428571428571,0.2175141242937853,0.22466461936318086,0.007150495069395552,0.4512192365391456,0.4755220719381688,0.024302835399023226,0.4162724692526017,0.49257142857142855,0.4396887159533074,0.5177142857142857,0.3182387074752532,0.3297985153764581,0.011559807901204922,0.5924938607865439,0.5772860801410216,-0.015207780645522306,0.5449385052034059,0.6491428571428571,0.5321011673151751,0.6308571428571429,
000202,patches,0,0.0,NA,NA,NA,NA,NA,NA,NA,NA,NA,NA,NA,NA,NA,NA,NA,NA,NA,NA,NA,NA,NA,NA,NA,NA,NA,NA,NA,NA,NA,NA,NA,NA,NA,NA,NA,
000203,crazing,0,0.0,NA,NA,NA,NA,NA,NA,NA,NA,NA,NA,NA,NA,NA,NA,NA,NA,NA,NA,NA,NA,NA,NA,NA,NA,NA,NA,NA,NA,NA,NA,NA,NA,NA,NA,NA,
000203,inclusion,14292,0.3573,0.7865377463741168,0.7912584777694047,0.8805162364696086,0.8834665544804375,0.004720731395287947,0.20707395498392284,0.22088525999140524,0.0138113050074824,0.5072023363195074,0.5203396640025588,0.013137327683051425,0.48243243243243245,0.5346534653465347,0.4919786096256685,0.5521706016755522,0.39700561447286337,0.40231027201589864,0.005304657543035274,0.740544720777181,0.7333455580889247,-0.0071991626882563775,0.7006756756756757,0.7852246763137852,0.6938502673796791,0.7776085300837776,0.511560431589446,0.5208257877580587,0.009265356168612682,0.8421592861990747,0.8324842081000144,-0.009675078099060208,0.802027027027027,0.8865194211728865,0.7901069518716578,0.8796648895658796,
000203,patches,0,0.0,NA,NA,NA,NA,NA,NA,NA,NA,NA,NA,NA,NA,NA,NA,NA,NA,NA,NA,NA,NA,NA,NA,NA,NA,NA,NA,NA,NA,NA,NA,NA,NA,NA,NA,NA,
000204,crazing,0,0.0,NA,NA,NA,NA,NA,NA,NA,NA,NA,NA,NA,NA,NA,NA,NA,NA,NA,NA,NA,NA,NA,NA,NA,NA,NA,NA,NA,NA,NA,NA,NA,NA,NA,NA,NA,
000204,inclusion,3928,0.0982,0.8230946882217091,0.8428797826579126,0.9029642766658221,0.9147420147420148,0.019785094436203576,0.2037037037037037,0.2972768532526475,0.09357314954894383,0.5040814554296383,0.62676378100895,0.12268232557931169,0.5058275058275058,0.5023474178403756,0.6339712918660287,0.6197183098591549,0.41417004048582995,0.4858757062146893,0.07170566572885934,0.7742701465007314,0.7949741148551773,0.02070396835444588,0.7738927738927739,0.7746478873239436,0.80622009569378,0.784037558685446,0.5521051060017916,0.6126893939393939,0.06058428793760229,0.8934364494737035,0.9170820423009565,0.02364559282725298,0.8811188811188811,0.9061032863849765,0.9210526315789473,0.9131455399061033,
000204,patches,0,0.0,NA,NA,NA,NA,NA,NA,NA,NA,NA,NA,NA,NA,NA,NA,NA,NA,NA,NA,NA,NA,NA,NA,NA,NA,NA,NA,NA,NA,NA,NA,NA,NA,NA,NA,NA,
000205,crazing,0,0.0,NA,NA,NA,NA,NA,NA,NA,NA,NA,NA,NA,NA,NA,NA,NA,NA,NA,NA,NA,NA,NA,NA,NA,NA,NA,NA,NA,NA,NA,NA,NA,NA,NA,NA,NA,
000205,inclusion,17709,0.442725,0.7834490419327964,0.7734266511137032,0.8785774345239948,0.8722397970369906,-0.010022390819093174,0.1850974196945761,0.1702296120348377,-0.014867807659738413,0.46541766787388594,0.40367989245601527,-0.06173777541787068,0.4434931506849315,0.48962264150943396,0.3887423043095866,0.419811320754717,0.327980969372584,0.2920509442248573,-0.035930025147726696,0.6109623163777703,0.5625853436504324,-0.048376972727337875,0.5847602739726028,0.6396226415094339,0.5435356200527705,0.5830188679245283,0.427143778207608,0.3856326703343208,-0.04151110787328721,0.730608752414809,0.6660285177956514,-0.06458023461915763,0.6952054794520548,0.769811320754717,0.6367634124890061,0.6981132075471698,
000205,patches,0,0.0,NA,NA,NA,NA,NA,NA,NA,NA,NA,NA,NA,NA,NA,NA,NA,NA,NA,NA,NA,NA,NA,NA,NA,NA,NA,NA,NA,NA,NA,NA,NA,NA,NA,NA,NA,
000206,crazing,0,0.0,NA,NA,NA,NA,NA,NA,NA,NA,NA,NA,NA,NA,NA,NA,NA,NA,NA,NA,NA,NA,NA,NA,NA,NA,NA,NA,NA,NA,NA,NA,NA,NA,NA,NA,NA,
000206,inclusion,19616,0.4904,0.8830385852090032,0.8663745340989222,0.9378868729989328,0.928403724193766,-0.01666405111008107,0.21842447916666666,0.19541284403669726,-0.0230116351299694,0.516881246655789,0.48848982956960846,-0.028391417086180593,0.46087786259541985,0.5883777239709443,0.42133333333333334,0.5811138014527845,0.3994733872484484,0.38732772507606944,-0.012145662172378946,0.7227410492467137,0.7443894509461368,0.02164840169942317,0.6517175572519084,0.8111380145278451,0.6462222222222223,0.8777239709443099,0.507547939616483,0.49272727272727274,-0.014820666889210299,0.8277042835829933,0.8190403939249721,-0.008663889658021229,0.7404580152671756,0.9382566585956417,0.7182222222222222,0.9527845036319612,
000206,patches,0,0.0,NA,NA,NA,NA,NA,NA,NA,NA,NA,NA,NA,NA,NA,NA,NA,NA,NA,NA,NA,NA,NA,NA,NA,NA,NA,NA,NA,NA,NA,NA,NA,NA,NA,NA,NA,
000207,crazing,0,0.0,NA,NA,NA,NA,NA,NA,NA,NA,NA,NA,NA,NA,NA,NA,NA,NA,NA,NA,NA,NA,NA,NA,NA,NA,NA,NA,NA,NA,NA,NA,NA,NA,NA,NA,NA,
000207,inclusion,15933,0.398325,0.9041019612695663,0.9119423219127434,0.9496360800623863,0.9539433396718987,0.007840360643177058,0.14319582740635373,0.14701529353724715,0.0038194661308934286,0.36062861869313484,0.35748391114801736,-0.0031447075451174755,0.340625,0.38312829525483305,0.3547297297297297,0.3602811950790861,0.27465735017468423,0.27310459324847813,-0.0015527569262061003,0.5197420797064389,0.5013411016572819,-0.01840097804915708,0.496875,0.5448154657293497,0.4966216216216216,0.5061511423550088,0.40608730476571886,0.4125773195876289,0.006490014821910028,0.6754562577125414,0.6864162630513105,0.010960005338769174,0.65,0.70298769771529,0.6706081081081081,0.70298769771529,
000207,patches,0,0.0,NA,NA,NA,NA,NA,NA,NA,NA,NA,NA,NA,NA,NA,NA,NA,NA,NA,NA,NA,NA,NA,NA,NA,NA,NA,NA,NA,NA,NA,NA,NA,NA,NA,NA,NA,
000208,crazing,0,0.0,NA,NA,NA,NA,NA,NA,NA,NA,NA,NA,NA,NA,NA,NA,NA,NA,NA,NA,NA,NA,NA,NA,NA,NA,NA,NA,NA,NA,NA,NA,NA,NA,NA,NA,NA,
000208,inclusion,4465,0.111625,0.8422649140546006,0.8287443858621363,0.9143798024149287,0.9063534436732514,-0.013520528192464298,0.2862669245647969,0.27403245942571786,-0.012234465139079054,0.655070760428405,0.6728868847740574,0.017816124345652495,0.5807622504537205,0.7511848341232228,0.5878260869565217,0.7867298578199052,0.4776902887139108,0.46451846488052134,-0.01317182383338944,0.8115434155702612,0.8247589211415146,0.013215505571253394,0.720508166969147,0.9289099526066351,0.7217391304347827,0.9620853080568721,0.5780954950094416,0.5576873217526576,-0.020408173256784012,0.8644721596159205,0.8513537574038245,-0.013118402212096036,0.764065335753176,0.995260663507109,0.7478260869565218,0.9881516587677726,
000208,patches,0,0.0,NA,NA,NA,NA,NA,NA,NA,NA,NA,NA,NA,NA,NA,NA,NA,NA,NA,NA,NA,NA,NA,NA,NA,NA,NA,NA,NA,NA,NA,NA,NA,NA,NA,NA,NA,
000209,crazing,0,0.0,NA,NA,NA,NA,NA,NA,NA,NA,NA,NA,NA,NA,NA,NA,NA,NA,NA,NA,NA,NA,NA,NA,NA,NA,NA,NA,NA,NA,NA,NA,NA,NA,NA,NA,NA,
000209,inclusion,3866,0.09665,0.8978102189781022,0.8909756097560976,0.9461538461538461,0.9423448987488714,-0.006834609222004628,0.353476821192053,0.3311845286059629,-0.022292292586090057,0.7291012376611875,0.7144067357065057,-0.014694501954681805,0.7526041666666666,0.7070217917675545,0.7244897959183674,0.7046004842615012,0.5893648449039882,0.5626500240038406,-0.02671482090014765,0.9261851798942877,0.9131875414181577,-0.012997638476130002,0.953125,0.9007263922518159,0.9285714285714286,0.8983050847457628,0.7218374043018593,0.6780845858091576,-0.04375281849270163,0.9777261956574304,0.9728199464269844,-0.004906249230445914,0.9921875,0.9636803874092009,0.9897959183673469,0.9564164648910412,
000209,patches,0,0.0,NA,NA,NA,NA,NA,NA,NA,NA,NA,NA,NA,NA,NA,NA,NA,NA,NA,NA,NA,NA,NA,NA,NA,NA,NA,NA,NA,NA,NA,NA,NA,NA,NA,NA,NA,
000210,crazing,0,0.0,NA,NA,NA,NA,NA,NA,NA,NA,NA,NA,NA,NA,NA,NA,NA,NA,NA,NA,NA,NA,NA,NA,NA,NA,NA,NA,NA,NA,NA,NA,NA,NA,NA,NA,NA,
000210,inclusion,6185,0.154625,0.8299287410926366,0.8384917517674784,0.907061266874351,0.9121517689283883,0.008563010674841776,0.15693012600229095,0.17844925883694412,0.021519132834653176,0.4174265450861196,0.4407913067706882,0.02336476168456858,0.4364406779661017,0.4,0.45161290322580644,0.43047619047619046,0.3332227016262861,0.36113869579609403,0.027915994169807945,0.6092560046865847,0.6638359820453719,0.05457997735878717,0.625,0.5942857142857143,0.6895161290322581,0.64,0.48205889631279386,0.502819318460407,0.02076042214761309,0.8451080475122835,0.8501469147894222,0.005038867277138648,0.8728813559322034,0.819047619047619,0.875,0.8266666666666667,
000210,patches,0,0.0,NA,NA,NA,NA,NA,NA,NA,NA,NA,NA,NA,NA,NA,NA,NA,NA,NA,NA,NA,NA,NA,NA,NA,NA,NA,NA,NA,NA,NA,NA,NA,NA,NA,NA,NA,
000211,crazing,0,0.0,NA,NA,NA,NA,NA,NA,NA,NA,NA,NA,NA,NA,NA,NA,NA,NA,NA,NA,NA,NA,NA,NA,NA,NA,NA,NA,NA,NA,NA,NA,NA,NA,NA,NA,NA,
000211,inclusion,6464,0.1616,0.9761293246714006,0.9835889570552148,0.9879204892966361,0.9917265908915178,0.0074596323838141965,0.7417491749174917,0.8123393316195373,0.0705901567020456,1.0,0.9990375360923965,-0.0009624639076034613,1.0,1.0,1.0,0.9980769230769231,0.863395225464191,0.8966292134831461,0.03323398801895505,1.0,1.0,0.0,1.0,1.0,1.0,1.0,0.9077713940127004,0.9267846247712019,0.019013230758501587,1.0,1.0,0.0,1.0,1.0,1.0,1.0,
000211,patches,0,0.0,NA,NA,NA,NA,NA,NA,NA,NA,NA,NA,NA,NA,NA,NA,NA,NA,NA,NA,NA,NA,NA,NA,NA,NA,NA,NA,NA,NA,NA,NA,NA,NA,NA,NA,NA,
000212,crazing,0,0.0,NA,NA,NA,NA,NA,NA,NA,NA,NA,NA,NA,NA,NA,NA,NA,NA,NA,NA,NA,NA,NA,NA,NA,NA,NA,NA,NA,NA,NA,NA,NA,NA,NA,NA,NA,
000212,inclusion,6147,0.153675,0.9784310592746445,0.9769563130100816,0.9890979568763627,0.9883438562408936,-0.0014747462645628984,0.7942942942942943,0.7863568215892054,-0.007937472705088933,1.0,1.0,0.0,1.0,1.0,1.0,1.0,0.8882725832012678,0.8876538308852719,-0.0006187523159958408,1.0,1.0,0.0,1.0,1.0,1.0,1.0,0.9210029657589647,0.9237219367054368,0.00271897094647211,1.0,1.0,0.0,1.0,1.0,1.0,1.0,
000212,patches,0,0.0,NA,NA,NA,NA,NA,NA,NA,NA,NA,NA,NA,NA,NA,NA,NA,NA,NA,NA,NA,NA,NA,NA,NA,NA,NA,NA,NA,NA,NA,NA,NA,NA,NA,NA,NA,
000213,crazing,0,0.0,NA,NA,NA,NA,NA,NA,NA,NA,NA,NA,NA,NA,NA,NA,NA,NA,NA,NA,NA,NA,NA,NA,NA,NA,NA,NA,NA,NA,NA,NA,NA,NA,NA,NA,NA,
000213,inclusion,6466,0.16165,0.9803951367781155,0.9824266503667481,0.9901005295065612,0.9911354351345102,0.0020315135886326274,0.7746478873239436,0.7942754919499105,0.01962760462596691,0.9940178923220618,1.0,0.005982107677938164,0.9940357852882704,0.994,1.0,1.0,0.8821879382889201,0.8932451582427964,0.011057219953876318,1.0,1.0,0.0,1.0,1.0,1.0,1.0,0.9204328453214513,0.928709055876686,0.008276210555234642,1.0,1.0,0.0,1.0,1.0,1.0,1.0,
000213,patches,0,0.0,NA,NA,NA,NA,NA,NA,NA,NA,NA,NA,NA,NA,NA,NA,NA,NA,NA,NA,NA,NA,NA,NA,NA,NA,NA,NA,NA,NA,NA,NA,NA,NA,NA,NA,NA,
000214,crazing,0,0.0,NA,NA,NA,NA,NA,NA,NA,NA,NA,NA,NA,NA,NA,NA,NA,NA,NA,NA,NA,NA,NA,NA,NA,NA,NA,NA,NA,NA,NA,NA,NA,NA,NA,NA,NA,
000214,inclusion,2834,0.07085,0.9701441317776253,0.9766550522648083,0.9848458456714858,0.9881896703684118,0.006510920487183047,0.7617728531855956,0.8034433285509326,0.04167047536533697,1.0,0.998389694041868,-0.0016103059581320522,1.0,1.0,1.0,0.9967845659163987,0.8759231905465288,0.8929110105580694,0.016987820011540644,1.0,1.0,0.0,1.0,1.0,1.0,1.0,0.9162462159434914,0.9261538461538461,0.009907630210354679,1.0,1.0,0.0,1.0,1.0,1.0,1.0,
000214,patches,0,0.0,NA,NA,NA,NA,NA,NA,NA,NA,NA,NA,NA,NA,NA,NA,NA,NA,NA,NA,NA,NA,NA,NA,NA,NA,NA,NA,NA,NA,NA,NA,NA,NA,NA,NA,NA,
000215,crazing,0,0.0,NA,NA,NA,NA,NA,NA,NA,NA,NA,NA,NA,NA,NA,NA,NA,NA,NA,NA,NA,NA,NA,NA,NA,NA,NA,NA,NA,NA,NA,NA,NA,NA,NA,NA,NA,
000215,inclusion,6509,0.162725,0.9806938159879336,0.9839636913767019,0.9902528175449284,0.9919170352295257,0.0032698753887683285,0.7738825591586328,0.8088367899008115,0.03495423074217874,1.0,1.0,0.0,1.0,1.0,1.0,1.0,0.87598699489085,0.8977272727272727,0.02174027783642274,1.0,1.0,0.0,1.0,1.0,1.0,1.0,0.9142405063291139,0.9311454311454311,0.016904924816317224,1.0,1.0,0.0,1.0,1.0,1.0,1.0,
000215,patches,0,0.0,NA,NA,NA,NA,NA,NA,NA,NA,NA,NA,NA,NA,NA,NA,NA,NA,NA,NA,NA,NA,NA,NA,NA,NA,NA,NA,NA,NA,NA,NA,NA,NA,NA,NA,NA,
000216,crazing,0,0.0,NA,NA,NA,NA,NA,NA,NA,NA,NA,NA,NA,NA,NA,NA,NA,NA,NA,NA,NA,NA,NA,NA,NA,NA,NA,NA,NA,NA,NA,NA,NA,NA,NA,NA,NA,
000216,inclusion,8493,0.212325,0.9799976875939415,0.9785442380897451,0.989897810218978,0.9891557835820896,-0.0014534495041963469,0.7596952908587258,0.7455418381344308,-0.014153452724295024,0.9867083659108679,0.9803995034307739,-0.006308862480093991,1.0,0.9737654320987654,0.9968253968253968,0.9645061728395061,0.8656826568265683,0.8580337490829053,-0.007648907743663003,0.9922239502332815,0.9882903981264637,-0.003933552106817784,1.0,0.9845679012345679,1.0,0.9768518518518519,0.9035931174089069,0.9001512859304085,-0.003441831478498414,0.9969040247678018,0.9922239502332815,-0.004680074534520351,1.0,0.9938271604938271,1.0,0.9845679012345679,
000216,patches,0,0.0,NA,NA,NA,NA,NA,NA,NA,NA,NA,NA,NA,NA,NA,NA,NA,NA,NA,NA,NA,NA,NA,NA,NA,NA,NA,NA,NA,NA,NA,NA,NA,NA,NA,NA,NA,
000217,crazing,0,0.0,NA,NA,NA,NA,NA,NA,NA,NA,NA,NA,NA,NA,NA,NA,NA,NA,NA,NA,NA,NA,NA,NA,NA,NA,NA,NA,NA,NA,NA,NA,NA,NA,NA,NA,NA,
000217,inclusion,11212,0.2803,0.984856488818454,0.9840935055804553,0.9923704755145494,0.9919829915400629,-0.0007629832379987267,0.8111731843575419,0.8025442477876106,-0.008628936569931356,0.9987554058423809,0.9987623762376238,6.970395242889005e-06,0.9987484355444305,0.9987623762376238,0.9987623762376238,0.9987623762376238,0.9014705882352941,0.8952436533411147,-0.00622693489417947,1.0,1.0,0.0,1.0,1.0,1.0,1.0,0.9339735894357744,0.9290822407628129,-0.004891348672961482,1.0,1.0,0.0,1.0,1.0,1.0,1.0,
000217,patches,0,0.0,NA,NA,NA,NA,NA,NA,NA,NA,NA,NA,NA,NA,NA,NA,NA,NA,NA,NA,NA,NA,NA,NA,NA,NA,NA,NA,NA,NA,NA,NA,NA,NA,NA,NA,NA,
000218,crazing,0,0.0,NA,NA,NA,NA,NA,NA,NA,NA,NA,NA,NA,NA,NA,NA,NA,NA,NA,NA,NA,NA,NA,NA,NA,NA,NA,NA,NA,NA,NA,NA,NA,NA,NA,NA,NA,
000218,inclusion,10574,0.26435,0.9823239371104289,0.9861682242990654,0.9910831612539891,0.9930359495576887,0.003844287188636497,0.7875762617859123,0.8296422487223168,0.04206598693640451,1.0,0.9981261711430355,-0.0018738288569645212,1.0,1.0,1.0,0.9962593516209476,0.886410331670091,0.9086053412462908,0.022195009576199798,1.0,1.0,0.0,1.0,1.0,1.0,1.0,0.9235235235235235,0.9388866478418717,0.015363124318348187,1.0,1.0,0.0,1.0,1.0,1.0,1.0,
000218,patches,0,0.0,NA,NA,NA,NA,NA,NA,NA,NA,NA,NA,NA,NA,NA,NA,NA,NA,NA,NA,NA,NA,NA,NA,NA,NA,NA,NA,NA,NA,NA,NA,NA,NA,NA,NA,NA,
000219,crazing,0,0.0,NA,NA,NA,NA,NA,NA,NA,NA,NA,NA,NA,NA,NA,NA,NA,NA,NA,NA,NA,NA,NA,NA,NA,NA,NA,NA,NA,NA,NA,NA,NA,NA,NA,NA,NA,
000219,inclusion,17137,0.428425,0.9846313244690036,0.982183908045977,0.9922561559209954,0.9910118875036242,-0.002447416423026594,0.8065454545454546,0.7793696275071633,-0.027175827038291245,0.996000625023406,0.995599485696956,-0.0004011393264500285,0.9991928974979822,0.9928286852589642,0.9983857949959645,0.9928286852589642,0.8969546063972419,0.8831242873432155,-0.01383031905402643,0.998003992015968,1.0,0.001996007984031989,1.0,0.9960159362549801,1.0,1.0,0.9309128901658613,0.9203896103896104,-0.010523279776250893,0.9992025518341308,1.0,0.0007974481658692412,1.0,0.998406374501992,1.0,1.0,
000219,patches,0,0.0,NA,NA,NA,NA,NA,NA,NA,NA,NA,NA,NA,NA,NA,NA,NA,NA,NA,NA,NA,NA,NA,NA,NA,NA,NA,NA,NA,NA,NA,NA,NA,NA,NA,NA,NA,
000220,crazing,0,0.0,NA,NA,NA,NA,NA,NA,NA,NA,NA,NA,NA,NA,NA,NA,NA,NA,NA,NA,NA,NA,NA,NA,NA,NA,NA,NA,NA,NA,NA,NA,NA,NA,NA,NA,NA,
000220,inclusion,7762,0.19405,0.9868622448979592,0.9907692307692307,0.9933876869743853,0.9953632148377125,0.003906985871271584,0.8342585249801745,0.8804878048780488,0.04622927989787429,1.0,1.0,0.0,1.0,1.0,1.0,1.0,0.9138002486531289,0.9375,0.02369975134687108,1.0,1.0,0.0,1.0,1.0,1.0,1.0,0.9441466854724965,0.9568671963677639,0.012720510895267378,1.0,1.0,0.0,1.0,1.0,1.0,1.0,
000220,patches,0,0.0,NA,NA,NA,NA,NA,NA,NA,NA,NA,NA,NA,NA,NA,NA,NA,NA,NA,NA,NA,NA,NA,NA,NA,NA,NA,NA,NA,NA,NA,NA,NA,NA,NA,NA,NA,
000221,crazing,0,0.0,NA,NA,NA,NA,NA,NA,NA,NA,NA,NA,NA,NA,NA,NA,NA,NA,NA,NA,NA,NA,NA,NA,NA,NA,NA,NA,NA,NA,NA,NA,NA,NA,NA,NA,NA,
000221,inclusion,15160,0.379,0.9828638192911853,0.9859834409022753,0.9913578630352232,0.9929422578209631,0.0031196216110900288,0.7965317919075144,0.8299881936245572,0.03345640171704278,1.0,0.998280309544282,-0.0017196904557179593,1.0,1.0,1.0,0.9965665236051502,0.8925518925518926,0.9093152375077113,0.01676334495581866,1.0,1.0,0.0,1.0,1.0,1.0,1.0,0.9263361949598449,0.9372734875940898,0.010937292634244922,1.0,1.0,0.0,1.0,1.0,1.0,1.0,
000221,patches,0,0.0,NA,NA,NA,NA,NA,NA,NA,NA,NA,NA,NA,NA,NA,NA,NA,NA,NA,NA,NA,NA,NA,NA,NA,NA,NA,NA,NA,NA,NA,NA,NA,NA,NA,NA,NA,
000222,crazing,0,0.0,NA,NA,NA,NA,NA,NA,NA,NA,NA,NA,NA,NA,NA,NA,NA,NA,NA,NA,NA,NA,NA,NA,NA,NA,NA,NA,NA,NA,NA,NA,NA,NA,NA,NA,NA,
000222,inclusion,9931,0.248275,0.978778008093969,0.9868473495416501,0.9892752032723101,0.9933801404212638,0.008069341447681122,0.7508751458576429,0.837037037037037,0.0861618911793941,1.0,1.0,0.0,1.0,1.0,1.0,1.0,0.8686427457098284,0.9143041237113402,0.04566137800151182,1.0,1.0,0.0,1.0,1.0,1.0,1.0,0.9114949882704201,0.9406761177753544,0.029181129504934344,1.0,1.0,0.0,1.0,1.0,1.0,1.0,
000222,patches,0,0.0,NA,NA,NA,NA,NA,NA,NA,NA,NA,NA,NA,NA,NA,NA,NA,NA,NA,NA,NA,NA,NA,NA,NA,NA,NA,NA,NA,NA,NA,NA,NA,NA,NA,NA,NA,
000223,crazing,0,0.0,NA,NA,NA,NA,NA,NA,NA,NA,NA,NA,NA,NA,NA,NA,NA,NA,NA,NA,NA,NA,NA,NA,NA,NA,NA,NA,NA,NA,NA,NA,NA,NA,NA,NA,NA,
000223,inclusion,9489,0.237225,0.9850995102636241,0.9849366299605236,0.9924938323447589,0.9924111582142671,-0.00016288030310052104,0.7740112994350282,0.7677419354838709,-0.006269363951157292,1.0,1.0,0.0,1.0,1.0,1.0,1.0,0.884020618556701,0.8764478764478765,-0.007572742108824526,1.0,1.0,0.0,1.0,1.0,1.0,1.0,0.9225352112676056,0.9162027541752125,-0.006332457092393162,1.0,1.0,0.0,1.0,1.0,1.0,1.0,
000223,patches,0,0.0,NA,NA,NA,NA,NA,NA,NA,NA,NA,NA,NA,NA,NA,NA,NA,NA,NA,NA,NA,NA,NA,NA,NA,NA,NA,NA,NA,NA,NA,NA,NA,NA,NA,NA,NA,
000224,crazing,0,0.0,NA,NA,NA,NA,NA,NA,NA,NA,NA,NA,NA,NA,NA,NA,NA,NA,NA,NA,NA,NA,NA,NA,NA,NA,NA,NA,NA,NA,NA,NA,NA,NA,NA,NA,NA,
000224,inclusion,6611,0.165275,0.9775751233368216,0.9771003717472119,0.9886604172966434,0.9884175691937425,-0.0004747515896097454,0.7725225225225225,0.7721139430284858,-0.00040857949403672045,0.9931740614334471,0.9914529914529915,-0.001721069980455625,1.0,0.9864406779661017,1.0,0.9830508474576272,0.8755004003202562,0.876898481215028,0.0013980808947717804,0.9965986394557823,0.9965986394557823,0.0,1.0,0.9932203389830508,1.0,0.9932203389830508,0.9134853062345509,0.9166666666666666,0.0031813604321156985,0.9991518235793045,0.9974511469838573,-0.0017006765954472591,1.0,0.9983050847457627,1.0,0.9949152542372881,
000224,patches,0,0.0,NA,NA,NA,NA,NA,NA,NA,NA,NA,NA,NA,NA,NA,NA,NA,NA,NA,NA,NA,NA,NA,NA,NA,NA,NA,NA,NA,NA,NA,NA,NA,NA,NA,NA,NA,
000225,crazing,0,0.0,NA,NA,NA,NA,NA,NA,NA,NA,NA,NA,NA,NA,NA,NA,NA,NA,NA,NA,NA,NA,NA,NA,NA,NA,NA,NA,NA,NA,NA,NA,NA,NA,NA,NA,NA,
000225,inclusion,7914,0.19785,0.9626865671641791,0.9734820322180917,0.9809885931558935,0.9865628531960317,0.0107954650539126,0.7155131264916468,0.7913776015857285,0.07586447509408167,0.9824713195137897,0.9994378864530634,0.016966566939273675,0.981797497155859,0.9831460674157303,1.0,0.998876404494382,0.8463730569948187,0.8916710595677385,0.04529800257291983,1.0,1.0,0.0,1.0,1.0,1.0,1.0,0.8964465183058148,0.9260333575054387,0.029586839199623904,1.0,1.0,0.0,1.0,1.0,1.0,1.0,
000225,patches,0,0.0,NA,NA,NA,NA,NA,NA,NA,NA,NA,NA,NA,NA,NA,NA,NA,NA,NA,NA,NA,NA,NA,NA,NA,NA,NA,NA,NA,NA,NA,NA,NA,NA,NA,NA,NA,
000226,crazing,0,0.0,NA,NA,NA,NA,NA,NA,NA,NA,NA,NA,NA,NA,NA,NA,NA,NA,NA,NA,NA,NA,NA,NA,NA,NA,NA,NA,NA,NA,NA,NA,NA,NA,NA,NA,NA,
000226,inclusion,16664,0.4166,0.982170268036368,0.986975139764482,0.9910049443021386,0.9934448801221227,0.004804871728114057,0.7912804668726399,0.8463165315474093,0.0550360646747694,0.997289972899729,0.9973024855520054,1.2512652276419622e-05,1.0,0.9945945945945946,0.9976940814757879,0.9969111969111969,0.8884050081654872,0.9180749448934606,0.029669936727973467,0.9988403556242752,0.9984567791149188,-0.000383576509356387,1.0,0.9976833976833976,0.9992313604919293,0.9976833976833976,0.9230769230769231,0.9440707523667164,0.02099382928979332,0.9992272024729522,0.9992272024729522,0.0,1.0,0.9984555984555985,1.0,0.9984555984555985,
000226,patches,0,0.0,NA,NA,NA,NA,NA,NA,NA,NA,NA,NA,NA,NA,NA,NA,NA,NA,NA,NA,NA,NA,NA,NA,NA,NA,NA,NA,NA,NA,NA,NA,NA,NA,NA,NA,NA,
000227,crazing,0,0.0,NA,NA,NA,NA,NA,NA,NA,NA,NA,NA,NA,NA,NA,NA,NA,NA,NA,NA,NA,NA,NA,NA,NA,NA,NA,NA,NA,NA,NA,NA,NA,NA,NA,NA,NA,
000227,inclusion,9870,0.24675,0.9835802963556267,0.9815221733919297,0.9917221885725823,0.9906749332123594,-0.0020581229636970066,0.8430622009569378,0.8212422949265055,-0.02181990603043238,1.0,0.9994700582935877,-0.0005299417064122958,1.0,1.0,1.0,0.9989406779661016,0.9176706827309237,0.9043565348022033,-0.013314147928720321,1.0,1.0,0.0,1.0,1.0,1.0,1.0,0.9429989729544677,0.9310344827586207,-0.011964490195847,1.0,1.0,0.0,1.0,1.0,1.0,1.0,
000227,patches,0,0.0,NA,NA,NA,NA,NA,NA,NA,NA,NA,NA,NA,NA,NA,NA,NA,NA,NA,NA,NA,NA,NA,NA,NA,NA,NA,NA,NA,NA,NA,NA,NA,NA,NA,NA,NA,
000228,crazing,0,0.0,NA,NA,NA,NA,NA,NA,NA,NA,NA,NA,NA,NA,NA,NA,NA,NA,NA,NA,NA,NA,NA,NA,NA,NA,NA,NA,NA,NA,NA,NA,NA,NA,NA,NA,NA,
000228,inclusion,10900,0.2725,0.9864864864864865,0.989517819706499,0.9931972789115646,0.9947312961011591,0.0030313332200124776,0.8221181977764774,0.8592814371257484,0.037163239349271016,0.9974093264248705,1.0,0.002590673575129543,1.0,0.9948320413436692,1.0,1.0,0.9036514268180423,0.9217148182665424,0.01806339144850011,1.0,1.0,0.0,1.0,1.0,1.0,1.0,0.932762580914596,0.944807246682115,0.012044665767519058,1.0,1.0,0.0,1.0,1.0,1.0,1.0,
000228,patches,0,0.0,NA,NA,NA,NA,NA,NA,NA,NA,NA,NA,NA,NA,NA,NA,NA,NA,NA,NA,NA,NA,NA,NA,NA,NA,NA,NA,NA,NA,NA,NA,NA,NA,NA,NA,NA,
000229,crazing,0,0.0,NA,NA,NA,NA,NA,NA,NA,NA,NA,NA,NA,NA,NA,NA,NA,NA,NA,NA,NA,NA,NA,NA,NA,NA,NA,NA,NA,NA,NA,NA,NA,NA,NA,NA,NA,
000229,inclusion,8405,0.210125,0.981401333489297,0.9870694721993652,0.9906133774130704,0.9934926644581165,0.005668138710068216,0.7555898226676947,0.8240963855421687,0.06850656287447399,1.0,0.9982174688057042,-0.0017825311942958333,1.0,1.0,1.0,0.99644128113879,0.8711403869905311,0.9086315789473685,0.037491191956837366,1.0,1.0,0.0,1.0,1.0,1.0,1.0,0.9123349255408822,0.9386065105653912,0.026271585024508992,1.0,1.0,0.0,1.0,1.0,1.0,1.0,
000229,patches,0,0.0,NA,NA,NA,NA,NA,NA,NA,NA,NA,NA,NA,NA,NA,NA,NA,NA,NA,NA,NA,NA,NA,NA,NA,NA,NA,NA,NA,NA,NA,NA,NA,NA,NA,NA,NA,
000230,crazing,0,0.0,NA,NA,NA,NA,NA,NA,NA,NA,NA,NA,NA,NA,NA,NA,NA,NA,NA,NA,NA,NA,NA,NA,NA,NA,NA,NA,NA,NA,NA,NA,NA,NA,NA,NA,NA,
000230,inclusion,9746,0.24365,0.9840355663332323,0.9856852791878172,0.9919535546954573,0.9927910424868347,0.0016497128545849282,0.7468152866242038,0.777059773828756,0.030244487204552195,1.0,1.0,0.0,1.0,1.0,1.0,1.0,0.861878453038674,0.8817480719794345,0.019869618940760447,1.0,1.0,0.0,1.0,1.0,1.0,1.0,0.9048171793383634,0.9200233508464681,0.015206171508104771,1.0,1.0,0.0,1.0,1.0,1.0,1.0,
000230,patches,0,0.0,NA,NA,NA,NA,NA,NA,NA,NA,NA,NA,NA,NA,NA,NA,NA,NA,NA,NA,NA,NA,NA,NA,NA,NA,NA,NA,NA,NA,NA,NA,NA,NA,NA,NA,NA,
000231,crazing,0,0.0,NA,NA,NA,NA,NA,NA,NA,NA,NA,NA,NA,NA,NA,NA,NA,NA,NA,NA,NA,NA,NA,NA,NA,NA,NA,NA,NA,NA,NA,NA,NA,NA,NA,NA,NA,
000231,inclusion,5578,0.13945,0.9797392529950669,0.9842644978783592,0.9897659517664857,0.9920698565445959,0.004525244883292312,0.7576719576719577,0.8073993471164309,0.04972738944447319,0.9987878787878788,1.0,0.00121212121212122,1.0,0.9975786924939467,1.0,1.0,0.870694522868436,0.8962750716332378,0.02558054876480187,1.0,1.0,0.0,1.0,1.0,1.0,1.0,0.911685306594678,0.928654970760234,0.01696966416555601,1.0,1.0,0.0,1.0,1.0,1.0,1.0,
000231,patches,0,0.0,NA,NA,NA,NA,NA,NA,NA,NA,NA,NA,NA,NA,NA,NA,NA,NA,NA,NA,NA,NA,NA,NA,NA,NA,NA,NA,NA,NA,NA,NA,NA,NA,NA,NA,NA,
000232,crazing,0,0.0,NA,NA,NA,NA,NA,NA,NA,NA,NA,NA,NA,NA,NA,NA,NA,NA,NA,NA,NA,NA,NA,NA,NA,NA,NA,NA,NA,NA,NA,NA,NA,NA,NA,NA,NA,
000232,inclusion,7667,0.191675,0.9839352268345971,0.9760326364099949,0.9919025717432144,0.9878709677419355,-0.007902590424602174,0.803921568627451,0.7208083832335329,-0.0831131853939181,1.0,0.9947244654846994,-0.005275534515300606,1.0,1.0,0.9982456140350877,0.9912280701754386,0.8965231788079471,0.8506860371267151,-0.045837141681231985,1.0,1.0,0.0,1.0,1.0,1.0,1.0,0.9295576218653142,0.8981737686773658,-0.03138385318794845,1.0,1.0,0.0,1.0,1.0,1.0,1.0,
000232,patches,0,0.0,NA,NA,NA,NA,NA,NA,NA,NA,NA,NA,NA,NA,NA,NA,NA,NA,NA,NA,NA,NA,NA,NA,NA,NA,NA,NA,NA,NA,NA,NA,NA,NA,NA,NA,NA,
000233,crazing,0,0.0,NA,NA,NA,NA,NA,NA,NA,NA,NA,NA,NA,NA,NA,NA,NA,NA,NA,NA,NA,NA,NA,NA,NA,NA,NA,NA,NA,NA,NA,NA,NA,NA,NA,NA,NA,
000233,inclusion,3527,0.088175,0.9807959922070693,0.9764281752634498,0.9903049037515808,0.9880735232215518,-0.004367816943619429,0.7612456747404844,0.7142857142857143,-0.04695996045477013,1.0,1.0,0.0,1.0,1.0,1.0,1.0,0.8754612546125461,0.85,-0.025461254612546114,1.0,1.0,0.0,1.0,1.0,1.0,1.0,0.9154574132492114,0.8975640224859462,-0.017893390763265127,1.0,1.0,0.0,1.0,1.0,1.0,1.0,
000233,patches,0,0.0,NA,NA,NA,NA,NA,NA,NA,NA,NA,NA,NA,NA,NA,NA,NA,NA,NA,NA,NA,NA,NA,NA,NA,NA,NA,NA,NA,NA,NA,NA,NA,NA,NA,NA,NA,
000234,crazing,0,0.0,NA,NA,NA,NA,NA,NA,NA,NA,NA,NA,NA,NA,NA,NA,NA,NA,NA,NA,NA,NA,NA,NA,NA,NA,NA,NA,NA,NA,NA,NA,NA,NA,NA,NA,NA,
000234,inclusion,2291,0.057275,0.9692832764505119,0.9638759031024224,0.9844020797227037,0.9816057130491236,-0.005407373348089495,0.8081471747700394,0.7767741935483871,-0.03137298122165233,1.0,1.0,0.0,1.0,1.0,1.0,1.0,0.8959056210964608,0.8726899383983573,-0.02321568269810348,1.0,1.0,0.0,1.0,1.0,1.0,1.0,0.9279620853080569,0.9112676056338028,-0.01669447967425408,1.0,1.0,0.0,1.0,1.0,1.0,1.0,
000234,patches,0,0.0,NA,NA,NA,NA,NA,NA,NA,NA,NA,NA,NA,NA,NA,NA,NA,NA,NA,NA,NA,NA,NA,NA,NA,NA,NA,NA,NA,NA,NA,NA,NA,NA,NA,NA,NA,
000235,crazing,0,0.0,NA,NA,NA,NA,NA,NA,NA,NA,NA,NA,NA,NA,NA,NA,NA,NA,NA,NA,NA,NA,NA,NA,NA,NA,NA,NA,NA,NA,NA,NA,NA,NA,NA,NA,NA,
000235,inclusion,5403,0.135075,0.9772933696639419,0.9794208705153888,0.9885163068442812,0.9896034593798878,0.002127500851446973,0.817921146953405,0.8385228095582911,0.02060166260488605,0.9967948717948718,1.0,0.0032051282051281937,1.0,0.9936102236421726,1.0,1.0,0.900866943083302,0.9154662623199393,0.014599319236637376,1.0,1.0,0.0,1.0,1.0,1.0,1.0,0.9338140612928149,0.9441138421733506,0.010299780880535736,1.0,1.0,0.0,1.0,1.0,1.0,1.0,
000235,patches,0,0.0,NA,NA,NA,NA,NA,NA,NA,NA,NA,NA,NA,NA,NA,NA,NA,NA,NA,NA,NA,NA,NA,NA,NA,NA,NA,NA,NA,NA,NA,NA,NA,NA,NA,NA,NA,
000236,crazing,0,0.0,NA,NA,NA,NA,NA,NA,NA,NA,NA,NA,NA,NA,NA,NA,NA,NA,NA,NA,NA,NA,NA,NA,NA,NA,NA,NA,NA,NA,NA,NA,NA,NA,NA,NA,NA,
000236,inclusion,9603,0.240075,0.9835034539643263,0.9872046228459396,0.9916831271441938,0.9935611174576799,0.003701168881613315,0.8288288288288288,0.8617136659436009,0.03288483711477208,0.9982527664531159,0.9941520467836257,-0.004100719669490216,1.0,0.9965116279069768,1.0,0.9883720930232558,0.9118303571428571,0.9243578887948066,0.01252753165194953,1.0,1.0,0.0,1.0,1.0,1.0,1.0,0.9457379257263806,0.951937984496124,0.006200058769743388,1.0,1.0,0.0,1.0,1.0,1.0,1.0,
000236,patches,0,0.0,NA,NA,NA,NA,NA,NA,NA,NA,NA,NA,NA,NA,NA,NA,NA,NA,NA,NA,NA,NA,NA,NA,NA,NA,NA,NA,NA,NA,NA,NA,NA,NA,NA,NA,NA,
000237,crazing,0,0.0,NA,NA,NA,NA,NA,NA,NA,NA,NA,NA,NA,NA,NA,NA,NA,NA,NA,NA,NA,NA,NA,NA,NA,NA,NA,NA,NA,NA,NA,NA,NA,NA,NA,NA,NA,
000237,inclusion,1670,0.04175,0.9485846331600231,0.9518779342723005,0.9736139934776163,0.9753457606734817,0.003293301112277436,0.7869822485207101,0.7971188475390156,0.010136599018305548,0.9944903581267218,0.993103448275862,-0.0013869098508597633,1.0,0.989041095890411,1.0,0.9863013698630136,0.8834827144686299,0.8911917098445595,0.007708995375929617,1.0,1.0,0.0,1.0,1.0,1.0,1.0,0.9175257731958762,0.9247165532879819,0.007190780092105609,1.0,1.0,0.0,1.0,1.0,1.0,1.0,
000237,patches,0,0.0,NA,NA,NA,NA,NA,NA,NA,NA,NA,NA,NA,NA,NA,NA,NA,NA,NA,NA,NA,NA,NA,NA,NA,NA,NA,NA,NA,NA,NA,NA,NA,NA,NA,NA,NA,
000238,crazing,0,0.0,NA,NA,NA,NA,NA,NA,NA,NA,NA,NA,NA,NA,NA,NA,NA,NA,NA,NA,NA,NA,NA,NA,NA,NA,NA,NA,NA,NA,NA,NA,NA,NA,NA,NA,NA,
000238,inclusion,10111,0.252775,0.9829745596868884,0.9815014192032886,0.9914141912562914,0.9906643615707582,-0.0014731404835998108,0.8397017707362535,0.8243494423791822,-0.015352328357071343,0.9989701338825953,0.9994853319608853,0.0005151980782900356,1.0,0.9979423868312757,1.0,0.9989711934156379,0.9171365530767345,0.9048319843021829,-0.01230456877455155,1.0,1.0,0.0,1.0,1.0,1.0,1.0,0.9449324324324324,0.9352712523238127,-0.009661180108619716,1.0,1.0,0.0,1.0,1.0,1.0,1.0,
000238,patches,0,0.0,NA,NA,NA,NA,NA,NA,NA,NA,NA,NA,NA,NA,NA,NA,NA,NA,NA,NA,NA,NA,NA,NA,NA,NA,NA,NA,NA,NA,NA,NA,NA,NA,NA,NA,NA,
000239,crazing,0,0.0,NA,NA,NA,NA,NA,NA,NA,NA,NA,NA,NA,NA,NA,NA,NA,NA,NA,NA,NA,NA,NA,NA,NA,NA,NA,NA,NA,NA,NA,NA,NA,NA,NA,NA,NA,
000239,inclusion,1168,0.0292,0.9741019214703425,0.9723849372384937,0.9868810833685993,0.9859991514637251,-0.0017169842318487394,0.8226744186046512,0.811046511627907,-0.011627906976744207,1.0,1.0,0.0,1.0,1.0,1.0,1.0,0.9100609756097561,0.9036697247706422,-0.006391250839113849,1.0,1.0,0.0,1.0,1.0,1.0,1.0,0.9429460580912863,0.940625,-0.0023210580912862433,1.0,1.0,0.0,1.0,1.0,1.0,1.0,
000239,patches,0,0.0,NA,NA,NA,NA,NA,NA,NA,NA,NA,NA,NA,NA,NA,NA,NA,NA,NA,NA,NA,NA,NA,NA,NA,NA,NA,NA,NA,NA,NA,NA,NA,NA,NA,NA,NA,
000240,crazing,0,0.0,NA,NA,NA,NA,NA,NA,NA,NA,NA,NA,NA,NA,NA,NA,NA,NA,NA,NA,NA,NA,NA,NA,NA,NA,NA,NA,NA,NA,NA,NA,NA,NA,NA,NA,NA,
000240,inclusion,4313,0.107825,0.9670874661857529,0.9653689452240833,0.9832683933073573,0.9823793619716688,-0.0017185209616695785,0.7891207153502235,0.7750556792873051,-0.014065036062918423,0.9906858594411516,0.9906858594411516,0.0,1.0,0.9815436241610739,1.0,0.9815436241610739,0.884600079586152,0.8778838504375497,-0.006716229148602371,1.0,1.0,0.0,1.0,1.0,1.0,1.0,0.9222100054975261,0.9183392906241408,-0.003870714873385306,1.0,1.0,0.0,1.0,1.0,1.0,1.0,
000240,patches,0,0.0,NA,NA,NA,NA,NA,NA,NA,NA,NA,NA,NA,NA,NA,NA,NA,NA,NA,NA,NA,NA,NA,NA,NA,NA,NA,NA,NA,NA,NA,NA,NA,NA,NA,NA,NA,
000241,crazing,0,0.0,NA,NA,NA,NA,NA,NA,NA,NA,NA,NA,NA,NA,NA,NA,NA,NA,NA,NA,NA,NA,NA,NA,NA,NA,NA,NA,NA,NA,NA,NA,NA,NA,NA,NA,NA,
000241,inclusion,3337,0.083425,0.974616292798111,0.9706400469759249,0.9871449925261584,0.9851013110846245,-0.003976245822186142,0.8422971741112124,0.8238993710691824,-0.01839780304202998,1.0,1.0,0.0,1.0,1.0,1.0,1.0,0.9147619047619048,0.9063829787234042,-0.008378926038500545,1.0,1.0,0.0,1.0,1.0,1.0,1.0,0.9404337973454192,0.9346846846846847,-0.005749112660734523,1.0,1.0,0.0,1.0,1.0,1.0,1.0,
000241,patches,0,0.0,NA,NA,NA,NA,NA,NA,NA,NA,NA,NA,NA,NA,NA,NA,NA,NA,NA,NA,NA,NA,NA,NA,NA,NA,NA,NA,NA,NA,NA,NA,NA,NA,NA,NA,NA,
000242,crazing,0,0.0,NA,NA,NA,NA,NA,NA,NA,NA,NA,NA,NA,NA,NA,NA,NA,NA,NA,NA,NA,NA,NA,NA,NA,NA,NA,NA,NA,NA,NA,NA,NA,NA,NA,NA,NA,
000242,inclusion,6296,0.1574,0.9752490660024906,0.9856985698569857,0.9874694617385137,0.992797783933518,0.010449503854495057,0.7689530685920578,0.8618320610687022,0.09287899247664444,0.9975020815986678,1.0,0.0024979184013321776,0.9950166112956811,1.0,1.0,1.0,0.8767281105990783,0.9286280729579699,0.051899962358891605,1.0,1.0,0.0,1.0,1.0,1.0,1.0,0.9160545645330536,0.9519334049409237,0.03587884040787015,1.0,1.0,0.0,1.0,1.0,1.0,1.0,
000242,patches,0,0.0,NA,NA,NA,NA,NA,NA,NA,NA,NA,NA,NA,NA,NA,NA,NA,NA,NA,NA,NA,NA,NA,NA,NA,NA,NA,NA,NA,NA,NA,NA,NA,NA,NA,NA,NA,
000243,crazing,0,0.0,NA,NA,NA,NA,NA,NA,NA,NA,NA,NA,NA,NA,NA,NA,NA,NA,NA,NA,NA,NA,NA,NA,NA,NA,NA,NA,NA,NA,NA,NA,NA,NA,NA,NA,NA,
000243,inclusion,5432,0.1358,0.9741007194244604,0.9825391051291379,0.9868804664723032,0.9911926605504587,0.008438385704677476,0.7597402597402597,0.8323454699407282,0.0726052102004685,0.9888750681332197,0.9944547134935305,0.005579645360310859,0.9962406015037594,0.9816176470588235,1.0,0.9889705882352942,0.8711923411662315,0.9113585746102449,0.04016623344401349,0.9972350230414746,1.0,0.0027649769585254003,1.0,0.9944852941176471,1.0,1.0,0.9128220491312163,0.9388127853881278,0.025990736256911506,1.0,1.0,0.0,1.0,1.0,1.0,1.0,
000243,patches,0,0.0,NA,NA,NA,NA,NA,NA,NA,NA,NA,NA,NA,NA,NA,NA,NA,NA,NA,NA,NA,NA,NA,NA,NA,NA,NA,NA,NA,NA,NA,NA,NA,NA,NA,NA,NA,
000244,crazing,0,0.0,NA,NA,NA,NA,NA,NA,NA,NA,NA,NA,NA,NA,NA,NA,NA,NA,NA,NA,NA,NA,NA,NA,NA,NA,NA,NA,NA,NA,NA,NA,NA,NA,NA,NA,NA,
000244,inclusion,2574,0.06435,0.9703759969616407,0.9744274809160305,0.9849653045489591,0.9870481345447516,0.004051483954389812,0.8173410404624277,0.8352803738317757,0.017939333369347943,0.996050746164331,0.998689384010485,0.002638637846154035,0.9973404255319149,0.9947643979057592,1.0,0.9973821989528796,0.8984709480122324,0.9108789182544561,0.012407970242223731,1.0,1.0,0.0,1.0,1.0,1.0,1.0,0.9309906858594411,0.9389053882053457,0.007914702345904634,1.0,1.0,0.0,1.0,1.0,1.0,1.0,
000244,patches,0,0.0,NA,NA,NA,NA,NA,NA,NA,NA,NA,NA,NA,NA,NA,NA,NA,NA,NA,NA,NA,NA,NA,NA,NA,NA,NA,NA,NA,NA,NA,NA,NA,NA,NA,NA,NA,
000245,crazing,0,0.0,NA,NA,NA,NA,NA,NA,NA,NA,NA,NA,NA,NA,NA,NA,NA,NA,NA,NA,NA,NA,NA,NA,NA,NA,NA,NA,NA,NA,NA,NA,NA,NA,NA,NA,NA,
000245,inclusion,5611,0.140275,0.9756524785426519,0.9830508474576272,0.98767621243018,0.9914529914529915,0.007398368914975251,0.7584708948740226,0.829136690647482,0.07066579577345933,0.9970089730807578,0.9970089730807578,0.0,1.0,0.9940357852882704,1.0,0.9940357852882704,0.872093023255814,0.9112370160528801,0.03914399279706615,1.0,1.0,0.0,1.0,1.0,1.0,1.0,0.9128908742820676,0.9388674388674388,0.02597656458537123,1.0,1.0,0.0,1.0,1.0,1.0,1.0,
000245,patches,0,0.0,NA,NA,NA,NA,NA,NA,NA,NA,NA,NA,NA,NA,NA,NA,NA,NA,NA,NA,NA,NA,NA,NA,NA,NA,NA,NA,NA,NA,NA,NA,NA,NA,NA,NA,NA,
000246,crazing,0,0.0,NA,NA,NA,NA,NA,NA,NA,NA,NA,NA,NA,NA,NA,NA,NA,NA,NA,NA,NA,NA,NA,NA,NA,NA,NA,NA,NA,NA,NA,NA,NA,NA,NA,NA,NA,
000246,inclusion,7830,0.19575,0.9868537479458981,0.9816329097999749,0.9933833821096831,0.9907313357034028,-0.005220838145923223,0.8719512195121951,0.8292682926829268,-0.04268292682926833,1.0,0.9973744658373657,-0.0026255341626343354,1.0,1.0,0.9960681520314548,0.9986842105263158,0.9315889029003783,0.9130299251870324,-0.018558977713345914,1.0,1.0,0.0,1.0,1.0,1.0,1.0,0.9549722577891592,0.9432323660241474,-0.011739891765011778,1.0,1.0,0.0,1.0,1.0,1.0,1.0,
000246,patches,0,0.0,NA,NA,NA,NA,NA,NA,NA,NA,NA,NA,NA,NA,NA,NA,NA,NA,NA,NA,NA,NA,NA,NA,NA,NA,NA,NA,NA,NA,NA,NA,NA,NA,NA,NA,NA,
000247,crazing,0,0.0,NA,NA,NA,NA,NA,NA,NA,NA,NA,NA,NA,NA,NA,NA,NA,NA,NA,NA,NA,NA,NA,NA,NA,NA,NA,NA,NA,NA,NA,NA,NA,NA,NA,NA,NA,
000247,inclusion,10435,0.260875,0.979877762106253,0.9828954828954829,0.9898366261398176,0.9913739694038031,0.003017720789229905,0.7860349127182045,0.8183206106870229,0.032285697968818416,1.0,0.9994347088750708,-0.0005652911249292014,1.0,1.0,1.0,0.9988700564971752,0.8876849894291755,0.9048637092463923,0.017178719817216748,1.0,1.0,0.0,1.0,1.0,1.0,1.0,0.9242124212421242,0.9361393323657474,0.011926911123623207,1.0,1.0,0.0,1.0,1.0,1.0,1.0,
000247,patches,0,0.0,NA,NA,NA,NA,NA,NA,NA,NA,NA,NA,NA,NA,NA,NA,NA,NA,NA,NA,NA,NA,NA,NA,NA,NA,NA,NA,NA,NA,NA,NA,NA,NA,NA,NA,NA,
000248,crazing,0,0.0,NA,NA,NA,NA,NA,NA,NA,NA,NA,NA,NA,NA,NA,NA,NA,NA,NA,NA,NA,NA,NA,NA,NA,NA,NA,NA,NA,NA,NA,NA,NA,NA,NA,NA,NA,
000248,inclusion,3233,0.080825,0.9781221513217867,0.9838513101767216,0.9889400921658986,0.9918599293503302,0.005729158854934857,0.797799174690509,0.846045197740113,0.048246023049604014,1.0,1.0,0.0,1.0,1.0,1.0,1.0,0.8925979680696662,0.9162995594713657,0.023701591401699473,1.0,1.0,0.0,1.0,1.0,1.0,1.0,0.9273715415019763,0.941351888667992,0.013980347166015705,1.0,1.0,0.0,1.0,1.0,1.0,1.0,
000248,patches,0,0.0,NA,NA,NA,NA,NA,NA,NA,NA,NA,NA,NA,NA,NA,NA,NA,NA,NA,NA,NA,NA,NA,NA,NA,NA,NA,NA,NA,NA,NA,NA,NA,NA,NA,NA,NA,
000249,crazing,0,0.0,NA,NA,NA,NA,NA,NA,NA,NA,NA,NA,NA,NA,NA,NA,NA,NA,NA,NA,NA,NA,NA,NA,NA,NA,NA,NA,NA,NA,NA,NA,NA,NA,NA,NA,NA,
000249,inclusion,8774,0.21935,0.9812485964518303,0.9851284362325372,0.9905355624822896,0.9925085130533484,0.0038798397807069396,0.7916928886091882,0.8275418275418276,0.03584893893263941,1.0,1.0,0.0,1.0,1.0,1.0,1.0,0.8899235118057865,0.9078061911170928,0.01788267931130627,1.0,1.0,0.0,1.0,1.0,1.0,1.0,0.9256572982774252,0.9360146252285192,0.010357326951094037,1.0,1.0,0.0,1.0,1.0,1.0,1.0,
000249,patches,0,0.0,NA,NA,NA,NA,NA,NA,NA,NA,NA,NA,NA,NA,NA,NA,NA,NA,NA,NA,NA,NA,NA,NA,NA,NA,NA,NA,NA,NA,NA,NA,NA,NA,NA,NA,NA,
000250,crazing,0,0.0,NA,NA,NA,NA,NA,NA,NA,NA,NA,NA,NA,NA,NA,NA,NA,NA,NA,NA,NA,NA,NA,NA,NA,NA,NA,NA,NA,NA,NA,NA,NA,NA,NA,NA,NA,
000250,inclusion,3293,0.082325,0.9805912212600776,0.9645265318088537,0.9902005125885723,0.9819429935830473,-0.016064689451223857,0.8579175704989154,0.7580971659919028,-0.09982040450701257,1.0,0.9976408649046586,-0.002359135095341358,1.0,1.0,0.9976798143851509,0.9976019184652278,0.9245920090039392,0.8693304535637149,-0.055261555440224375,1.0,1.0,0.0,1.0,1.0,1.0,1.0,0.9475497702909648,0.9094283593170007,-0.03812141097396404,1.0,1.0,0.0,1.0,1.0,1.0,1.0,
000250,patches,0,0.0,NA,NA,NA,NA,NA,NA,NA,NA,NA,NA,NA,NA,NA,NA,NA,NA,NA,NA,NA,NA,NA,NA,NA,NA,NA,NA,NA,NA,NA,NA,NA,NA,NA,NA,NA,
000251,crazing,0,0.0,NA,NA,NA,NA,NA,NA,NA,NA,NA,NA,NA,NA,NA,NA,NA,NA,NA,NA,NA,NA,NA,NA,NA,NA,NA,NA,NA,NA,NA,NA,NA,NA,NA,NA,NA,
000251,inclusion,3760,0.094,0.9732537003375746,0.978678599631482,0.9864455849453876,0.9892244246374884,0.005424899293907326,0.7984344422700587,0.8319919517102615,0.03355750944020286,1.0,1.0,0.0,1.0,1.0,1.0,1.0,0.8915289256198347,0.9080399369416711,0.01651101132183641,1.0,1.0,0.0,1.0,1.0,1.0,1.0,0.9284955752212389,0.9381037567084078,0.00960818148716891,1.0,1.0,0.0,1.0,1.0,1.0,1.0,
000251,patches,0,0.0,NA,NA,NA,NA,NA,NA,NA,NA,NA,NA,NA,NA,NA,NA,NA,NA,NA,NA,NA,NA,NA,NA,NA,NA,NA,NA,NA,NA,NA,NA,NA,NA,NA,NA,NA,
000252,crazing,0,0.0,NA,NA,NA,NA,NA,NA,NA,NA,NA,NA,NA,NA,NA,NA,NA,NA,NA,NA,NA,NA,NA,NA,NA,NA,NA,NA,NA,NA,NA,NA,NA,NA,NA,NA,NA,
000252,inclusion,6514,0.16285,0.985262838043148,0.9780285929270128,0.9925767199816331,0.9888922702373707,-0.0072342451161351295,0.8507347254447022,0.7814126394052044,-0.06932208603949774,1.0,0.998317884417261,-0.0016821155827390077,1.0,1.0,0.9983108108108109,0.998324958123953,0.9206285253827559,0.8835373075404659,-0.03709121784228997,1.0,1.0,0.0,1.0,1.0,1.0,1.0,0.94482381862879,0.9215421946616339,-0.02328162396715605,1.0,1.0,0.0,1.0,1.0,1.0,1.0,
000252,patches,0,0.0,NA,NA,NA,NA,NA,NA,NA,NA,NA,NA,NA,NA,NA,NA,NA,NA,NA,NA,NA,NA,NA,NA,NA,NA,NA,NA,NA,NA,NA,NA,NA,NA,NA,NA,NA,
000253,crazing,0,0.0,NA,NA,NA,NA,NA,NA,NA,NA,NA,NA,NA,NA,NA,NA,NA,NA,NA,NA,NA,NA,NA,NA,NA,NA,NA,NA,NA,NA,NA,NA,NA,NA,NA,NA,NA,
000253,inclusion,8429,0.210725,0.9753974701172101,0.9831302717900656,0.9875455293150042,0.9914933837429112,0.007732801672855505,0.7591116173120729,0.833234067897558,0.07412245058548517,0.9973787499634023,1.0,0.0026212500365977442,0.9973856209150327,0.9973718791064389,1.0,1.0,0.8715066828675577,0.912176891933977,0.04067020906641927,1.0,1.0,0.0,1.0,1.0,1.0,1.0,0.9112401493156367,0.9402196873679763,0.02897953805233966,1.0,1.0,0.0,1.0,1.0,1.0,1.0,
000253,patches,0,0.0,NA,NA,NA,NA,NA,NA,NA,NA,NA,NA,NA,NA,NA,NA,NA,NA,NA,NA,NA,NA,NA,NA,NA,NA,NA,NA,NA,NA,NA,NA,NA,NA,NA,NA,NA,
000254,crazing,0,0.0,NA,NA,NA,NA,NA,NA,NA,NA,NA,NA,NA,NA,NA,NA,NA,NA,NA,NA,NA,NA,NA,NA,NA,NA,NA,NA,NA,NA,NA,NA,NA,NA,NA,NA,NA,
000254,inclusion,3401,0.085025,0.9803012746234068,0.9769585253456221,0.9900526623756583,0.9883449883449883,-0.0033427492777846624,0.8269230769230769,0.799492385786802,-0.027430691136274832,1.0,1.0,0.0,1.0,1.0,1.0,1.0,0.9093351242444594,0.894314381270903,-0.015020742973556378,1.0,1.0,0.0,1.0,1.0,1.0,1.0,0.937927886809676,0.9275626423690205,-0.010365244440655452,1.0,1.0,0.0,1.0,1.0,1.0,1.0,
000254,patches,0,0.0,NA,NA,NA,NA,NA,NA,NA,NA,NA,NA,NA,NA,NA,NA,NA,NA,NA,NA,NA,NA,NA,NA,NA,NA,NA,NA,NA,NA,NA,NA,NA,NA,NA,NA,NA,
000255,crazing,0,0.0,NA,NA,NA,NA,NA,NA,NA,NA,NA,NA,NA,NA,NA,NA,NA,NA,NA,NA,NA,NA,NA,NA,NA,NA,NA,NA,NA,NA,NA,NA,NA,NA,NA,NA,NA,
000255,inclusion,5956,0.1489,0.9819446745072056,0.9832642916321458,0.9908900961136649,0.991561533962737,0.00131961712494022,0.8291731669266771,0.841692789968652,0.012519623041974959,1.0,1.0,0.0,1.0,1.0,1.0,1.0,0.9093507554103716,0.918952108063856,0.009601352653484385,1.0,1.0,0.0,1.0,1.0,1.0,1.0,0.9384871155444722,0.9456461453133667,0.007159029768894487,1.0,1.0,0.0,1.0,1.0,1.0,1.0,
000255,patches,0,0.0,NA,NA,NA,NA,NA,NA,NA,NA,NA,NA,NA,NA,NA,NA,NA,NA,NA,NA,NA,NA,NA,NA,NA,NA,NA,NA,NA,NA,NA,NA,NA,NA,NA,NA,NA,
000256,crazing,0,0.0,NA,NA,NA,NA,NA,NA,NA,NA,NA,NA,NA,NA,NA,NA,NA,NA,NA,NA,NA,NA,NA,NA,NA,NA,NA,NA,NA,NA,NA,NA,NA,NA,NA,NA,NA,
000256,inclusion,3170,0.07925,0.9581423770241368,0.9564024390243903,0.9786238102668123,0.9777154433535921,-0.001739937999746588,0.7804499612102405,0.7764887857695282,-0.0039611754407122834,0.9991015274034142,0.9991015274034142,0.0,1.0,0.9982046678635548,1.0,0.9982046678635548,0.8798017348203222,0.8775762572135202,-0.0022254776068020288,1.0,1.0,0.0,1.0,1.0,1.0,1.0,0.9192671056398511,0.9163335237007424,-0.0029335819391087536,1.0,1.0,0.0,1.0,1.0,1.0,1.0,
000256,patches,0,0.0,NA,NA,NA,NA,NA,NA,NA,NA,NA,NA,NA,NA,NA,NA,NA,NA,NA,NA,NA,NA,NA,NA,NA,NA,NA,NA,NA,NA,NA,NA,NA,NA,NA,NA,NA,
000257,crazing,0,0.0,NA,NA,NA,NA,NA,NA,NA,NA,NA,NA,NA,NA,NA,NA,NA,NA,NA,NA,NA,NA,NA,NA,NA,NA,NA,NA,NA,NA,NA,NA,NA,NA,NA,NA,NA,
000257,inclusion,4096,0.1024,0.9598214285714286,0.9711836151464635,0.979498861047836,0.9853811767548629,0.01136218657503485,0.7182044887780549,0.7912663755458516,0.07306188676779668,0.99207892614903,0.997002997002997,0.004924070853966955,0.9921259842519685,0.9920318725099602,1.0,0.9940239043824701,0.8461193360251233,0.8877079482439926,0.041588612218869225,1.0,1.0,0.0,1.0,1.0,1.0,1.0,0.8942011104256632,0.9221802142407057,0.02797910381504254,1.0,1.0,0.0,1.0,1.0,1.0,1.0,
000257,patches,0,0.0,NA,NA,NA,NA,NA,NA,NA,NA,NA,NA,NA,NA,NA,NA,NA,NA,NA,NA,NA,NA,NA,NA,NA,NA,NA,NA,NA,NA,NA,NA,NA,NA,NA,NA,NA,
000258,crazing,0,0.0,NA,NA,NA,NA,NA,NA,NA,NA,NA,NA,NA,NA,NA,NA,NA,NA,NA,NA,NA,NA,NA,NA,NA,NA,NA,NA,NA,NA,NA,NA,NA,NA,NA,NA,NA,
000258,inclusion,6229,0.155725,0.9729984301412873,0.9799272957167694,0.9863144493952897,0.9898618982996727,0.006928865575482113,0.8083333333333333,0.8562464346833999,0.047913101350066545,1.0,1.0,0.0,1.0,1.0,1.0,1.0,0.8989455184534271,0.9234194122885129,0.024473893835085803,1.0,1.0,0.0,1.0,1.0,1.0,1.0,0.9333066292809934,0.9490394337714864,0.01573280449049297,1.0,1.0,0.0,1.0,1.0,1.0,1.0,
000258,patches,0,0.0,NA,NA,NA,NA,NA,NA,NA,NA,NA,NA,NA,NA,NA,NA,NA,NA,NA,NA,NA,NA,NA,NA,NA,NA,NA,NA,NA,NA,NA,NA,NA,NA,NA,NA,NA,
000259,crazing,0,0.0,NA,NA,NA,NA,NA,NA,NA,NA,NA,NA,NA,NA,NA,NA,NA,NA,NA,NA,NA,NA,NA,NA,NA,NA,NA,NA,NA,NA,NA,NA,NA,NA,NA,NA,NA,
000259,inclusion,5032,0.1258,0.9819466248037677,0.9811838494707957,0.9908910891089109,0.9905025722200237,-0.0007627753329719766,0.8376681614349776,0.8333333333333334,-0.004334828101644206,1.0,1.0,0.0,1.0,1.0,1.0,1.0,0.9145940872829658,0.9136555607695918,-0.0009385265133740051,1.0,1.0,0.0,1.0,1.0,1.0,1.0,0.9417011787193373,0.9423015620019126,0.0006003832825752786,1.0,1.0,0.0,1.0,1.0,1.0,1.0,
000259,patches,0,0.0,NA,NA,NA,NA,NA,NA,NA,NA,NA,NA,NA,NA,NA,NA,NA,NA,NA,NA,NA,NA,NA,NA,NA,NA,NA,NA,NA,NA,NA,NA,NA,NA,NA,NA,NA,
000260,crazing,0,0.0,NA,NA,NA,NA,NA,NA,NA,NA,NA,NA,NA,NA,NA,NA,NA,NA,NA,NA,NA,NA,NA,NA,NA,NA,NA,NA,NA,NA,NA,NA,NA,NA,NA,NA,NA,
000260,inclusion,7753,0.193825,0.9832716128208403,0.9835522121637129,0.991565256583607,0.9917079128366652,0.0002805993428726117,0.819918144611187,0.821551132463967,0.001632987852780099,0.9954545454545455,0.9946929492039424,-0.0007615962506031249,1.0,0.9909502262443439,1.0,0.9894419306184012,0.9047277936962751,0.9038876889848813,-0.0008401047113938409,0.9962149886449659,0.9954545454545455,-0.0007604431904204567,1.0,0.9924585218702866,1.0,0.9909502262443439,0.9328793774319066,0.93209574987787,-0.0007836275540366033,0.9969742813918305,0.9962149886449659,-0.0007592927468645927,1.0,0.9939668174962293,1.0,0.9924585218702866,
000260,patches,0,0.0,NA,NA,NA,NA,NA,NA,NA,NA,NA,NA,NA,NA,NA,NA,NA,NA,NA,NA,NA,NA,NA,NA,NA,NA,NA,NA,NA,NA,NA,NA,NA,NA,NA,NA,NA,
000261,crazing,0,0.0,NA,NA,NA,NA,NA,NA,NA,NA,NA,NA,NA,NA,NA,NA,NA,NA,NA,NA,NA,NA,NA,NA,NA,NA,NA,NA,NA,NA,NA,NA,NA,NA,NA,NA,NA,
000261,inclusion,2033,0.050825,0.9688697318007663,0.9718992248062015,0.9841887618584286,0.9857493857493858,0.003029493005435202,0.7909967845659164,0.8055105348460292,0.014513750280112814,1.0,0.9981851179673321,-0.001814882032667886,1.0,1.0,1.0,0.9963768115942029,0.8931955211024979,0.896640826873385,0.003445305770887086,1.0,1.0,0.0,1.0,1.0,1.0,1.0,0.9290399522957663,0.9303985722784057,0.0013586199826394196,1.0,1.0,0.0,1.0,1.0,1.0,1.0,
000261,patches,0,0.0,NA,NA,NA,NA,NA,NA,NA,NA,NA,NA,NA,NA,NA,NA,NA,NA,NA,NA,NA,NA,NA,NA,NA,NA,NA,NA,NA,NA,NA,NA,NA,NA,NA,NA,NA,
000262,crazing,0,0.0,NA,NA,NA,NA,NA,NA,NA,NA,NA,NA,NA,NA,NA,NA,NA,NA,NA,NA,NA,NA,NA,NA,NA,NA,NA,NA,NA,NA,NA,NA,NA,NA,NA,NA,NA,
000262,inclusion,1203,0.030075,0.9691558441558441,0.9738348323793949,0.9843363561417972,0.9867439933719967,0.0046789882235508395,0.8317535545023697,0.847255369928401,0.015501815426031351,1.0,1.0,0.0,1.0,1.0,1.0,1.0,0.9081885856079405,0.912826899128269,0.0046383135203285075,1.0,1.0,0.0,1.0,1.0,1.0,1.0,0.9376053962900506,0.9342881213142376,-0.0033172749758130227,1.0,1.0,0.0,1.0,1.0,1.0,1.0,
000262,patches,0,0.0,NA,NA,NA,NA,NA,NA,NA,NA,NA,NA,NA,NA,NA,NA,NA,NA,NA,NA,NA,NA,NA,NA,NA,NA,NA,NA,NA,NA,NA,NA,NA,NA,NA,NA,NA,
000263,crazing,0,0.0,NA,NA,NA,NA,NA,NA,NA,NA,NA,NA,NA,NA,NA,NA,NA,NA,NA,NA,NA,NA,NA,NA,NA,NA,NA,NA,NA,NA,NA,NA,NA,NA,NA,NA,NA,
000263,inclusion,1555,0.038875,0.9718574108818011,0.9841068022886205,0.9857278782112274,0.9919897468760013,0.012249391406819354,0.803921568627451,0.88558352402746,0.08166195540000898,1.0,1.0,0.0,1.0,1.0,1.0,1.0,0.8957617411225659,0.9433293978748524,0.04756765675228647,1.0,1.0,0.0,1.0,1.0,1.0,1.0,0.9299065420560748,0.9625498007968127,0.032643258740737924,1.0,1.0,0.0,1.0,1.0,1.0,1.0,
000263,patches,0,0.0,NA,NA,NA,NA,NA,NA,NA,NA,NA,NA,NA,NA,NA,NA,NA,NA,NA,NA,NA,NA,NA,NA,NA,NA,NA,NA,NA,NA,NA,NA,NA,NA,NA,NA,NA,
000264,crazing,0,0.0,NA,NA,NA,NA,NA,NA,NA,NA,NA,NA,NA,NA,NA,NA,NA,NA,NA,NA,NA,NA,NA,NA,NA,NA,NA,NA,NA,NA,NA,NA,NA,NA,NA,NA,NA,
000264,inclusion,1068,0.0267,0.9592021758839528,0.9732472324723247,0.979176307265155,0.9864422627395979,0.014045056588371851,0.8100436681222707,0.8710407239819005,0.06099705585962978,0.9975186104218362,1.0,0.002481389578163795,0.995049504950495,1.0,1.0,1.0,0.8986175115207373,0.9250585480093677,0.026441036488630387,1.0,1.0,0.0,1.0,1.0,1.0,1.0,0.9300314465408805,0.9459888800635425,0.01595743352266199,1.0,1.0,0.0,1.0,1.0,1.0,1.0,
000264,patches,0,0.0,NA,NA,NA,NA,NA,NA,NA,NA,NA,NA,NA,NA,NA,NA,NA,NA,NA,NA,NA,NA,NA,NA,NA,NA,NA,NA,NA,NA,NA,NA,NA,NA,NA,NA,NA,
000265,crazing,0,0.0,NA,NA,NA,NA,NA,NA,NA,NA,NA,NA,NA,NA,NA,NA,NA,NA,NA,NA,NA,NA,NA,NA,NA,NA,NA,NA,NA,NA,NA,NA,NA,NA,NA,NA,NA,
000265,inclusion,4266,0.10665,0.9775280898876404,0.9863109048723898,0.9886363636363636,0.9931082817427871,0.00878281498474942,0.7509529860228716,0.8446215139442231,0.0936685279213515,0.9882396065613831,1.0,0.0117603934386169,0.9970414201183432,0.9795918367346939,1.0,1.0,0.86743711760707,0.9236111111111112,0.056173993504041175,0.9956076134699853,1.0,0.004392386530014725,1.0,0.9912536443148688,1.0,1.0,0.9091755938518864,0.9523135033050047,0.04313790945311835,1.0,1.0,0.0,1.0,1.0,1.0,1.0,
000265,patches,0,0.0,NA,NA,NA,NA,NA,NA,NA,NA,NA,NA,NA,NA,NA,NA,NA,NA,NA,NA,NA,NA,NA,NA,NA,NA,NA,NA,NA,NA,NA,NA,NA,NA,NA,NA,NA,
000266,crazing,0,0.0,NA,NA,NA,NA,NA,NA,NA,NA,NA,NA,NA,NA,NA,NA,NA,NA,NA,NA,NA,NA,NA,NA,NA,NA,NA,NA,NA,NA,NA,NA,NA,NA,NA,NA,NA,
000266,inclusion,3174,0.07935,0.9681957186544342,0.9752551809464893,0.9838408949658173,0.9874725963044159,0.007059462292055119,0.7881873727087576,0.832109129066107,0.043921756357349406,1.0,1.0,0.0,1.0,1.0,1.0,1.0,0.8861920172599784,0.9073464912280702,0.02115447396809178,1.0,1.0,0.0,1.0,1.0,1.0,1.0,0.9250369276218612,0.9372197309417041,0.012182803319842894,1.0,1.0,0.0,1.0,1.0,1.0,1.0,
000266,patches,0,0.0,NA,NA,NA,NA,NA,NA,NA,NA,NA,NA,NA,NA,NA,NA,NA,NA,NA,NA,NA,NA,NA,NA,NA,NA,NA,NA,NA,NA,NA,NA,NA,NA,NA,NA,NA,
000267,crazing,0,0.0,NA,NA,NA,NA,NA,NA,NA,NA,NA,NA,NA,NA,NA,NA,NA,NA,NA,NA,NA,NA,NA,NA,NA,NA,NA,NA,NA,NA,NA,NA,NA,NA,NA,NA,NA,
000267,inclusion,4753,0.118825,0.971246662559047,0.970231985218641,0.9854136278391331,0.9848911118057726,-0.001014677340406056,0.8036853295535081,0.7963094393186657,-0.007375890234842419,0.9991980753809142,0.998390963464109,-0.0008071119168051588,1.0,0.9983974358974359,0.9983844911147012,0.9983974358974359,0.8955838323353293,0.8929376408715252,-0.0026461914638041817,1.0,1.0,0.0,1.0,1.0,1.0,1.0,0.9284984678243106,0.927673762503206,-0.0008247053211045685,1.0,1.0,0.0,1.0,1.0,1.0,1.0,
000267,patches,0,0.0,NA,NA,NA,NA,NA,NA,NA,NA,NA,NA,NA,NA,NA,NA,NA,NA,NA,NA,NA,NA,NA,NA,NA,NA,NA,NA,NA,NA,NA,NA,NA,NA,NA,NA,NA,
000268,crazing,0,0.0,NA,NA,NA,NA,NA,NA,NA,NA,NA,NA,NA,NA,NA,NA,NA,NA,NA,NA,NA,NA,NA,NA,NA,NA,NA,NA,NA,NA,NA,NA,NA,NA,NA,NA,NA,
000268,inclusion,3370,0.08425,0.9704433497536946,0.9721416134648868,0.985,0.9858740435550324,0.0016982637111921939,0.8060836501901141,0.8214971209213052,0.015413470731191148,0.9924995534067526,0.9967914438502673,0.004291890443514745,0.9956803455723542,0.9893390191897654,1.0,0.9936034115138592,0.8955823293172691,0.9040404040404041,0.008458074723134978,1.0,1.0,0.0,1.0,1.0,1.0,1.0,0.9281068127353646,0.9336085311317509,0.005501718396386357,1.0,1.0,0.0,1.0,1.0,1.0,1.0,
000268,patches,0,0.0,NA,NA,NA,NA,NA,NA,NA,NA,NA,NA,NA,NA,NA,NA,NA,NA,NA,NA,NA,NA,NA,NA,NA,NA,NA,NA,NA,NA,NA,NA,NA,NA,NA,NA,NA,
000269,crazing,0,0.0,NA,NA,NA,NA,NA,NA,NA,NA,NA,NA,NA,NA,NA,NA,NA,NA,NA,NA,NA,NA,NA,NA,NA,NA,NA,NA,NA,NA,NA,NA,NA,NA,NA,NA,NA,
000269,inclusion,3679,0.091975,0.9758364312267658,0.9777241009125067,0.9877704609595485,0.9887365992672005,0.0018876696857409447,0.7695214105793451,0.7878017789072427,0.01828036832789759,0.99568345323741,0.9899363147643813,-0.005747138473028768,1.0,0.9914040114613181,0.9942363112391931,0.9856733524355301,0.8781793842034806,0.8902356902356903,0.01205630603220964,1.0,1.0,0.0,1.0,1.0,1.0,1.0,0.915640674874601,0.9248051352590555,0.00916446038445451,1.0,1.0,0.0,1.0,1.0,1.0,1.0,
000269,patches,0,0.0,NA,NA,NA,NA,NA,NA,NA,NA,NA,NA,NA,NA,NA,NA,NA,NA,NA,NA,NA,NA,NA,NA,NA,NA,NA,NA,NA,NA,NA,NA,NA,NA,NA,NA,NA,
000270,crazing,0,0.0,NA,NA,NA,NA,NA,NA,NA,NA,NA,NA,NA,NA,NA,NA,NA,NA,NA,NA,NA,NA,NA,NA,NA,NA,NA,NA,NA,NA,NA,NA,NA,NA,NA,NA,NA,
000270,inclusion,6467,0.161675,0.9703670276774969,0.9838242026552724,0.984960684021681,0.9918461538461538,0.013457174977775432,0.7132216014897579,0.7899408284023669,0.07671922691260902,0.9519220634514327,1.0,0.04807793654856729,0.9437229437229437,0.9602649006622517,1.0,1.0,0.8178217821782178,0.8880208333333334,0.0701990511551156,0.9628510394414629,1.0,0.037148960558537114,0.9545454545454546,0.9713024282560706,1.0,1.0,0.8653976886471788,0.923431407302375,0.05803371865519624,0.9715942200028029,1.0,0.028405779997197067,0.9632034632034632,0.9801324503311258,1.0,1.0,
000270,patches,0,0.0,NA,NA,NA,NA,NA,NA,NA,NA,NA,NA,NA,NA,NA,NA,NA,NA,NA,NA,NA,NA,NA,NA,NA,NA,NA,NA,NA,NA,NA,NA,NA,NA,NA,NA,NA,
000271,crazing,0,0.0,NA,NA,NA,NA,NA,NA,NA,NA,NA,NA,NA,NA,NA,NA,NA,NA,NA,NA,NA,NA,NA,NA,NA,NA,NA,NA,NA,NA,NA,NA,NA,NA,NA,NA,NA,
000271,inclusion,8066,0.20165,0.9794378878209028,0.9833618791289455,0.9896121457987583,0.9916111522329139,0.0039239913080426625,0.7962056303549572,0.8277153558052435,0.0315097254502863,0.9945205479452054,0.9979494190020505,0.003428871056845084,0.9986244841815681,0.990450204638472,1.0,0.9959072305593452,0.890650274991912,0.9055555555555556,0.014905280563643597,1.0,1.0,0.0,1.0,1.0,1.0,1.0,0.9242323834769163,0.9333481448566985,0.009115761379782206,1.0,1.0,0.0,1.0,1.0,1.0,1.0,
000271,patches,0,0.0,NA,NA,NA,NA,NA,NA,NA,NA,NA,NA,NA,NA,NA,NA,NA,NA,NA,NA,NA,NA,NA,NA,NA,NA,NA,NA,NA,NA,NA,NA,NA,NA,NA,NA,NA,
000272,crazing,0,0.0,NA,NA,NA,NA,NA,NA,NA,NA,NA,NA,NA,NA,NA,NA,NA,NA,NA,NA,NA,NA,NA,NA,NA,NA,NA,NA,NA,NA,NA,NA,NA,NA,NA,NA,NA,
000272,inclusion,2546,0.06365,0.9723820483314154,0.9727237802535535,0.9859976662777129,0.9861733203505355,0.0003417319221381554,0.8206106870229007,0.8238276299112801,0.0032169428883793705,1.0,1.0,0.0,1.0,1.0,1.0,1.0,0.9055592766242465,0.9080612924716855,0.002502015847439032,1.0,1.0,0.0,1.0,1.0,1.0,1.0,0.9340609367894498,0.9339665309814563,-9.440580799346954e-05,1.0,1.0,0.0,1.0,1.0,1.0,1.0,
000272,patches,0,0.0,NA,NA,NA,NA,NA,NA,NA,NA,NA,NA,NA,NA,NA,NA,NA,NA,NA,NA,NA,NA,NA,NA,NA,NA,NA,NA,NA,NA,NA,NA,NA,NA,NA,NA,NA,
000273,crazing,0,0.0,NA,NA,NA,NA,NA,NA,NA,NA,NA,NA,NA,NA,NA,NA,NA,NA,NA,NA,NA,NA,NA,NA,NA,NA,NA,NA,NA,NA,NA,NA,NA,NA,NA,NA,NA,
000273,inclusion,3008,0.0752,0.9641819941916747,0.9678884203697697,0.9817644159684573,0.9836822152628977,0.0037064261780950236,0.8123924268502581,0.8276465441819773,0.015254117331719108,1.0,1.0,0.0,1.0,1.0,1.0,1.0,0.9018181818181819,0.9090909090909091,0.0072727272727272085,1.0,1.0,0.0,1.0,1.0,1.0,1.0,0.9335610058987892,0.9380475594493116,0.00448655355052241,1.0,1.0,0.0,1.0,1.0,1.0,1.0,
000273,patches,0,0.0,NA,NA,NA,NA,NA,NA,NA,NA,NA,NA,NA,NA,NA,NA,NA,NA,NA,NA,NA,NA,NA,NA,NA,NA,NA,NA,NA,NA,NA,NA,NA,NA,NA,NA,NA,
000274,crazing,0,0.0,NA,NA,NA,NA,NA,NA,NA,NA,NA,NA,NA,NA,NA,NA,NA,NA,NA,NA,NA,NA,NA,NA,NA,NA,NA,NA,NA,NA,NA,NA,NA,NA,NA,NA,NA,
000274,inclusion,5582,0.13955,0.9680405169402725,0.979225352112676,0.9837607596059987,0.9895036470378936,0.01118483517240354,0.7680608365019012,0.8436675461741425,0.07560670967224137,0.9941902409628328,0.9978213507625272,0.0036311097996943875,0.9941775836972343,0.9942028985507246,1.0,0.9956521739130435,0.8776613720851639,0.9188816016568865,0.041220229571722555,1.0,1.0,0.0,1.0,1.0,1.0,1.0,0.9186802973977695,0.944640753828033,0.025960456430263568,1.0,1.0,0.0,1.0,1.0,1.0,1.0,
000274,patches,0,0.0,NA,NA,NA,NA,NA,NA,NA,NA,NA,NA,NA,NA,NA,NA,NA,NA,NA,NA,NA,NA,NA,NA,NA,NA,NA,NA,NA,NA,NA,NA,NA,NA,NA,NA,NA,
000275,crazing,0,0.0,NA,NA,NA,NA,NA,NA,NA,NA,NA,NA,NA,NA,NA,NA,NA,NA,NA,NA,NA,NA,NA,NA,NA,NA,NA,NA,NA,NA,NA,NA,NA,NA,NA,NA,NA,
000275,inclusion,4538,0.11345,0.9730835486649441,0.9681419713491555,0.9863581796354906,0.983813145029875,-0.004941577315788592,0.804552590266876,0.77,-0.03455259026687596,1.0,0.9964617405098545,-0.0035382594901455233,1.0,1.0,0.9946996466431095,0.9982300884955753,0.8956521739130435,0.8759721653704462,-0.019680008542597327,1.0,1.0,0.0,1.0,1.0,1.0,1.0,0.9297205757832345,0.9151735722284434,-0.014547003554791105,1.0,1.0,0.0,1.0,1.0,1.0,1.0,
000275,patches,0,0.0,NA,NA,NA,NA,NA,NA,NA,NA,NA,NA,NA,NA,NA,NA,NA,NA,NA,NA,NA,NA,NA,NA,NA,NA,NA,NA,NA,NA,NA,NA,NA,NA,NA,NA,NA,
000276,crazing,0,0.0,NA,NA,NA,NA,NA,NA,NA,NA,NA,NA,NA,NA,NA,NA,NA,NA,NA,NA,NA,NA,NA,NA,NA,NA,NA,NA,NA,NA,NA,NA,NA,NA,NA,NA,NA,
000276,inclusion,3956,0.0989,0.9825653798256538,0.985261054209343,0.9912060301507538,0.9925758147728703,0.0026956743836891173,0.8403755868544601,0.8622327790973872,0.021857192242927037,1.0,1.0,0.0,1.0,1.0,1.0,1.0,0.9193349753694581,0.930030959752322,0.010695984382863899,1.0,1.0,0.0,1.0,1.0,1.0,1.0,0.9439565035549979,0.9508816120906801,0.0069251085356821784,1.0,1.0,0.0,1.0,1.0,1.0,1.0,
000276,patches,0,0.0,NA,NA,NA,NA,NA,NA,NA,NA,NA,NA,NA,NA,NA,NA,NA,NA,NA,NA,NA,NA,NA,NA,NA,NA,NA,NA,NA,NA,NA,NA,NA,NA,NA,NA,NA,
000277,crazing,0,0.0,NA,NA,NA,NA,NA,NA,NA,NA,NA,NA,NA,NA,NA,NA,NA,NA,NA,NA,NA,NA,NA,NA,NA,NA,NA,NA,NA,NA,NA,NA,NA,NA,NA,NA,NA,
000277,inclusion,3345,0.083625,0.975402635431918,0.9787985865724381,0.9875481766973021,0.9892857142857143,0.0033959511405201592,0.8065610859728507,0.8279445727482679,0.021383486775417238,0.9935815147625161,0.9922879177377892,-0.0012935970247268669,1.0,0.9872448979591837,1.0,0.9846938775510204,0.8916021441334128,0.9067231980617807,0.015121053928367933,0.9974424552429668,0.9961587708066582,-0.001283684436308663,1.0,0.9948979591836735,1.0,0.9923469387755102,0.9274357929066449,0.9333333333333333,0.005897540426688441,1.0,0.9974424552429668,-0.002557544757033181,1.0,1.0,1.0,0.9948979591836735,
000277,patches,0,0.0,NA,NA,NA,NA,NA,NA,NA,NA,NA,NA,NA,NA,NA,NA,NA,NA,NA,NA,NA,NA,NA,NA,NA,NA,NA,NA,NA,NA,NA,NA,NA,NA,NA,NA,NA,
000278,crazing,0,0.0,NA,NA,NA,NA,NA,NA,NA,NA,NA,NA,NA,NA,NA,NA,NA,NA,NA,NA,NA,NA,NA,NA,NA,NA,NA,NA,NA,NA,NA,NA,NA,NA,NA,NA,NA,
000278,inclusion,4998,0.12495,0.9710654936461388,0.9751126788163825,0.9853203729418766,0.9873995436055164,0.004047185170243717,0.8002672010688042,0.8283582089552238,0.028091007886419606,0.994777672572951,1.0,0.005222327427048978,0.9984848484848485,0.9910979228486647,1.0,1.0,0.8935643564356436,0.9077306733167082,0.014166316881064622,1.0,1.0,0.0,1.0,1.0,1.0,1.0,0.9284159613059251,0.9368318756073858,0.008415914301460714,1.0,1.0,0.0,1.0,1.0,1.0,1.0,
000278,patches,0,0.0,NA,NA,NA,NA,NA,NA,NA,NA,NA,NA,NA,NA,NA,NA,NA,NA,NA,NA,NA,NA,NA,NA,NA,NA,NA,NA,NA,NA,NA,NA,NA,NA,NA,NA,NA,
000279,crazing,0,0.0,NA,NA,NA,NA,NA,NA,NA,NA,NA,NA,NA,NA,NA,NA,NA,NA,NA,NA,NA,NA,NA,NA,NA,NA,NA,NA,NA,NA,NA,NA,NA,NA,NA,NA,NA,
000279,inclusion,6418,0.16045,0.9754235994504655,0.9824399260628466,0.9875589212580171,0.9911421911421912,0.007016326612381052,0.8009888751545118,0.855406269993602,0.05441739483909025,0.9979123173277662,0.9986091794158554,0.0006968620880891674,1.0,0.9958333333333333,1.0,0.9972222222222222,0.8951323097027115,0.925,0.02986769029728853,0.9986091794158554,1.0,0.0013908205841446364,1.0,0.9972222222222222,1.0,1.0,0.928030303030303,0.9484512774135202,0.020420974383217216,1.0,1.0,0.0,1.0,1.0,1.0,1.0,
000279,patches,0,0.0,NA,NA,NA,NA,NA,NA,NA,NA,NA,NA,NA,NA,NA,NA,NA,NA,NA,NA,NA,NA,NA,NA,NA,NA,NA,NA,NA,NA,NA,NA,NA,NA,NA,NA,NA,
000280,crazing,0,0.0,NA,NA,NA,NA,NA,NA,NA,NA,NA,NA,NA,NA,NA,NA,NA,NA,NA,NA,NA,NA,NA,NA,NA,NA,NA,NA,NA,NA,NA,NA,NA,NA,NA,NA,NA,
000280,inclusion,3894,0.09735,0.9822695035460993,0.9778393351800554,0.9910554561717353,0.988795518207283,-0.0044301683660439295,0.8422222222222222,0.8065217391304348,-0.035700483091787416,1.0,1.0,0.0,1.0,1.0,1.0,1.0,0.9177764910248987,0.8965714285714286,-0.02120506245347009,1.0,1.0,0.0,1.0,1.0,1.0,1.0,0.9438334642576591,0.9299883313885647,-0.01384513286909439,1.0,1.0,0.0,1.0,1.0,1.0,1.0,
000280,patches,0,0.0,NA,NA,NA,NA,NA,NA,NA,NA,NA,NA,NA,NA,NA,NA,NA,NA,NA,NA,NA,NA,NA,NA,NA,NA,NA,NA,NA,NA,NA,NA,NA,NA,NA,NA,NA,
000281,crazing,0,0.0,NA,NA,NA,NA,NA,NA,NA,NA,NA,NA,NA,NA,NA,NA,NA,NA,NA,NA,NA,NA,NA,NA,NA,NA,NA,NA,NA,NA,NA,NA,NA,NA,NA,NA,NA,
000281,inclusion,7137,0.178425,0.9741367450818544,0.9783903587754537,0.9868989547038327,0.9890771600616161,0.004253613693599223,0.8096903096903096,0.8414634146341463,0.03177310494383667,1.0,1.0,0.0,1.0,1.0,1.0,1.0,0.8974763406940063,0.9186819027371778,0.021205562043171478,1.0,1.0,0.0,1.0,1.0,1.0,1.0,0.9301325689716947,0.9447553710055967,0.014622802033901983,1.0,1.0,0.0,1.0,1.0,1.0,1.0,
000281,patches,0,0.0,NA,NA,NA,NA,NA,NA,NA,NA,NA,NA,NA,NA,NA,NA,NA,NA,NA,NA,NA,NA,NA,NA,NA,NA,NA,NA,NA,NA,NA,NA,NA,NA,NA,NA,NA,
000282,crazing,0,0.0,NA,NA,NA,NA,NA,NA,NA,NA,NA,NA,NA,NA,NA,NA,NA,NA,NA,NA,NA,NA,NA,NA,NA,NA,NA,NA,NA,NA,NA,NA,NA,NA,NA,NA,NA,
000282,inclusion,3433,0.085825,0.9772014819036763,0.9799484388427385,0.9884692995099452,0.9898726851851852,0.0027469569390622395,0.775623268698061,0.8030942334739803,0.02747096477591937,1.0,1.0,0.0,1.0,1.0,1.0,1.0,0.8782991202346041,0.8956328645447816,0.017333744310177535,1.0,1.0,0.0,1.0,1.0,1.0,1.0,0.9151696606786427,0.928643216080402,0.013473555401759318,1.0,1.0,0.0,1.0,1.0,1.0,1.0,
000282,patches,0,0.0,NA,NA,NA,NA,NA,NA,NA,NA,NA,NA,NA,NA,NA,NA,NA,NA,NA,NA,NA,NA,NA,NA,NA,NA,NA,NA,NA,NA,NA,NA,NA,NA,NA,NA,NA,
000283,crazing,0,0.0,NA,NA,NA,NA,NA,NA,NA,NA,NA,NA,NA,NA,NA,NA,NA,NA,NA,NA,NA,NA,NA,NA,NA,NA,NA,NA,NA,NA,NA,NA,NA,NA,NA,NA,NA,
000283,inclusion,4421,0.110525,0.9821826280623608,0.9738243123336291,0.9910112359550561,0.9867385929422342,-0.008358315728731691,0.858281665190434,0.7988013698630136,-0.059480295327420385,1.0,0.9970958373668926,-0.0029041626331074433,1.0,1.0,1.0,0.9942084942084942,0.9290649470290189,0.8933574333483958,-0.03570751368062308,1.0,1.0,0.0,1.0,1.0,1.0,1.0,0.9546733354173179,0.9267241379310345,-0.02794919748628344,1.0,1.0,0.0,1.0,1.0,1.0,1.0,
000283,patches,0,0.0,NA,NA,NA,NA,NA,NA,NA,NA,NA,NA,NA,NA,NA,NA,NA,NA,NA,NA,NA,NA,NA,NA,NA,NA,NA,NA,NA,NA,NA,NA,NA,NA,NA,NA,NA,
000284,crazing,0,0.0,NA,NA,NA,NA,NA,NA,NA,NA,NA,NA,NA,NA,NA,NA,NA,NA,NA,NA,NA,NA,NA,NA,NA,NA,NA,NA,NA,NA,NA,NA,NA,NA,NA,NA,NA,
000284,inclusion,8686,0.21715,0.980989023424239,0.9781260570526553,0.9904032903004684,0.9889420884632923,-0.002862966371583675,0.8116771608471666,0.7809847198641766,-0.030692440982989955,1.0,1.0,0.0,1.0,1.0,1.0,1.0,0.9018072289156627,0.8858858858858859,-0.01592134302977677,1.0,1.0,0.0,1.0,1.0,1.0,1.0,0.9330877839165131,0.9248412860946139,-0.008246497821899235,1.0,1.0,0.0,1.0,1.0,1.0,1.0,
000284,patches,0,0.0,NA,NA,NA,NA,NA,NA,NA,NA,NA,NA,NA,NA,NA,NA,NA,NA,NA,NA,NA,NA,NA,NA,NA,NA,NA,NA,NA,NA,NA,NA,NA,NA,NA,NA,NA,
000285,crazing,0,0.0,NA,NA,NA,NA,NA,NA,NA,NA,NA,NA,NA,NA,NA,NA,NA,NA,NA,NA,NA,NA,NA,NA,NA,NA,NA,NA,NA,NA,NA,NA,NA,NA,NA,NA,NA,
000285,inclusion,4711,0.117775,0.9763485477178423,0.9815590947191953,0.9880327524669326,0.9906937394247038,0.005210547001353039,0.7653688524590164,0.8113804004214963,0.04601154796247986,1.0,1.0,0.0,1.0,1.0,1.0,1.0,0.8744541484716157,0.896513558384062,0.02205940991244626,1.0,1.0,0.0,1.0,1.0,1.0,1.0,0.9138381201044387,0.9266365688487584,0.01279844874431979,1.0,1.0,0.0,1.0,1.0,1.0,1.0,
000285,patches,0,0.0,NA,NA,NA,NA,NA,NA,NA,NA,NA,NA,NA,NA,NA,NA,NA,NA,NA,NA,NA,NA,NA,NA,NA,NA,NA,NA,NA,NA,NA,NA,NA,NA,NA,NA,NA,
000286,crazing,0,0.0,NA,NA,NA,NA,NA,NA,NA,NA,NA,NA,NA,NA,NA,NA,NA,NA,NA,NA,NA,NA,NA,NA,NA,NA,NA,NA,NA,NA,NA,NA,NA,NA,NA,NA,NA,
000286,inclusion,7240,0.181,0.9846007086399564,0.9898574561403509,0.9922406097644716,0.9949028791844606,0.00525674750039451,0.8130148270181219,0.8723404255319149,0.05932559851379304,1.0,1.0,0.0,1.0,1.0,1.0,1.0,0.8981361074989164,0.9311865902073224,0.03305048270840605,1.0,1.0,0.0,1.0,1.0,1.0,1.0,0.9283397227956355,0.952793546459516,0.024453823663880492,1.0,1.0,0.0,1.0,1.0,1.0,1.0,
000286,patches,0,0.0,NA,NA,NA,NA,NA,NA,NA,NA,NA,NA,NA,NA,NA,NA,NA,NA,NA,NA,NA,NA,NA,NA,NA,NA,NA,NA,NA,NA,NA,NA,NA,NA,NA,NA,NA,
000287,crazing,0,0.0,NA,NA,NA,NA,NA,NA,NA,NA,NA,NA,NA,NA,NA,NA,NA,NA,NA,NA,NA,NA,NA,NA,NA,NA,NA,NA,NA,NA,NA,NA,NA,NA,NA,NA,NA,
000287,inclusion,8497,0.212425,0.9789327468456998,0.9825621948384097,0.9893542349087506,0.9912044095226926,0.003629447992709922,0.8188084687346134,0.8471943887775552,0.028385920042941715,0.9994538503549972,1.0,0.0005461496450027692,1.0,0.9989082969432315,1.0,1.0,0.9058701836048616,0.9179046129788898,0.01203442937402821,1.0,1.0,0.0,1.0,1.0,1.0,1.0,0.935523541813071,0.9443364552040997,0.008812913391028743,1.0,1.0,0.0,1.0,1.0,1.0,1.0,
000287,patches,0,0.0,NA,NA,NA,NA,NA,NA,NA,NA,NA,NA,NA,NA,NA,NA,NA,NA,NA,NA,NA,NA,NA,NA,NA,NA,NA,NA,NA,NA,NA,NA,NA,NA,NA,NA,NA,
000288,crazing,0,0.0,NA,NA,NA,NA,NA,NA,NA,NA,NA,NA,NA,NA,NA,NA,NA,NA,NA,NA,NA,NA,NA,NA,NA,NA,NA,NA,NA,NA,NA,NA,NA,NA,NA,NA,NA,
000288,inclusion,9702,0.24255,0.9764041544822023,0.98074584515606,0.9880612244897959,0.9902793410416454,0.004341690673857701,0.7823066234367763,0.8207190160832545,0.03841239264647822,1.0,0.9989550679205852,-0.0010449320794148065,1.0,1.0,1.0,0.9979123173277662,0.8842001962708538,0.9052579365079365,0.021057740237082734,1.0,1.0,0.0,1.0,1.0,1.0,1.0,0.9207755306702323,0.9345448426720512,0.013769312001818856,1.0,1.0,0.0,1.0,1.0,1.0,1.0,
000288,patches,0,0.0,NA,NA,NA,NA,NA,NA,NA,NA,NA,NA,NA,NA,NA,NA,NA,NA,NA,NA,NA,NA,NA,NA,NA,NA,NA,NA,NA,NA,NA,NA,NA,NA,NA,NA,NA,
000289,crazing,0,0.0,NA,NA,NA,NA,NA,NA,NA,NA,NA,NA,NA,NA,NA,NA,NA,NA,NA,NA,NA,NA,NA,NA,NA,NA,NA,NA,NA,NA,NA,NA,NA,NA,NA,NA,NA,
000289,inclusion,9923,0.248075,0.9749679708288164,0.9701921172509408,0.9873253493013973,0.9848705704950993,-0.004775853577875577,0.7906018136850783,0.7555735711390352,-0.03502824254604309,0.999071494893222,0.9958158923098446,-0.003255602583377426,1.0,0.9981447124304267,0.9972014925373134,0.9944341372912802,0.889640130861505,0.8690476190476191,-0.020592511813885883,1.0,1.0,0.0,1.0,1.0,1.0,1.0,0.9259259259259259,0.911568656495334,-0.014357269430591901,1.0,1.0,0.0,1.0,1.0,1.0,1.0,
000289,patches,0,0.0,NA,NA,NA,NA,NA,NA,NA,NA,NA,NA,NA,NA,NA,NA,NA,NA,NA,NA,NA,NA,NA,NA,NA,NA,NA,NA,NA,NA,NA,NA,NA,NA,NA,NA,NA,
000290,crazing,0,0.0,NA,NA,NA,NA,NA,NA,NA,NA,NA,NA,NA,NA,NA,NA,NA,NA,NA,NA,NA,NA,NA,NA,NA,NA,NA,NA,NA,NA,NA,NA,NA,NA,NA,NA,NA,
000290,inclusion,12136,0.3034,0.979610000809127,0.9845814977973568,0.9896999918253904,0.9922308546059934,0.004971496988229851,0.7920098846787479,0.8404390037990713,0.04842911912032344,1.0,1.0,0.0,1.0,1.0,1.0,1.0,0.8889371875679201,0.9176392865007708,0.028702098932850695,1.0,1.0,0.0,1.0,1.0,1.0,1.0,0.9235885308897428,0.9445024615843652,0.02091393069462244,1.0,1.0,0.0,1.0,1.0,1.0,1.0,
000290,patches,0,0.0,NA,NA,NA,NA,NA,NA,NA,NA,NA,NA,NA,NA,NA,NA,NA,NA,NA,NA,NA,NA,NA,NA,NA,NA,NA,NA,NA,NA,NA,NA,NA,NA,NA,NA,NA,
000291,crazing,0,0.0,NA,NA,NA,NA,NA,NA,NA,NA,NA,NA,NA,NA,NA,NA,NA,NA,NA,NA,NA,NA,NA,NA,NA,NA,NA,NA,NA,NA,NA,NA,NA,NA,NA,NA,NA,
000291,inclusion,7437,0.185925,0.9805632685442285,0.981459409349755,0.9901862607650711,0.9906429621708328,0.0008961408055264686,0.8251333728512151,0.8344252531268612,0.009291880275646092,1.0,1.0,0.0,1.0,1.0,1.0,1.0,0.9089213552999689,0.9139918977874727,0.005070542487503826,1.0,1.0,0.0,1.0,1.0,1.0,1.0,0.9391891891891891,0.9420351174106198,0.0028459282214307047,1.0,1.0,0.0,1.0,1.0,1.0,1.0,
000291,patches,0,0.0,NA,NA,NA,NA,NA,NA,NA,NA,NA,NA,NA,NA,NA,NA,NA,NA,NA,NA,NA,NA,NA,NA,NA,NA,NA,NA,NA,NA,NA,NA,NA,NA,NA,NA,NA,
000292,crazing,0,0.0,NA,NA,NA,NA,NA,NA,NA,NA,NA,NA,NA,NA,NA,NA,NA,NA,NA,NA,NA,NA,NA,NA,NA,NA,NA,NA,NA,NA,NA,NA,NA,NA,NA,NA,NA,
000292,inclusion,11030,0.27575,0.9786400854396582,0.9831511023480911,0.9892047499100396,0.9915039768618944,0.004511016908432919,0.8037037037037037,0.8392255892255892,0.03552188552188551,0.999536822603057,1.0,0.0004631773969430153,1.0,0.9990740740740741,1.0,1.0,0.8931512787169484,0.9130243795299803,0.01987310081303184,1.0,1.0,0.0,1.0,1.0,1.0,1.0,0.9259040590405904,0.9393533005513336,0.013449241510743226,1.0,1.0,0.0,1.0,1.0,1.0,1.0,
000292,patches,0,0.0,NA,NA,NA,NA,NA,NA,NA,NA,NA,NA,NA,NA,NA,NA,NA,NA,NA,NA,NA,NA,NA,NA,NA,NA,NA,NA,NA,NA,NA,NA,NA,NA,NA,NA,NA,
000293,crazing,0,0.0,NA,NA,NA,NA,NA,NA,NA,NA,NA,NA,NA,NA,NA,NA,NA,NA,NA,NA,NA,NA,NA,NA,NA,NA,NA,NA,NA,NA,NA,NA,NA,NA,NA,NA,NA,
000293,inclusion,14389,0.359725,0.9833493216390298,0.9860996421690064,0.9916047676628088,0.9930011780195412,0.002750320529976591,0.8147025388404698,0.8455346876197777,0.030832148779307844,0.99370012599748,0.9966499162479062,0.0029497902504261875,1.0,0.9874791318864775,1.0,0.993322203672788,0.9000997008973081,0.9171337069655725,0.01703400606826444,0.9941225860621327,0.9995824634655532,0.005459877403420577,1.0,0.988313856427379,1.0,0.9991652754590985,0.9294149585991585,0.9431988041853513,0.013783845586192833,0.9945446915652539,1.0,0.0054553084347460645,1.0,0.9891485809682805,1.0,1.0,
000293,patches,0,0.0,NA,NA,NA,NA,NA,NA,NA,NA,NA,NA,NA,NA,NA,NA,NA,NA,NA,NA,NA,NA,NA,NA,NA,NA,NA,NA,NA,NA,NA,NA,NA,NA,NA,NA,NA,
000294,crazing,0,0.0,NA,NA,NA,NA,NA,NA,NA,NA,NA,NA,NA,NA,NA,NA,NA,NA,NA,NA,NA,NA,NA,NA,NA,NA,NA,NA,NA,NA,NA,NA,NA,NA,NA,NA,NA,
000294,inclusion,1401,0.035025,0.9782761037140855,0.972822299651568,0.9890187743535246,0.9862239491345814,-0.005453804062517498,0.8477157360406091,0.8044554455445545,-0.04326029049605462,1.0,1.0,0.0,1.0,1.0,1.0,1.0,0.9229747675962815,0.8954248366013072,-0.02754993099497427,1.0,1.0,0.0,1.0,1.0,1.0,1.0,0.9520361990950226,0.9276785714285715,-0.02435762766645111,1.0,1.0,0.0,1.0,1.0,1.0,1.0,
000294,patches,0,0.0,NA,NA,NA,NA,NA,NA,NA,NA,NA,NA,NA,NA,NA,NA,NA,NA,NA,NA,NA,NA,NA,NA,NA,NA,NA,NA,NA,NA,NA,NA,NA,NA,NA,NA,NA,
000295,crazing,0,0.0,NA,NA,NA,NA,NA,NA,NA,NA,NA,NA,NA,NA,NA,NA,NA,NA,NA,NA,NA,NA,NA,NA,NA,NA,NA,NA,NA,NA,NA,NA,NA,NA,NA,NA,NA,
000295,inclusion,4679,0.116975,0.9802852348993288,0.9826675121538787,0.9900444821012497,0.9912579957356077,0.0023822772545498694,0.8224121557454891,0.8479307025986526,0.02551854685316346,1.0,1.0,0.0,1.0,1.0,1.0,1.0,0.904927824788452,0.9211847389558233,0.016256914167371295,1.0,1.0,0.0,1.0,1.0,1.0,1.0,0.9356804333107651,0.9472070844686649,0.011526651157899748,1.0,1.0,0.0,1.0,1.0,1.0,1.0,
000295,patches,0,0.0,NA,NA,NA,NA,NA,NA,NA,NA,NA,NA,NA,NA,NA,NA,NA,NA,NA,NA,NA,NA,NA,NA,NA,NA,NA,NA,NA,NA,NA,NA,NA,NA,NA,NA,NA,
000296,crazing,0,0.0,NA,NA,NA,NA,NA,NA,NA,NA,NA,NA,NA,NA,NA,NA,NA,NA,NA,NA,NA,NA,NA,NA,NA,NA,NA,NA,NA,NA,NA,NA,NA,NA,NA,NA,NA,
000296,inclusion,5244,0.1311,0.9847572450131727,0.9858703843255463,0.9923200910211435,0.9928849255288872,0.0011131393123735567,0.8041112454655381,0.8166259168704156,0.012514671404877498,1.0,0.9945652173913043,-0.005434782608695676,1.0,1.0,1.0,0.9891891891891892,0.8961121733588273,0.9012820512820513,0.005169877923223987,1.0,1.0,0.0,1.0,1.0,1.0,1.0,0.9302123970524491,0.9321148825065274,0.0019024854540783398,1.0,1.0,0.0,1.0,1.0,1.0,1.0,
000296,patches,0,0.0,NA,NA,NA,NA,NA,NA,NA,NA,NA,NA,NA,NA,NA,NA,NA,NA,NA,NA,NA,NA,NA,NA,NA,NA,NA,NA,NA,NA,NA,NA,NA,NA,NA,NA,NA,
000297,crazing,0,0.0,NA,NA,NA,NA,NA,NA,NA,NA,NA,NA,NA,NA,NA,NA,NA,NA,NA,NA,NA,NA,NA,NA,NA,NA,NA,NA,NA,NA,NA,NA,NA,NA,NA,NA,NA,
000297,inclusion,5405,0.135125,0.9851539589442815,0.9809333575449428,0.9925214661619426,0.9903749197909982,-0.004220601399338664,0.828752642706131,0.7843137254901961,-0.04443891721593496,1.0,1.0,0.0,1.0,1.0,1.0,1.0,0.9124653739612189,0.8888888888888888,-0.02357648507233001,1.0,1.0,0.0,1.0,1.0,1.0,1.0,0.943502824858757,0.9289188178077067,-0.01458400705105034,1.0,1.0,0.0,1.0,1.0,1.0,1.0,
000297,patches,0,0.0,NA,NA,NA,NA,NA,NA,NA,NA,NA,NA,NA,NA,NA,NA,NA,NA,NA,NA,NA,NA,NA,NA,NA,NA,NA,NA,NA,NA,NA,NA,NA,NA,NA,NA,NA,
000298,crazing,0,0.0,NA,NA,NA,NA,NA,NA,NA,NA,NA,NA,NA,NA,NA,NA,NA,NA,NA,NA,NA,NA,NA,NA,NA,NA,NA,NA,NA,NA,NA,NA,NA,NA,NA,NA,NA,
000298,inclusion,11356,0.2839,0.9890991540943577,0.9861835245046924,0.9945197071331492,0.9930437065231658,-0.0029156295896652917,0.8299319727891157,0.7913907284768212,-0.03854124431229444,1.0,1.0,0.0,1.0,1.0,1.0,1.0,0.9103521878335112,0.8903293622985283,-0.020022825534982913,1.0,1.0,0.0,1.0,1.0,1.0,1.0,0.9389331402365436,0.9257756563245824,-0.013157483911961254,1.0,1.0,0.0,1.0,1.0,1.0,1.0,
000298,patches,0,0.0,NA,NA,NA,NA,NA,NA,NA,NA,NA,NA,NA,NA,NA,NA,NA,NA,NA,NA,NA,NA,NA,NA,NA,NA,NA,NA,NA,NA,NA,NA,NA,NA,NA,NA,NA,
000299,crazing,0,0.0,NA,NA,NA,NA,NA,NA,NA,NA,NA,NA,NA,NA,NA,NA,NA,NA,NA,NA,NA,NA,NA,NA,NA,NA,NA,NA,NA,NA,NA,NA,NA,NA,NA,NA,NA,
000299,inclusion,11412,0.2853,0.985211450315662,0.9851960869188815,0.9925506425615335,0.9925428459290916,-1.5363396780543326e-05,0.8285999003487793,0.8305929247633284,0.0019930244145490716,1.0,0.9989059080962801,-0.001094091903719896,1.0,1.0,1.0,0.9978142076502732,0.909992173232455,0.9138381201044387,0.0038459468719836964,1.0,1.0,0.0,1.0,1.0,1.0,1.0,0.9383088104945931,0.9425124201561391,0.004203609661545982,1.0,1.0,0.0,1.0,1.0,1.0,1.0,
000299,patches,0,0.0,NA,NA,NA,NA,NA,NA,NA,NA,NA,NA,NA,NA,NA,NA,NA,NA,NA,NA,NA,NA,NA,NA,NA,NA,NA,NA,NA,NA,NA,NA,NA,NA,NA,NA,NA,
000300,crazing,0,0.0,NA,NA,NA,NA,NA,NA,NA,NA,NA,NA,NA,NA,NA,NA,NA,NA,NA,NA,NA,NA,NA,NA,NA,NA,NA,NA,NA,NA,NA,NA,NA,NA,NA,NA,NA,
000300,inclusion,6832,0.1708,0.9799480669359493,0.9755434782608695,0.989872495446266,0.9876203576341128,-0.004404588675079757,0.7995705082319255,0.7609451007644198,-0.03862540746750576,0.9967767359410963,1.0,0.0032232640589037187,0.9983739837398374,0.9951845906902087,1.0,1.0,0.8914436486995854,0.8690828402366864,-0.022360808462899007,1.0,1.0,0.0,1.0,1.0,1.0,1.0,0.9245573518090839,0.909665991902834,-0.014891359906249901,1.0,1.0,0.0,1.0,1.0,1.0,1.0,
000300,patches,0,0.0,NA,NA,NA,NA,NA,NA,NA,NA,NA,NA,NA,NA,NA,NA,NA,NA,NA,NA,NA,NA,NA,NA,NA,NA,NA,NA,NA,NA,NA,NA,NA,NA,NA,NA,NA,
000301,crazing,0,0.0,NA,NA,NA,NA,NA,NA,NA,NA,NA,NA,NA,NA,NA,NA,NA,NA,NA,NA,NA,NA,NA,NA,NA,NA,NA,NA,NA,NA,NA,NA,NA,NA,NA,NA,NA,
000301,inclusion,8729,0.218225,0.9653035935563816,0.9548889139506034,0.9823455233291298,0.9769239644629053,-0.010414679605778243,0.6480414746543779,0.5657174151150055,-0.08232405953937239,0.9717951762340891,0.9428369795342272,-0.028958196699861882,0.9745042492917847,0.9691011235955056,0.9475177304964539,0.9382022471910112,0.8073510773130546,0.7544615384615385,-0.05288953885151604,0.9985935302390998,0.9936514269503091,-0.0049421032887907446,1.0,0.9971910112359551,0.9943262411347518,0.9929775280898876,0.8670457030395802,0.830152262491958,-0.036893440547622225,1.0,1.0,0.0,1.0,1.0,1.0,1.0,
000301,patches,0,0.0,NA,NA,NA,NA,NA,NA,NA,NA,NA,NA,NA,NA,NA,NA,NA,NA,NA,NA,NA,NA,NA,NA,NA,NA,NA,NA,NA,NA,NA,NA,NA,NA,NA,NA,NA,
000302,crazing,0,0.0,NA,NA,NA,NA,NA,NA,NA,NA,NA,NA,NA,NA,NA,NA,NA,NA,NA,NA,NA,NA,NA,NA,NA,NA,NA,NA,NA,NA,NA,NA,NA,NA,NA,NA,NA,
000302,inclusion,4271,0.106775,0.9759780370624571,0.9813148788927336,0.9878430010420285,0.9905693328676214,0.005336841830276495,0.8061797752808989,0.8443804034582133,0.0382006281773144,1.0,1.0,0.0,1.0,1.0,1.0,1.0,0.8960591133004926,0.9194194194194194,0.02336030611892681,1.0,1.0,0.0,1.0,1.0,1.0,1.0,0.9283322170127261,0.9450847457627118,0.016752528749985784,1.0,1.0,0.0,1.0,1.0,1.0,1.0,
000302,patches,0,0.0,NA,NA,NA,NA,NA,NA,NA,NA,NA,NA,NA,NA,NA,NA,NA,NA,NA,NA,NA,NA,NA,NA,NA,NA,NA,NA,NA,NA,NA,NA,NA,NA,NA,NA,NA,
000303,crazing,0,0.0,NA,NA,NA,NA,NA,NA,NA,NA,NA,NA,NA,NA,NA,NA,NA,NA,NA,NA,NA,NA,NA,NA,NA,NA,NA,NA,NA,NA,NA,NA,NA,NA,NA,NA,NA,
000303,inclusion,4843,0.121075,0.9817035982923359,0.98052738336714,0.9907673368896184,0.9901679639492011,-0.0011762149251959286,0.8150406504065041,0.8044579533941236,-0.01058269701238046,0.997740040694624,1.0,0.002259959305376036,0.9977528089887641,0.9977272727272727,1.0,1.0,0.8997867803837953,0.8980245595301655,-0.00176222085362987,1.0,1.0,0.0,1.0,1.0,1.0,1.0,0.9293989862418537,0.9323636363636364,0.002964650121782708,1.0,1.0,0.0,1.0,1.0,1.0,1.0,
000303,patches,0,0.0,NA,NA,NA,NA,NA,NA,NA,NA,NA,NA,NA,NA,NA,NA,NA,NA,NA,NA,NA,NA,NA,NA,NA,NA,NA,NA,NA,NA,NA,NA,NA,NA,NA,NA,NA,
000304,crazing,0,0.0,NA,NA,NA,NA,NA,NA,NA,NA,NA,NA,NA,NA,NA,NA,NA,NA,NA,NA,NA,NA,NA,NA,NA,NA,NA,NA,NA,NA,NA,NA,NA,NA,NA,NA,NA,
000304,inclusion,6107,0.152675,0.9751721928559988,0.9736419157827065,0.9874300543346038,0.9866449511400651,-0.00153027707329223,0.8201603665521191,0.8136077758719268,-0.006552590680192316,0.9974375116812088,0.9987195881670249,0.0012820764858161304,0.9987244897959183,0.9961538461538462,0.9987212276214834,0.9987179487179487,0.9044758185641334,0.9034876728803367,-0.0009881456837966818,1.0,1.0,0.0,1.0,1.0,1.0,1.0,0.9356223175965666,0.9363747954173486,0.0007524778207820271,1.0,1.0,0.0,1.0,1.0,1.0,1.0,
000304,patches,0,0.0,NA,NA,NA,NA,NA,NA,NA,NA,NA,NA,NA,NA,NA,NA,NA,NA,NA,NA,NA,NA,NA,NA,NA,NA,NA,NA,NA,NA,NA,NA,NA,NA,NA,NA,NA,
000305,crazing,0,0.0,NA,NA,NA,NA,NA,NA,NA,NA,NA,NA,NA,NA,NA,NA,NA,NA,NA,NA,NA,NA,NA,NA,NA,NA,NA,NA,NA,NA,NA,NA,NA,NA,NA,NA,NA,
000305,inclusion,8511,0.212775,0.9648722627737226,0.9753029428736295,0.9821221267703738,0.9874970787567189,0.010430680099906886,0.6443418013856813,0.7385461209529627,0.09420431956728137,0.9702549575070821,0.9964463397299218,0.026191382222839676,0.9702549575070821,0.9702549575070821,1.0,0.9929178470254958,0.8023477157360406,0.8577036310107949,0.055355915274754364,1.0,1.0,0.0,1.0,1.0,1.0,1.0,0.8630287091825554,0.9021714797403179,0.039142770557762496,1.0,1.0,0.0,1.0,1.0,1.0,1.0,
000305,patches,0,0.0,NA,NA,NA,NA,NA,NA,NA,NA,NA,NA,NA,NA,NA,NA,NA,NA,NA,NA,NA,NA,NA,NA,NA,NA,NA,NA,NA,NA,NA,NA,NA,NA,NA,NA,NA,
000306,crazing,0,0.0,NA,NA,NA,NA,NA,NA,NA,NA,NA,NA,NA,NA,NA,NA,NA,NA,NA,NA,NA,NA,NA,NA,NA,NA,NA,NA,NA,NA,NA,NA,NA,NA,NA,NA,NA,
000306,inclusion,1768,0.0442,0.9787709497206704,0.9793641940881205,0.9892715979672502,0.9895745280360665,0.0005932443674501187,0.841995841995842,0.84375,0.001754158004158013,1.0,1.0,0.0,1.0,1.0,1.0,1.0,0.9163952225841476,0.9153094462540716,-0.0010857763300760048,1.0,1.0,0.0,1.0,1.0,1.0,1.0,0.941783345615328,0.9417404129793511,-4.29326359768778e-05,1.0,1.0,0.0,1.0,1.0,1.0,1.0,
000306,patches,0,0.0,NA,NA,NA,NA,NA,NA,NA,NA,NA,NA,NA,NA,NA,NA,NA,NA,NA,NA,NA,NA,NA,NA,NA,NA,NA,NA,NA,NA,NA,NA,NA,NA,NA,NA,NA,
000307,crazing,0,0.0,NA,NA,NA,NA,NA,NA,NA,NA,NA,NA,NA,NA,NA,NA,NA,NA,NA,NA,NA,NA,NA,NA,NA,NA,NA,NA,NA,NA,NA,NA,NA,NA,NA,NA,NA,
000307,inclusion,3871,0.096775,0.9789446981227803,0.981651376146789,0.9893603384181515,0.9907407407407407,0.002706678024008702,0.81,0.8335220838052095,0.02352208380520948,1.0,0.9975062344139651,-0.0024937655860348684,1.0,1.0,1.0,0.9950248756218906,0.8937536485697607,0.9071555292726198,0.013401880702859081,1.0,1.0,0.0,1.0,1.0,1.0,1.0,0.9249702262802699,0.9326383319967922,0.007668105716522322,1.0,1.0,0.0,1.0,1.0,1.0,1.0,
000307,patches,0,0.0,NA,NA,NA,NA,NA,NA,NA,NA,NA,NA,NA,NA,NA,NA,NA,NA,NA,NA,NA,NA,NA,NA,NA,NA,NA,NA,NA,NA,NA,NA,NA,NA,NA,NA,NA,
000308,crazing,0,0.0,NA,NA,NA,NA,NA,NA,NA,NA,NA,NA,NA,NA,NA,NA,NA,NA,NA,NA,NA,NA,NA,NA,NA,NA,NA,NA,NA,NA,NA,NA,NA,NA,NA,NA,NA,
000308,inclusion,14888,0.3722,0.9860107405688523,0.9894694748067182,0.9929561008178935,0.9947068676716918,0.0034587342378659125,0.80802163136548,0.8560221504383941,0.04800051907291414,0.9984992496248124,0.9984992496248124,0.0,1.0,0.997002997002997,1.0,0.997002997002997,0.8979156797726197,0.9244785423159914,0.0265628625433717,1.0,1.0,0.0,1.0,1.0,1.0,1.0,0.9304795622787254,0.9487429034874291,0.018263341208703654,1.0,1.0,0.0,1.0,1.0,1.0,1.0,
000308,patches,0,0.0,NA,NA,NA,NA,NA,NA,NA,NA,NA,NA,NA,NA,NA,NA,NA,NA,NA,NA,NA,NA,NA,NA,NA,NA,NA,NA,NA,NA,NA,NA,NA,NA,NA,NA,NA,
000309,crazing,0,0.0,NA,NA,NA,NA,NA,NA,NA,NA,NA,NA,NA,NA,NA,NA,NA,NA,NA,NA,NA,NA,NA,NA,NA,NA,NA,NA,NA,NA,NA,NA,NA,NA,NA,NA,NA,
000309,inclusion,5305,0.132625,0.9811637448713166,0.9838018990876932,0.9904923279676174,0.9918348193336461,0.002638154216376587,0.8262380538662033,0.8415929203539823,0.015354866487778951,0.9980582524271845,0.9980582524271845,0.0,1.0,0.9961240310077519,1.0,0.9961240310077519,0.9040472942246476,0.9141670512228888,0.010119756998241192,1.0,1.0,0.0,1.0,1.0,1.0,1.0,0.9334982987936901,0.9389671361502347,0.005468837356544687,1.0,1.0,0.0,1.0,1.0,1.0,1.0,
000309,patches,0,0.0,NA,NA,NA,NA,NA,NA,NA,NA,NA,NA,NA,NA,NA,NA,NA,NA,NA,NA,NA,NA,NA,NA,NA,NA,NA,NA,NA,NA,NA,NA,NA,NA,NA,NA,NA,
000310,crazing,0,0.0,NA,NA,NA,NA,NA,NA,NA,NA,NA,NA,NA,NA,NA,NA,NA,NA,NA,NA,NA,NA,NA,NA,NA,NA,NA,NA,NA,NA,NA,NA,NA,NA,NA,NA,NA,
000310,inclusion,5836,0.1459,0.983756345177665,0.9830594612908691,0.9918116683725691,0.9914573722877157,-0.000696883886795896,0.8295454545454546,0.8253275109170306,-0.004217943628423981,1.0,1.0,0.0,1.0,1.0,1.0,1.0,0.9098810612991766,0.9062214089661482,-0.0036596523330283404,1.0,1.0,0.0,1.0,1.0,1.0,1.0,0.9406094527363185,0.9371695178849144,-0.003439934851404036,1.0,1.0,0.0,1.0,1.0,1.0,1.0,
000310,patches,0,0.0,NA,NA,NA,NA,NA,NA,NA,NA,NA,NA,NA,NA,NA,NA,NA,NA,NA,NA,NA,NA,NA,NA,NA,NA,NA,NA,NA,NA,NA,NA,NA,NA,NA,NA,NA,
000311,crazing,0,0.0,NA,NA,NA,NA,NA,NA,NA,NA,NA,NA,NA,NA,NA,NA,NA,NA,NA,NA,NA,NA,NA,NA,NA,NA,NA,NA,NA,NA,NA,NA,NA,NA,NA,NA,NA,
000311,inclusion,8462,0.21155,0.9861127319407166,0.986757295206844,0.9930078147952288,0.9933345130655341,0.0006445632661273848,0.8333333333333334,0.8421423537702607,0.008809020436927328,1.0,1.0,0.0,1.0,1.0,1.0,1.0,0.9106881405563689,0.9154722528482175,0.004784112291848608,1.0,1.0,0.0,1.0,1.0,1.0,1.0,0.9372364177623419,0.941953163926258,0.004716746163916152,1.0,1.0,0.0,1.0,1.0,1.0,1.0,
000311,patches,0,0.0,NA,NA,NA,NA,NA,NA,NA,NA,NA,NA,NA,NA,NA,NA,NA,NA,NA,NA,NA,NA,NA,NA,NA,NA,NA,NA,NA,NA,NA,NA,NA,NA,NA,NA,NA,
000312,crazing,0,0.0,NA,NA,NA,NA,NA,NA,NA,NA,NA,NA,NA,NA,NA,NA,NA,NA,NA,NA,NA,NA,NA,NA,NA,NA,NA,NA,NA,NA,NA,NA,NA,NA,NA,NA,NA,
000312,inclusion,10073,0.251825,0.9858920348780249,0.9802869132429004,0.9928959052787371,0.9900453380642618,-0.005605121635124499,0.8314738696418086,0.7727529677784059,-0.05872090186340273,1.0,0.9935417100691528,-0.006458289930847183,1.0,1.0,0.9922680412371134,0.9948186528497409,0.9112952731737262,0.8804445779513368,-0.030850695222389368,1.0,1.0,0.0,1.0,1.0,1.0,1.0,0.9390852390852391,0.9187141687141687,-0.020371070371070443,1.0,1.0,0.0,1.0,1.0,1.0,1.0,
000312,patches,0,0.0,NA,NA,NA,NA,NA,NA,NA,NA,NA,NA,NA,NA,NA,NA,NA,NA,NA,NA,NA,NA,NA,NA,NA,NA,NA,NA,NA,NA,NA,NA,NA,NA,NA,NA,NA,
000313,crazing,0,0.0,NA,NA,NA,NA,NA,NA,NA,NA,NA,NA,NA,NA,NA,NA,NA,NA,NA,NA,NA,NA,NA,NA,NA,NA,NA,NA,NA,NA,NA,NA,NA,NA,NA,NA,NA,
000313,inclusion,5822,0.14555,0.9847198641765704,0.9823399558498896,0.9923011120615911,0.9910913140311804,-0.0023799083266807797,0.8361836183618362,0.8189884649511979,-0.017195153410638264,1.0,1.0,0.0,1.0,1.0,1.0,1.0,0.9120827456511519,0.9058275058275058,-0.006255239823646064,1.0,1.0,0.0,1.0,1.0,1.0,1.0,0.9417786308381318,0.939268680445151,-0.002509950392980853,1.0,1.0,0.0,1.0,1.0,1.0,1.0,
000313,patches,0,0.0,NA,NA,NA,NA,NA,NA,NA,NA,NA,NA,NA,NA,NA,NA,NA,NA,NA,NA,NA,NA,NA,NA,NA,NA,NA,NA,NA,NA,NA,NA,NA,NA,NA,NA,NA,
000314,crazing,0,0.0,NA,NA,NA,NA,NA,NA,NA,NA,NA,NA,NA,NA,NA,NA,NA,NA,NA,NA,NA,NA,NA,NA,NA,NA,NA,NA,NA,NA,NA,NA,NA,NA,NA,NA,NA,
000314,inclusion,11787,0.294675,0.9816659690246965,0.9820875533606763,0.9907481728697562,0.9909628378378378,0.0004215843359798299,0.8161062681610627,0.8206090947017105,0.00450282654064782,1.0,0.9990800367985281,-0.0009199632014719183,1.0,1.0,1.0,0.9981617647058824,0.9027474923680767,0.9054497701904136,0.002702277822336896,1.0,1.0,0.0,1.0,1.0,1.0,1.0,0.9342632438047188,0.9365788298347476,0.0023155860300287934,1.0,1.0,0.0,1.0,1.0,1.0,1.0,
000314,patches,0,0.0,NA,NA,NA,NA,NA,NA,NA,NA,NA,NA,NA,NA,NA,NA,NA,NA,NA,NA,NA,NA,NA,NA,NA,NA,NA,NA,NA,NA,NA,NA,NA,NA,NA,NA,NA,
000315,crazing,0,0.0,NA,NA,NA,NA,NA,NA,NA,NA,NA,NA,NA,NA,NA,NA,NA,NA,NA,NA,NA,NA,NA,NA,NA,NA,NA,NA,NA,NA,NA,NA,NA,NA,NA,NA,NA,
000315,inclusion,9386,0.23465,0.9861887190300475,0.9824874161073825,0.9930463400392802,0.991166358106321,-0.0037013029226649063,0.8455710955710956,0.8063037249283668,-0.03926737064272878,1.0,1.0,0.0,1.0,1.0,1.0,1.0,0.9196836020687557,0.896468457591307,-0.023215144477448657,1.0,1.0,0.0,1.0,1.0,1.0,1.0,0.944903012794057,0.928923582580115,-0.015979430213941992,1.0,1.0,0.0,1.0,1.0,1.0,1.0,
000315,patches,0,0.0,NA,NA,NA,NA,NA,NA,NA,NA,NA,NA,NA,NA,NA,NA,NA,NA,NA,NA,NA,NA,NA,NA,NA,NA,NA,NA,NA,NA,NA,NA,NA,NA,NA,NA,NA,
000316,crazing,0,0.0,NA,NA,NA,NA,NA,NA,NA,NA,NA,NA,NA,NA,NA,NA,NA,NA,NA,NA,NA,NA,NA,NA,NA,NA,NA,NA,NA,NA,NA,NA,NA,NA,NA,NA,NA,
000316,inclusion,15168,0.3792,0.9896058050598157,0.9876494804940208,0.9947757516017742,0.9937863694644442,-0.0019563245657948647,0.856760374832664,0.8314260563380281,-0.025334318494635855,1.0,1.0,0.0,1.0,1.0,1.0,1.0,0.924449594438007,0.9089655172413793,-0.015484077196627699,1.0,1.0,0.0,1.0,1.0,1.0,1.0,0.9483840602447443,0.9366812227074236,-0.01170283753732071,1.0,1.0,0.0,1.0,1.0,1.0,1.0,
000316,patches,0,0.0,NA,NA,NA,NA,NA,NA,NA,NA,NA,NA,NA,NA,NA,NA,NA,NA,NA,NA,NA,NA,NA,NA,NA,NA,NA,NA,NA,NA,NA,NA,NA,NA,NA,NA,NA,
000317,crazing,0,0.0,NA,NA,NA,NA,NA,NA,NA,NA,NA,NA,NA,NA,NA,NA,NA,NA,NA,NA,NA,NA,NA,NA,NA,NA,NA,NA,NA,NA,NA,NA,NA,NA,NA,NA,NA,
000317,inclusion,5691,0.142275,0.9818276220145379,0.9818213296398892,0.9908304951532617,0.9908272909932734,-6.2923746486642784e-06,0.8070500927643784,0.8016759776536313,-0.005374115110747146,1.0,1.0,0.0,1.0,1.0,1.0,1.0,0.8996082272282077,0.8943488943488943,-0.00525933287931335,1.0,1.0,0.0,1.0,1.0,1.0,1.0,0.932220367278798,0.9266822899229996,-0.005538077355798365,1.0,1.0,0.0,1.0,1.0,1.0,1.0,
000317,patches,0,0.0,NA,NA,NA,NA,NA,NA,NA,NA,NA,NA,NA,NA,NA,NA,NA,NA,NA,NA,NA,NA,NA,NA,NA,NA,NA,NA,NA,NA,NA,NA,NA,NA,NA,NA,NA,
000318,crazing,0,0.0,NA,NA,NA,NA,NA,NA,NA,NA,NA,NA,NA,NA,NA,NA,NA,NA,NA,NA,NA,NA,NA,NA,NA,NA,NA,NA,NA,NA,NA,NA,NA,NA,NA,NA,NA,
000318,inclusion,16239,0.405975,0.9873394607097206,0.9884195770098129,0.9936294027565085,0.9941760666993624,0.0010801163000923042,0.7994241842610365,0.8178313253012048,0.018407141040168384,0.9919942493086996,0.9962785752259435,0.004284325917243925,0.998914223669924,0.9851694915254238,1.0,0.9925847457627118,0.8902377339403136,0.9008348090058184,0.01059707506550478,0.9968119022316684,0.9978768577494692,0.0010649555178008363,1.0,0.9936440677966102,1.0,0.9957627118644068,0.9228384429900104,0.9308327598072953,0.007994316817284908,0.997344662772172,0.9984084880636606,0.0010638252914885182,1.0,0.9947033898305084,1.0,0.996822033898305,
000318,patches,0,0.0,NA,NA,NA,NA,NA,NA,NA,NA,NA,NA,NA,NA,NA,NA,NA,NA,NA,NA,NA,NA,NA,NA,NA,NA,NA,NA,NA,NA,NA,NA,NA,NA,NA,NA,NA,
000319,crazing,0,0.0,NA,NA,NA,NA,NA,NA,NA,NA,NA,NA,NA,NA,NA,NA,NA,NA,NA,NA,NA,NA,NA,NA,NA,NA,NA,NA,NA,NA,NA,NA,NA,NA,NA,NA,NA,
000319,inclusion,16777,0.419425,0.9861808303313058,0.9879653117810159,0.9930423406279734,0.9939462282628049,0.001784481449710107,0.7862068965517242,0.8130232558139535,0.02681635926222936,0.9969167523124358,0.9984607491021037,0.0015439967896678786,1.0,0.9938524590163934,1.0,0.9969262295081968,0.8860975609756098,0.8997303260603089,0.013632765084699128,1.0,1.0,0.0,1.0,1.0,1.0,1.0,0.9211051930758988,0.9308501753799899,0.009744982304091154,1.0,1.0,0.0,1.0,1.0,1.0,1.0,
000319,patches,0,0.0,NA,NA,NA,NA,NA,NA,NA,NA,NA,NA,NA,NA,NA,NA,NA,NA,NA,NA,NA,NA,NA,NA,NA,NA,NA,NA,NA,NA,NA,NA,NA,NA,NA,NA,NA,
000320,crazing,0,0.0,NA,NA,NA,NA,NA,NA,NA,NA,NA,NA,NA,NA,NA,NA,NA,NA,NA,NA,NA,NA,NA,NA,NA,NA,NA,NA,NA,NA,NA,NA,NA,NA,NA,NA,NA,
000320,inclusion,17159,0.428975,0.9866981458021421,0.984747323586969,0.9933045418973363,0.9923150537946235,-0.0019508222151730648,0.8197172034564022,0.7960602549246814,-0.023656948531720845,0.99524763245553,0.9969788519637462,0.0017312195082161974,0.9991311902693311,0.9913941480206541,1.0,0.9939759036144579,0.9033587471667011,0.890089722675367,-0.013269024491334047,0.9978438982319966,0.9991386735572783,0.0012947753252816607,1.0,0.995697074010327,1.0,0.9982788296041308,0.9339781328847772,0.9239432703003337,-0.010034862584443416,1.0,1.0,0.0,1.0,1.0,1.0,1.0,
000320,patches,0,0.0,NA,NA,NA,NA,NA,NA,NA,NA,NA,NA,NA,NA,NA,NA,NA,NA,NA,NA,NA,NA,NA,NA,NA,NA,NA,NA,NA,NA,NA,NA,NA,NA,NA,NA,NA,
000321,crazing,0,0.0,NA,NA,NA,NA,NA,NA,NA,NA,NA,NA,NA,NA,NA,NA,NA,NA,NA,NA,NA,NA,NA,NA,NA,NA,NA,NA,NA,NA,NA,NA,NA,NA,NA,NA,NA,
000321,inclusion,6991,0.174775,0.9802733549387065,0.9800785634118967,0.9900384232247047,0.9899390675924614,-0.00019479152680978995,0.7741673436230707,0.7686688311688312,-0.00549851245423949,0.9981617647058822,0.9981617647058822,0.0,1.0,0.9963302752293578,1.0,0.9963302752293578,0.8780172413793104,0.8766177739430544,-0.0013994674362559634,1.0,1.0,0.0,1.0,1.0,1.0,1.0,0.9167402177110915,0.9169611307420494,0.00022091303095794768,1.0,1.0,0.0,1.0,1.0,1.0,1.0,
000321,patches,0,0.0,NA,NA,NA,NA,NA,NA,NA,NA,NA,NA,NA,NA,NA,NA,NA,NA,NA,NA,NA,NA,NA,NA,NA,NA,NA,NA,NA,NA,NA,NA,NA,NA,NA,NA,NA,
000322,crazing,0,0.0,NA,NA,NA,NA,NA,NA,NA,NA,NA,NA,NA,NA,NA,NA,NA,NA,NA,NA,NA,NA,NA,NA,NA,NA,NA,NA,NA,NA,NA,NA,NA,NA,NA,NA,NA,
000322,inclusion,9711,0.242775,0.9872488013873304,0.9849669883189436,0.993583491607207,0.9924265684167434,-0.0022818130683868176,0.8426461143224149,0.8125395820139328,-0.030106532308482037,1.0,1.0,0.0,1.0,1.0,1.0,1.0,0.9159973226238286,0.8995676754240106,-0.016429647199817987,1.0,1.0,0.0,1.0,1.0,1.0,1.0,0.9413496376811594,0.9298601714027965,-0.011489466278362892,1.0,1.0,0.0,1.0,1.0,1.0,1.0,
000322,patches,0,0.0,NA,NA,NA,NA,NA,NA,NA,NA,NA,NA,NA,NA,NA,NA,NA,NA,NA,NA,NA,NA,NA,NA,NA,NA,NA,NA,NA,NA,NA,NA,NA,NA,NA,NA,NA,
000323,crazing,0,0.0,NA,NA,NA,NA,NA,NA,NA,NA,NA,NA,NA,NA,NA,NA,NA,NA,NA,NA,NA,NA,NA,NA,NA,NA,NA,NA,NA,NA,NA,NA,NA,NA,NA,NA,NA,
000323,inclusion,11494,0.28735,0.9879455829171689,0.9869258558403579,0.9939362439362439,0.9934199134199134,-0.0010197270768110833,0.8263585259212992,0.8092879256965945,-0.017070600224704746,0.997946611909651,1.0,0.002053388090349051,1.0,0.9959016393442623,1.0,1.0,0.9057899901864573,0.8973941368078175,-0.008395853378639795,0.9986320109439125,1.0,0.001367989056087482,1.0,0.9972677595628415,1.0,1.0,0.936359590565198,0.9285714285714286,-0.007788161993769416,1.0,1.0,0.0,1.0,1.0,1.0,1.0,
000323,patches,0,0.0,NA,NA,NA,NA,NA,NA,NA,NA,NA,NA,NA,NA,NA,NA,NA,NA,NA,NA,NA,NA,NA,NA,NA,NA,NA,NA,NA,NA,NA,NA,NA,NA,NA,NA,NA,
000324,crazing,0,0.0,NA,NA,NA,NA,NA,NA,NA,NA,NA,NA,NA,NA,NA,NA,NA,NA,NA,NA,NA,NA,NA,NA,NA,NA,NA,NA,NA,NA,NA,NA,NA,NA,NA,NA,NA,
000324,inclusion,15201,0.380025,0.9842371562013492,0.9838322186870982,0.9920559678315735,0.9918502274735705,-0.00040493751425096924,0.82305727836556,0.8163339382940109,-0.0067233400715490665,0.997588424437299,0.9987956643918106,0.001207239954511552,1.0,0.9951884522854851,1.0,0.9975942261427426,0.9053537284894837,0.9036259541984732,-0.0017277742910104532,0.9987956643918106,1.0,0.001204335608189444,1.0,0.9975942261427426,1.0,1.0,0.934926613845954,0.9333246854326113,-0.0016019284133427236,1.0,1.0,0.0,1.0,1.0,1.0,1.0,
000324,patches,0,0.0,NA,NA,NA,NA,NA,NA,NA,NA,NA,NA,NA,NA,NA,NA,NA,NA,NA,NA,NA,NA,NA,NA,NA,NA,NA,NA,NA,NA,NA,NA,NA,NA,NA,NA,NA,
000325,crazing,0,0.0,NA,NA,NA,NA,NA,NA,NA,NA,NA,NA,NA,NA,NA,NA,NA,NA,NA,NA,NA,NA,NA,NA,NA,NA,NA,NA,NA,NA,NA,NA,NA,NA,NA,NA,NA,
000325,inclusion,5393,0.134825,0.9869557229469043,0.9815356489945155,0.9934350439204808,0.9906817972137651,-0.005420073952388749,0.856425702811245,0.8050682261208577,-0.05135747669038726,1.0,0.9989118607181718,-0.0010881392818281599,1.0,1.0,1.0,0.9978260869565218,0.921875,0.896870189840944,-0.02500481015905598,1.0,1.0,0.0,1.0,1.0,1.0,1.0,0.9450897571277719,0.9295676429567643,-0.015522114171007573,1.0,1.0,0.0,1.0,1.0,1.0,1.0,
000325,patches,0,0.0,NA,NA,NA,NA,NA,NA,NA,NA,NA,NA,NA,NA,NA,NA,NA,NA,NA,NA,NA,NA,NA,NA,NA,NA,NA,NA,NA,NA,NA,NA,NA,NA,NA,NA,NA,
000326,crazing,0,0.0,NA,NA,NA,NA,NA,NA,NA,NA,NA,NA,NA,NA,NA,NA,NA,NA,NA,NA,NA,NA,NA,NA,NA,NA,NA,NA,NA,NA,NA,NA,NA,NA,NA,NA,NA,
000326,inclusion,5624,0.1406,0.9899559471365639,0.9903015341209663,0.9949526255202338,0.9951271374147249,0.0003455869844024573,0.8692737430167597,0.875140607424072,0.005866864407312211,1.0,1.0,0.0,1.0,1.0,1.0,1.0,0.9290248124639354,0.934416715031921,0.005391902567985607,1.0,1.0,0.0,1.0,1.0,1.0,1.0,0.9505451713395638,0.9557729941291585,0.0052278227895946605,1.0,1.0,0.0,1.0,1.0,1.0,1.0,
000326,patches,0,0.0,NA,NA,NA,NA,NA,NA,NA,NA,NA,NA,NA,NA,NA,NA,NA,NA,NA,NA,NA,NA,NA,NA,NA,NA,NA,NA,NA,NA,NA,NA,NA,NA,NA,NA,NA,
000327,crazing,0,0.0,NA,NA,NA,NA,NA,NA,NA,NA,NA,NA,NA,NA,NA,NA,NA,NA,NA,NA,NA,NA,NA,NA,NA,NA,NA,NA,NA,NA,NA,NA,NA,NA,NA,NA,NA,
000327,inclusion,21288,0.5322,0.9932284126465232,0.9922563791575314,0.9966027037791991,0.9961131403952421,-0.0009720334889917748,0.8468950749464668,0.8255813953488372,-0.02131367959762953,0.9988412514484357,0.9988412514484357,0.0,1.0,0.9976851851851852,1.0,0.9976851851851852,0.9217439910564561,0.9068477959523149,-0.014896195104141197,1.0,1.0,0.0,1.0,1.0,1.0,1.0,0.9478475251280106,0.9344385832705351,-0.013408941857475543,1.0,1.0,0.0,1.0,1.0,1.0,1.0,
000327,patches,0,0.0,NA,NA,NA,NA,NA,NA,NA,NA,NA,NA,NA,NA,NA,NA,NA,NA,NA,NA,NA,NA,NA,NA,NA,NA,NA,NA,NA,NA,NA,NA,NA,NA,NA,NA,NA,
000328,crazing,0,0.0,NA,NA,NA,NA,NA,NA,NA,NA,NA,NA,NA,NA,NA,NA,NA,NA,NA,NA,NA,NA,NA,NA,NA,NA,NA,NA,NA,NA,NA,NA,NA,NA,NA,NA,NA,
000328,inclusion,8824,0.2206,0.9835441620956006,0.9816258351893096,0.9917038207573791,0.9907277325091318,-0.0019183269062910124,0.8309373202990225,0.8115034168564921,-0.019433903442530376,0.9987244897959183,0.998104864181933,-0.0006196256139853196,0.9974522292993631,1.0,1.0,0.9962168978562421,0.9114724480578139,0.8991017964071857,-0.012370651650628228,1.0,0.9987373737373738,-0.0012626262626261875,1.0,1.0,1.0,0.9974779319041615,0.94019728729963,0.9295803480040942,-0.010616939295535865,1.0,1.0,0.0,1.0,1.0,1.0,1.0,
000328,patches,0,0.0,NA,NA,NA,NA,NA,NA,NA,NA,NA,NA,NA,NA,NA,NA,NA,NA,NA,NA,NA,NA,NA,NA,NA,NA,NA,NA,NA,NA,NA,NA,NA,NA,NA,NA,NA,
000329,crazing,0,0.0,NA,NA,NA,NA,NA,NA,NA,NA,NA,NA,NA,NA,NA,NA,NA,NA,NA,NA,NA,NA,NA,NA,NA,NA,NA,NA,NA,NA,NA,NA,NA,NA,NA,NA,NA,
000329,inclusion,2032,0.0508,0.9660287081339712,0.9600190385530699,0.9827208566561207,0.9796017484215639,-0.006009669580901322,0.8062330623306233,0.7754010695187166,-0.03083199281190674,1.0,0.9953775038520801,-0.0046224961479198745,1.0,1.0,1.0,0.99079754601227,0.8944365192582026,0.875886524822695,-0.018549994435507533,1.0,1.0,0.0,1.0,1.0,1.0,1.0,0.9279805352798054,0.9131910766246363,-0.014789458655169119,1.0,1.0,0.0,1.0,1.0,1.0,1.0,
000329,patches,0,0.0,NA,NA,NA,NA,NA,NA,NA,NA,NA,NA,NA,NA,NA,NA,NA,NA,NA,NA,NA,NA,NA,NA,NA,NA,NA,NA,NA,NA,NA,NA,NA,NA,NA,NA,NA,
000330,crazing,0,0.0,NA,NA,NA,NA,NA,NA,NA,NA,NA,NA,NA,NA,NA,NA,NA,NA,NA,NA,NA,NA,NA,NA,NA,NA,NA,NA,NA,NA,NA,NA,NA,NA,NA,NA,NA,
000330,inclusion,9454,0.23635,0.9856919060052219,0.9865105092544181,0.9927944038289591,0.9932094541243354,0.000818603249196137,0.8550567874526771,0.8585418933623504,0.003485105909673325,0.9982321744254566,0.9958695095340006,-0.00236266489145609,1.0,0.9964705882352941,0.9988151658767772,0.9929411764705882,0.9226876581388811,0.9235111487440023,0.0008234906051212132,1.0,1.0,0.0,1.0,1.0,1.0,1.0,0.9463163906339235,0.9466845021975921,0.0003681115636686716,1.0,1.0,0.0,1.0,1.0,1.0,1.0,
000330,patches,0,0.0,NA,NA,NA,NA,NA,NA,NA,NA,NA,NA,NA,NA,NA,NA,NA,NA,NA,NA,NA,NA,NA,NA,NA,NA,NA,NA,NA,NA,NA,NA,NA,NA,NA,NA,NA,
000331,crazing,0,0.0,NA,NA,NA,NA,NA,NA,NA,NA,NA,NA,NA,NA,NA,NA,NA,NA,NA,NA,NA,NA,NA,NA,NA,NA,NA,NA,NA,NA,NA,NA,NA,NA,NA,NA,NA,
000331,inclusion,4276,0.1069,0.9859219939995384,0.9909281228192603,0.9929110981987217,0.9954433929197336,0.0050061288197219556,0.8047244094488188,0.8747967479674796,0.07007233851866079,1.0,1.0,0.0,1.0,1.0,1.0,1.0,0.8955223880597015,0.9319899244332494,0.036467536373547826,1.0,1.0,0.0,1.0,1.0,1.0,1.0,0.9268018018018018,0.9512471655328798,0.024445363731077974,1.0,1.0,0.0,1.0,1.0,1.0,1.0,
000331,patches,0,0.0,NA,NA,NA,NA,NA,NA,NA,NA,NA,NA,NA,NA,NA,NA,NA,NA,NA,NA,NA,NA,NA,NA,NA,NA,NA,NA,NA,NA,NA,NA,NA,NA,NA,NA,NA,
000332,crazing,0,0.0,NA,NA,NA,NA,NA,NA,NA,NA,NA,NA,NA,NA,NA,NA,NA,NA,NA,NA,NA,NA,NA,NA,NA,NA,NA,NA,NA,NA,NA,NA,NA,NA,NA,NA,NA,
000332,inclusion,11058,0.27645,0.9827786205050415,0.9844726039621631,0.9913145222987264,0.9921755553556975,0.0016939834571215728,0.8167464114832536,0.8319731156985117,0.01522670421525818,0.9994700582935877,1.0,0.0005299417064122958,1.0,0.9989406779661016,1.0,1.0,0.9042954031650339,0.9109382839939789,0.006642880828945041,1.0,1.0,0.0,1.0,1.0,1.0,1.0,0.9361665813278717,0.9384249021942507,0.0022583208663790044,1.0,1.0,0.0,1.0,1.0,1.0,1.0,
000332,patches,0,0.0,NA,NA,NA,NA,NA,NA,NA,NA,NA,NA,NA,NA,NA,NA,NA,NA,NA,NA,NA,NA,NA,NA,NA,NA,NA,NA,NA,NA,NA,NA,NA,NA,NA,NA,NA,
000333,crazing,0,0.0,NA,NA,NA,NA,NA,NA,NA,NA,NA,NA,NA,NA,NA,NA,NA,NA,NA,NA,NA,NA,NA,NA,NA,NA,NA,NA,NA,NA,NA,NA,NA,NA,NA,NA,NA,
000333,inclusion,4683,0.117075,0.9799873604381715,0.9792583280955374,0.9898925417597617,0.9895204826929184,-0.0007290323426341061,0.8134920634920635,0.8043478260869565,-0.009144237405106947,1.0,1.0,0.0,1.0,1.0,1.0,1.0,0.8967136150234741,0.8967136150234741,0.0,1.0,1.0,0.0,1.0,1.0,1.0,1.0,0.9276082327892122,0.9282415630550621,0.0006333302658498852,1.0,1.0,0.0,1.0,1.0,1.0,1.0,
000333,patches,0,0.0,NA,NA,NA,NA,NA,NA,NA,NA,NA,NA,NA,NA,NA,NA,NA,NA,NA,NA,NA,NA,NA,NA,NA,NA,NA,NA,NA,NA,NA,NA,NA,NA,NA,NA,NA,
000334,crazing,0,0.0,NA,NA,NA,NA,NA,NA,NA,NA,NA,NA,NA,NA,NA,NA,NA,NA,NA,NA,NA,NA,NA,NA,NA,NA,NA,NA,NA,NA,NA,NA,NA,NA,NA,NA,NA,
000334,inclusion,9584,0.2396,0.9822272447092665,0.9843282812661099,0.9910339466182949,0.9921022550140289,0.002101036556843461,0.7624309392265194,0.7872191011235955,0.02478816189707611,0.9984076433121019,1.0,0.0015923566878981443,1.0,0.9968203497615262,1.0,1.0,0.8719646799116998,0.8873605947955391,0.01539591488383929,1.0,1.0,0.0,1.0,1.0,1.0,1.0,0.9117647058823529,0.9239543726235742,0.012189666741221239,1.0,1.0,0.0,1.0,1.0,1.0,1.0,
000334,patches,0,0.0,NA,NA,NA,NA,NA,NA,NA,NA,NA,NA,NA,NA,NA,NA,NA,NA,NA,NA,NA,NA,NA,NA,NA,NA,NA,NA,NA,NA,NA,NA,NA,NA,NA,NA,NA,
000335,crazing,0,0.0,NA,NA,NA,NA,NA,NA,NA,NA,NA,NA,NA,NA,NA,NA,NA,NA,NA,NA,NA,NA,NA,NA,NA,NA,NA,NA,NA,NA,NA,NA,NA,NA,NA,NA,NA,
000335,inclusion,2256,0.0564,0.9706136560069144,0.9627089584226318,0.9850877192982456,0.9810002183882944,-0.007904697584282583,0.7947932618683001,0.753731343283582,-0.04106191858471808,1.0,0.998236331569665,-0.0017636684303350414,1.0,1.0,1.0,0.9964788732394366,0.8890688259109312,0.8698083067092651,-0.01926051920166605,1.0,1.0,0.0,1.0,1.0,1.0,1.0,0.9238410596026491,0.9119737561509021,-0.011867303451746913,1.0,1.0,0.0,1.0,1.0,1.0,1.0,
000335,patches,0,0.0,NA,NA,NA,NA,NA,NA,NA,NA,NA,NA,NA,NA,NA,NA,NA,NA,NA,NA,NA,NA,NA,NA,NA,NA,NA,NA,NA,NA,NA,NA,NA,NA,NA,NA,NA,
000336,crazing,0,0.0,NA,NA,NA,NA,NA,NA,NA,NA,NA,NA,NA,NA,NA,NA,NA,NA,NA,NA,NA,NA,NA,NA,NA,NA,NA,NA,NA,NA,NA,NA,NA,NA,NA,NA,NA,
000336,inclusion,8432,0.2108,0.9930424528301887,0.9935126209011559,0.9965090823028223,0.9967457546890717,0.0004701680709672251,0.883399209486166,0.889662027833002,0.006262818346835952,1.0,1.0,0.0,1.0,1.0,1.0,1.0,0.9403973509933775,0.9427109974424552,0.002313646449077722,1.0,1.0,0.0,1.0,1.0,1.0,1.0,0.9594501718213059,0.9610210417385305,0.0015708699172246599,1.0,1.0,0.0,1.0,1.0,1.0,1.0,
000336,patches,0,0.0,NA,NA,NA,NA,NA,NA,NA,NA,NA,NA,NA,NA,NA,NA,NA,NA,NA,NA,NA,NA,NA,NA,NA,NA,NA,NA,NA,NA,NA,NA,NA,NA,NA,NA,NA,
000337,crazing,0,0.0,NA,NA,NA,NA,NA,NA,NA,NA,NA,NA,NA,NA,NA,NA,NA,NA,NA,NA,NA,NA,NA,NA,NA,NA,NA,NA,NA,NA,NA,NA,NA,NA,NA,NA,NA,
000337,inclusion,10954,0.27385,0.9870787024487214,0.9810677433826828,0.9934973398208358,0.9904434077630327,-0.006010959066038657,0.8279952550415184,0.7580091533180778,-0.06998610172344055,0.9973856209150326,0.9960758581315504,-0.0013097627834821601,1.0,0.9947848761408083,0.9986842105263158,0.9934810951760105,0.9074534161490683,0.871066300030553,-0.036387116118515306,1.0,1.0,0.0,1.0,1.0,1.0,1.0,0.9370777027027027,0.91110183639399,-0.025975866308712736,1.0,1.0,0.0,1.0,1.0,1.0,1.0,
000337,patches,0,0.0,NA,NA,NA,NA,NA,NA,NA,NA,NA,NA,NA,NA,NA,NA,NA,NA,NA,NA,NA,NA,NA,NA,NA,NA,NA,NA,NA,NA,NA,NA,NA,NA,NA,NA,NA,
000338,crazing,0,0.0,NA,NA,NA,NA,NA,NA,NA,NA,NA,NA,NA,NA,NA,NA,NA,NA,NA,NA,NA,NA,NA,NA,NA,NA,NA,NA,NA,NA,NA,NA,NA,NA,NA,NA,NA,
000338,inclusion,11996,0.2999,0.982935433587661,0.9867877786952931,0.9913942904426976,0.9933499584372403,0.0038523451076321047,0.7639751552795031,0.8203350664355864,0.0563599111560833,0.9974226804123711,1.0,0.002577319587628857,1.0,0.9948586118251928,1.0,1.0,0.870453862338443,0.9064398541919806,0.03598599185353757,1.0,1.0,0.0,1.0,1.0,1.0,1.0,0.9095952332032052,0.9365177832919769,0.026922550088771646,1.0,1.0,0.0,1.0,1.0,1.0,1.0,
000338,patches,0,0.0,NA,NA,NA,NA,NA,NA,NA,NA,NA,NA,NA,NA,NA,NA,NA,NA,NA,NA,NA,NA,NA,NA,NA,NA,NA,NA,NA,NA,NA,NA,NA,NA,NA,NA,NA,
000339,crazing,0,0.0,NA,NA,NA,NA,NA,NA,NA,NA,NA,NA,NA,NA,NA,NA,NA,NA,NA,NA,NA,NA,NA,NA,NA,NA,NA,NA,NA,NA,NA,NA,NA,NA,NA,NA,NA,
000339,inclusion,6997,0.174925,0.9680524553571429,0.9719938693047234,0.9837669242220174,0.9857980640146965,0.003941413947580519,0.7491749174917491,0.7790178571428571,0.029842939651107958,0.999360204734485,0.9993642720915448,4.0673570598226405e-06,0.9987212276214834,1.0,0.9987293519695044,1.0,0.8672957829548805,0.88486646884273,0.01757068588784949,1.0,1.0,0.0,1.0,1.0,1.0,1.0,0.9097896440129449,0.9240609137055837,0.01427126969263881,1.0,1.0,0.0,1.0,1.0,1.0,1.0,
000339,patches,0,0.0,NA,NA,NA,NA,NA,NA,NA,NA,NA,NA,NA,NA,NA,NA,NA,NA,NA,NA,NA,NA,NA,NA,NA,NA,NA,NA,NA,NA,NA,NA,NA,NA,NA,NA,NA,
000340,crazing,0,0.0,NA,NA,NA,NA,NA,NA,NA,NA,NA,NA,NA,NA,NA,NA,NA,NA,NA,NA,NA,NA,NA,NA,NA,NA,NA,NA,NA,NA,NA,NA,NA,NA,NA,NA,NA,
000340,inclusion,15661,0.391525,0.9847357133846348,0.9871057455280956,0.9923091590923536,0.9935110375978116,0.002370032143460765,0.8125487139516757,0.8390668248319494,0.02651811088027367,0.9991289198606271,0.9991289198606271,0.0,1.0,0.9982593559617058,1.0,0.9982593559617058,0.9023589743589744,0.9153417303324386,0.01298275597346421,1.0,1.0,0.0,1.0,1.0,1.0,1.0,0.9338173694498744,0.9432136848008974,0.009396315351023032,1.0,1.0,0.0,1.0,1.0,1.0,1.0,
000340,patches,0,0.0,NA,NA,NA,NA,NA,NA,NA,NA,NA,NA,NA,NA,NA,NA,NA,NA,NA,NA,NA,NA,NA,NA,NA,NA,NA,NA,NA,NA,NA,NA,NA,NA,NA,NA,NA,
000341,crazing,0,0.0,NA,NA,NA,NA,NA,NA,NA,NA,NA,NA,NA,NA,NA,NA,NA,NA,NA,NA,NA,NA,NA,NA,NA,NA,NA,NA,NA,NA,NA,NA,NA,NA,NA,NA,NA,
000341,inclusion,6533,0.163325,0.9790788681517159,0.982161753590325,0.9894288539052399,0.9910006101281269,0.0030828854386091287,0.8251612903225807,0.8473132372214941,0.02215194689891342,1.0,0.9978339350180505,-0.0021660649819494893,1.0,1.0,1.0,0.9956772334293948,0.9062605752961083,0.9207108680792891,0.014450292783180885,1.0,1.0,0.0,1.0,1.0,1.0,1.0,0.9353874453897447,0.9462091351727336,0.01082168978298892,1.0,1.0,0.0,1.0,1.0,1.0,1.0,
000341,patches,0,0.0,NA,NA,NA,NA,NA,NA,NA,NA,NA,NA,NA,NA,NA,NA,NA,NA,NA,NA,NA,NA,NA,NA,NA,NA,NA,NA,NA,NA,NA,NA,NA,NA,NA,NA,NA,
000342,crazing,0,0.0,NA,NA,NA,NA,NA,NA,NA,NA,NA,NA,NA,NA,NA,NA,NA,NA,NA,NA,NA,NA,NA,NA,NA,NA,NA,NA,NA,NA,NA,NA,NA,NA,NA,NA,NA,
000342,inclusion,18933,0.473325,0.9844035261593032,0.984866670145593,0.9921404726230844,0.9923756441266169,0.0004631439862898823,0.8079896907216495,0.8121761658031088,0.004186475081459307,0.9964183381088826,0.9946199192637133,-0.0017984188451692917,1.0,0.9928622412562456,0.999275887038378,0.9900071377587437,0.8977234114848793,0.8998806071976804,0.002157195712801041,0.9985704074338814,0.9982123703968537,-0.00035803703702763645,1.0,0.9971448965024983,1.0,0.9964311206281228,0.9296965485290711,0.9311787956289235,0.0014822470998523407,1.0,0.9996429846483399,-0.000357015351660106,1.0,1.0,1.0,0.9992862241256245,
000342,patches,0,0.0,NA,NA,NA,NA,NA,NA,NA,NA,NA,NA,NA,NA,NA,NA,NA,NA,NA,NA,NA,NA,NA,NA,NA,NA,NA,NA,NA,NA,NA,NA,NA,NA,NA,NA,NA,
000343,crazing,0,0.0,NA,NA,NA,NA,NA,NA,NA,NA,NA,NA,NA,NA,NA,NA,NA,NA,NA,NA,NA,NA,NA,NA,NA,NA,NA,NA,NA,NA,NA,NA,NA,NA,NA,NA,NA,
000343,inclusion,9806,0.24515,0.9893896523848019,0.9896708860759493,0.9946665312134911,0.9948086319218241,0.0002812336911474089,0.8387345679012346,0.8425925925925926,0.0038580246913579863,1.0,1.0,0.0,1.0,1.0,1.0,1.0,0.915929203539823,0.9188102893890675,0.0028810858492445135,1.0,1.0,0.0,1.0,1.0,1.0,1.0,0.9436427988020691,0.945078847199565,0.0014360483974958926,1.0,1.0,0.0,1.0,1.0,1.0,1.0,
000343,patches,0,0.0,NA,NA,NA,NA,NA,NA,NA,NA,NA,NA,NA,NA,NA,NA,NA,NA,NA,NA,NA,NA,NA,NA,NA,NA,NA,NA,NA,NA,NA,NA,NA,NA,NA,NA,NA,
000344,crazing,0,0.0,NA,NA,NA,NA,NA,NA,NA,NA,NA,NA,NA,NA,NA,NA,NA,NA,NA,NA,NA,NA,NA,NA,NA,NA,NA,NA,NA,NA,NA,NA,NA,NA,NA,NA,NA,
000344,inclusion,10626,0.26565,0.9787018255578094,0.9826030328402642,0.9892362890825218,0.9912251888695979,0.0039012072824547994,0.7344827586206897,0.7792740046838408,0.0447912460631511,0.9926856890758788,1.0,0.007314310924121159,0.9986522911051213,0.9867899603698811,1.0,1.0,0.8562615669339914,0.8813296054675365,0.02506803853354511,0.9980145598941098,1.0,0.0019854401058901905,1.0,0.9960369881109643,1.0,1.0,0.8998944033790919,0.9177966101694915,0.017902206790399666,1.0,1.0,0.0,1.0,1.0,1.0,1.0,
000344,patches,0,0.0,NA,NA,NA,NA,NA,NA,NA,NA,NA,NA,NA,NA,NA,NA,NA,NA,NA,NA,NA,NA,NA,NA,NA,NA,NA,NA,NA,NA,NA,NA,NA,NA,NA,NA,NA,
000345,crazing,0,0.0,NA,NA,NA,NA,NA,NA,NA,NA,NA,NA,NA,NA,NA,NA,NA,NA,NA,NA,NA,NA,NA,NA,NA,NA,NA,NA,NA,NA,NA,NA,NA,NA,NA,NA,NA,
000345,inclusion,15753,0.393825,0.9844747715036934,0.9837871674491393,0.9921766561514196,0.9918273326812028,-0.0006876040545541473,0.8037198258804907,0.7951854775059195,-0.008534348374571232,1.0,0.9982409850483729,-0.0017590149516271136,1.0,1.0,1.0,0.9964881474978051,0.8962716100812331,0.8907615480649188,-0.005510062016314321,1.0,1.0,0.0,1.0,1.0,1.0,1.0,0.9295016987542469,0.9255906068750884,-0.003911091879158501,1.0,1.0,0.0,1.0,1.0,1.0,1.0,
000345,patches,0,0.0,NA,NA,NA,NA,NA,NA,NA,NA,NA,NA,NA,NA,NA,NA,NA,NA,NA,NA,NA,NA,NA,NA,NA,NA,NA,NA,NA,NA,NA,NA,NA,NA,NA,NA,NA,
000346,crazing,0,0.0,NA,NA,NA,NA,NA,NA,NA,NA,NA,NA,NA,NA,NA,NA,NA,NA,NA,NA,NA,NA,NA,NA,NA,NA,NA,NA,NA,NA,NA,NA,NA,NA,NA,NA,NA,
000346,inclusion,8620,0.2155,0.9848987530030889,0.9856569133677567,0.9923919308357348,0.9927766541462005,0.0007581603646678037,0.8301158301158301,0.8403090792015454,0.010193249085715284,0.9901547116736991,0.9936930623686054,0.003538350694906378,1.0,0.9805013927576601,1.0,0.9874651810584958,0.9074697173620457,0.9149579831932773,0.007488265831231522,0.9901547116736991,0.9951014695591323,0.004946757885433195,1.0,0.9805013927576601,1.0,0.9902506963788301,0.9340784671532847,0.9412434525165111,0.007164985363226406,0.9901547116736991,0.9972067039106145,0.007051992236915439,1.0,0.9805013927576601,1.0,0.9944289693593314,
000346,patches,0,0.0,NA,NA,NA,NA,NA,NA,NA,NA,NA,NA,NA,NA,NA,NA,NA,NA,NA,NA,NA,NA,NA,NA,NA,NA,NA,NA,NA,NA,NA,NA,NA,NA,NA,NA,NA,
000347,crazing,0,0.0,NA,NA,NA,NA,NA,NA,NA,NA,NA,NA,NA,NA,NA,NA,NA,NA,NA,NA,NA,NA,NA,NA,NA,NA,NA,NA,NA,NA,NA,NA,NA,NA,NA,NA,NA,
000347,inclusion,11601,0.290025,0.9796280642434488,0.9856923863055698,0.989709210470131,0.9927946474523932,0.00606432206212093,0.749611197511664,0.8246926777124532,0.0750814802007892,0.9845422116527943,0.9970640046975925,0.012521793044798168,1.0,0.9695550351288056,1.0,0.9941451990632318,0.8593966233047329,0.9113674732695555,0.051970849964822596,0.9851455733808675,0.9988276670574443,0.0136820936765768,1.0,0.9707259953161592,1.0,0.9976580796252927,0.8990357345433919,0.9397590361445783,0.040723301601186424,0.9863501483679524,1.0,0.013649851632047572,1.0,0.9730679156908665,1.0,1.0,
000347,patches,0,0.0,NA,NA,NA,NA,NA,NA,NA,NA,NA,NA,NA,NA,NA,NA,NA,NA,NA,NA,NA,NA,NA,NA,NA,NA,NA,NA,NA,NA,NA,NA,NA,NA,NA,NA,NA,
000348,crazing,0,0.0,NA,NA,NA,NA,NA,NA,NA,NA,NA,NA,NA,NA,NA,NA,NA,NA,NA,NA,NA,NA,NA,NA,NA,NA,NA,NA,NA,NA,NA,NA,NA,NA,NA,NA,NA,
000348,inclusion,11599,0.289975,0.9835300110365905,0.989065436528276,0.9916966272898476,0.9945026627727195,0.005535425491685508,0.7695990424895273,0.840625,0.07102595751047269,1.0,1.0,0.0,1.0,1.0,1.0,1.0,0.8780254777070063,0.9181076672104405,0.04008218950343412,1.0,1.0,0.0,1.0,1.0,1.0,1.0,0.9161598609904431,0.9442847667477338,0.028124905757290652,1.0,1.0,0.0,1.0,1.0,1.0,1.0,
000348,patches,0,0.0,NA,NA,NA,NA,NA,NA,NA,NA,NA,NA,NA,NA,NA,NA,NA,NA,NA,NA,NA,NA,NA,NA,NA,NA,NA,NA,NA,NA,NA,NA,NA,NA,NA,NA,NA,
000349,crazing,0,0.0,NA,NA,NA,NA,NA,NA,NA,NA,NA,NA,NA,NA,NA,NA,NA,NA,NA,NA,NA,NA,NA,NA,NA,NA,NA,NA,NA,NA,NA,NA,NA,NA,NA,NA,NA,
000349,inclusion,17179,0.429475,0.9876016377371547,0.9846542904764641,0.9937621493022312,0.9922678173235643,-0.0029473472606905693,0.8392990305741984,0.801980198019802,-0.037318832554396386,0.9983680057269492,0.994264305700575,-0.0041037000263741685,0.9991863303498779,0.9975510204081632,0.9983579638752053,0.990204081632653,0.9158550837553564,0.8924295094631132,-0.023425574292243234,1.0,0.9971346704871061,-0.002865329512893866,1.0,1.0,1.0,0.9942857142857143,0.9436507936507936,0.9246548323471401,-0.018995961303653552,1.0,0.9991830065359477,-0.0008169934640522847,1.0,1.0,1.0,0.9983673469387755,
000349,patches,0,0.0,NA,NA,NA,NA,NA,NA,NA,NA,NA,NA,NA,NA,NA,NA,NA,NA,NA,NA,NA,NA,NA,NA,NA,NA,NA,NA,NA,NA,NA,NA,NA,NA,NA,NA,NA,
000350,crazing,0,0.0,NA,NA,NA,NA,NA,NA,NA,NA,NA,NA,NA,NA,NA,NA,NA,NA,NA,NA,NA,NA,NA,NA,NA,NA,NA,NA,NA,NA,NA,NA,NA,NA,NA,NA,NA,
000350,inclusion,15310,0.38275,0.986113802234709,0.9844780752813349,0.9930083574517902,0.9921783339851389,-0.001635726953374106,0.8214731585518102,0.806013179571664,-0.015459978980146283,0.9990842490842491,0.9972514858904988,-0.001832763193750253,1.0,0.9981701738334858,0.9990842490842491,0.9954254345837146,0.9089912280701754,0.9005007620291748,-0.008490466041000566,1.0,1.0,0.0,1.0,1.0,1.0,1.0,0.9374533512464547,0.9345405967047647,-0.0029127545416899325,1.0,1.0,0.0,1.0,1.0,1.0,1.0,
000350,patches,0,0.0,NA,NA,NA,NA,NA,NA,NA,NA,NA,NA,NA,NA,NA,NA,NA,NA,NA,NA,NA,NA,NA,NA,NA,NA,NA,NA,NA,NA,NA,NA,NA,NA,NA,NA,NA,
000351,crazing,0,0.0,NA,NA,NA,NA,NA,NA,NA,NA,NA,NA,NA,NA,NA,NA,NA,NA,NA,NA,NA,NA,NA,NA,NA,NA,NA,NA,NA,NA,NA,NA,NA,NA,NA,NA,NA,
000351,inclusion,20526,0.51315,0.9909556974269684,0.9907165651290978,0.9954573059638042,0.9953366365491111,-0.00023913229787064783,0.8462796402289452,0.8440553745928339,-0.0022242656361113333,0.9991146384355186,1.0,0.0008853615644813795,0.9991111111111111,0.9991181657848325,1.0,1.0,0.918245688737492,0.9186491079014444,0.00040341916395236765,1.0,1.0,0.0,1.0,1.0,1.0,1.0,0.9437391806116561,0.9448524118070555,0.0011132311953994112,1.0,1.0,0.0,1.0,1.0,1.0,1.0,
000351,patches,0,0.0,NA,NA,NA,NA,NA,NA,NA,NA,NA,NA,NA,NA,NA,NA,NA,NA,NA,NA,NA,NA,NA,NA,NA,NA,NA,NA,NA,NA,NA,NA,NA,NA,NA,NA,NA,
000352,crazing,0,0.0,NA,NA,NA,NA,NA,NA,NA,NA,NA,NA,NA,NA,NA,NA,NA,NA,NA,NA,NA,NA,NA,NA,NA,NA,NA,NA,NA,NA,NA,NA,NA,NA,NA,NA,NA,
000352,inclusion,13208,0.3302,0.9823437383595321,0.9827521839767043,0.9910932391296178,0.9913010732442101,0.00040844561717212624,0.8120805369127517,0.8197628458498024,0.007682308937050686,0.9947136563876652,1.0,0.005286343612334821,0.9982316534040672,0.9912203687445127,1.0,1.0,0.8994599085999169,0.9047322540473225,0.005272345447405624,0.9986813186813187,1.0,0.0013186813186812918,1.0,0.9973661106233538,1.0,1.0,0.9302358423951419,0.9335871404399323,0.003351298044790396,1.0,1.0,0.0,1.0,1.0,1.0,1.0,
000352,patches,0,0.0,NA,NA,NA,NA,NA,NA,NA,NA,NA,NA,NA,NA,NA,NA,NA,NA,NA,NA,NA,NA,NA,NA,NA,NA,NA,NA,NA,NA,NA,NA,NA,NA,NA,NA,NA,
000353,crazing,0,0.0,NA,NA,NA,NA,NA,NA,NA,NA,NA,NA,NA,NA,NA,NA,NA,NA,NA,NA,NA,NA,NA,NA,NA,NA,NA,NA,NA,NA,NA,NA,NA,NA,NA,NA,NA,
000353,inclusion,4860,0.1215,0.9769929364278507,0.9688684893234883,0.9883625969783585,0.9841881208189742,-0.008124447104362331,0.7916666666666666,0.7237076648841355,-0.06795900178253111,1.0,1.0,0.0,1.0,1.0,1.0,1.0,0.889651790093183,0.8515850144092219,-0.03806677568396111,1.0,1.0,0.0,1.0,1.0,1.0,1.0,0.9258269295021717,0.8992094861660079,-0.026617443336163782,1.0,1.0,0.0,1.0,1.0,1.0,1.0,
000353,patches,0,0.0,NA,NA,NA,NA,NA,NA,NA,NA,NA,NA,NA,NA,NA,NA,NA,NA,NA,NA,NA,NA,NA,NA,NA,NA,NA,NA,NA,NA,NA,NA,NA,NA,NA,NA,NA,
000354,crazing,0,0.0,NA,NA,NA,NA,NA,NA,NA,NA,NA,NA,NA,NA,NA,NA,NA,NA,NA,NA,NA,NA,NA,NA,NA,NA,NA,NA,NA,NA,NA,NA,NA,NA,NA,NA,NA,
000354,inclusion,4045,0.101125,0.9772121212121212,0.9783875667799903,0.9884747425208436,0.9890757333987971,0.0011754455678690823,0.8258426966292135,0.8364839319470699,0.010641235317856435,0.9968542436847895,1.0,0.003145756315210524,0.9979035639412998,0.9958071278825996,1.0,1.0,0.9096267190569745,0.9135802469135802,0.003953527856605743,1.0,1.0,0.0,1.0,1.0,1.0,1.0,0.9392726059392726,0.9413538873994638,0.0020812814601911533,1.0,1.0,0.0,1.0,1.0,1.0,1.0,
000354,patches,0,0.0,NA,NA,NA,NA,NA,NA,NA,NA,NA,NA,NA,NA,NA,NA,NA,NA,NA,NA,NA,NA,NA,NA,NA,NA,NA,NA,NA,NA,NA,NA,NA,NA,NA,NA,NA,
000355,crazing,0,0.0,NA,NA,NA,NA,NA,NA,NA,NA,NA,NA,NA,NA,NA,NA,NA,NA,NA,NA,NA,NA,NA,NA,NA,NA,NA,NA,NA,NA,NA,NA,NA,NA,NA,NA,NA,
000355,inclusion,16368,0.4092,0.9850782335528303,0.9787935062601091,0.9924830335676679,0.9892831193993703,-0.006284727292721226,0.8495897903372835,0.7955346650998825,-0.05405512523740108,0.9993386243386244,0.9976857299670931,-0.001652894371531266,1.0,0.998678122934567,0.998678122934567,0.9966953073364178,0.9197335025380711,0.8939087085215766,-0.025824794016494512,1.0,1.0,0.0,1.0,1.0,1.0,1.0,0.945726356841079,0.9287243150684932,-0.017002041772585796,1.0,1.0,0.0,1.0,1.0,1.0,1.0,
000355,patches,0,0.0,NA,NA,NA,NA,NA,NA,NA,NA,NA,NA,NA,NA,NA,NA,NA,NA,NA,NA,NA,NA,NA,NA,NA,NA,NA,NA,NA,NA,NA,NA,NA,NA,NA,NA,NA,
000356,crazing,0,0.0,NA,NA,NA,NA,NA,NA,NA,NA,NA,NA,NA,NA,NA,NA,NA,NA,NA,NA,NA,NA,NA,NA,NA,NA,NA,NA,NA,NA,NA,NA,NA,NA,NA,NA,NA,
000356,inclusion,2581,0.064525,0.9677177177177178,0.9716767371601208,0.9835940480732545,0.9856349358360468,0.003959019442403067,0.7901840490797546,0.8159203980099502,0.025736348930195607,1.0,1.0,0.0,1.0,1.0,1.0,1.0,0.8902597402597403,0.9032047089601046,0.012944968700364323,1.0,1.0,0.0,1.0,1.0,1.0,1.0,0.9265811587793011,0.9346376167185416,0.00805645793924048,1.0,1.0,0.0,1.0,1.0,1.0,1.0,
000356,patches,0,0.0,NA,NA,NA,NA,NA,NA,NA,NA,NA,NA,NA,NA,NA,NA,NA,NA,NA,NA,NA,NA,NA,NA,NA,NA,NA,NA,NA,NA,NA,NA,NA,NA,NA,NA,NA,
000357,crazing,0,0.0,NA,NA,NA,NA,NA,NA,NA,NA,NA,NA,NA,NA,NA,NA,NA,NA,NA,NA,NA,NA,NA,NA,NA,NA,NA,NA,NA,NA,NA,NA,NA,NA,NA,NA,NA,
000357,inclusion,16347,0.408675,0.9838631984585742,0.9892733773710685,0.9918659706203715,0.9946077684691547,0.00541017891249429,0.7346633416458853,0.8165185572399373,0.08185521559405196,0.987292581615213,0.9959560947429231,0.008663513127710076,0.9907192575406032,0.9838895281933256,1.0,0.9919447640966629,0.8590190297507371,0.9029953283869195,0.043976298636182465,1.0,1.0,0.0,1.0,1.0,1.0,1.0,0.9034926470588235,0.9329097364978509,0.029417089439027433,1.0,1.0,0.0,1.0,1.0,1.0,1.0,
000357,patches,0,0.0,NA,NA,NA,NA,NA,NA,NA,NA,NA,NA,NA,NA,NA,NA,NA,NA,NA,NA,NA,NA,NA,NA,NA,NA,NA,NA,NA,NA,NA,NA,NA,NA,NA,NA,NA,
000358,crazing,0,0.0,NA,NA,NA,NA,NA,NA,NA,NA,NA,NA,NA,NA,NA,NA,NA,NA,NA,NA,NA,NA,NA,NA,NA,NA,NA,NA,NA,NA,NA,NA,NA,NA,NA,NA,NA,
000358,inclusion,24237,0.605925,0.9914326706292274,0.9919543532695703,0.9956979065889957,0.9959609281622223,0.0005216826403429131,0.8407181054239877,0.8514548238897397,0.010736718465751971,0.9971228935470612,0.997946611909651,0.0008237183625897648,1.0,0.9942622950819672,1.0,0.9959016393442623,0.9146390107698444,0.922570345240471,0.00793133447062655,0.997946611909651,0.997946611909651,0.0,1.0,0.9959016393442623,1.0,0.9959016393442623,0.9415109666937449,0.947190250507786,0.005679283814041147,0.9987689782519491,0.9987689782519491,0.0,1.0,0.9975409836065574,1.0,0.9975409836065574,
000358,patches,0,0.0,NA,NA,NA,NA,NA,NA,NA,NA,NA,NA,NA,NA,NA,NA,NA,NA,NA,NA,NA,NA,NA,NA,NA,NA,NA,NA,NA,NA,NA,NA,NA,NA,NA,NA,NA,
000359,crazing,0,0.0,NA,NA,NA,NA,NA,NA,NA,NA,NA,NA,NA,NA,NA,NA,NA,NA,NA,NA,NA,NA,NA,NA,NA,NA,NA,NA,NA,NA,NA,NA,NA,NA,NA,NA,NA,
000359,inclusion,3087,0.077175,0.9646687697160883,0.9626256281407035,0.9820166987797045,0.980956953112498,-0.002043141575384766,0.7969924812030075,0.7801484230055659,-0.016844058197441614,1.0,1.0,0.0,1.0,1.0,1.0,1.0,0.8923230309072782,0.8768472906403941,-0.01547574026688403,1.0,1.0,0.0,1.0,1.0,1.0,1.0,0.9284246575342465,0.9164969450101833,-0.011927712524063216,1.0,1.0,0.0,1.0,1.0,1.0,1.0,
000359,patches,0,0.0,NA,NA,NA,NA,NA,NA,NA,NA,NA,NA,NA,NA,NA,NA,NA,NA,NA,NA,NA,NA,NA,NA,NA,NA,NA,NA,NA,NA,NA,NA,NA,NA,NA,NA,NA,
000360,crazing,0,0.0,NA,NA,NA,NA,NA,NA,NA,NA,NA,NA,NA,NA,NA,NA,NA,NA,NA,NA,NA,NA,NA,NA,NA,NA,NA,NA,NA,NA,NA,NA,NA,NA,NA,NA,NA,
000360,inclusion,1911,0.047775,0.968020304568528,0.9809081527347782,0.9837503224142378,0.9903620734566293,0.012887848166250215,0.7427385892116183,0.8325991189427313,0.08986052973111303,0.9854239085606551,1.0,0.014576091439344907,0.9951923076923077,0.9758454106280193,1.0,1.0,0.8625698324022346,0.9108796296296297,0.048309797227395035,1.0,1.0,0.0,1.0,1.0,1.0,1.0,0.9097918272937549,0.9390822784810127,0.029290451187257815,1.0,1.0,0.0,1.0,1.0,1.0,1.0,
000360,patches,0,0.0,NA,NA,NA,NA,NA,NA,NA,NA,NA,NA,NA,NA,NA,NA,NA,NA,NA,NA,NA,NA,NA,NA,NA,NA,NA,NA,NA,NA,NA,NA,NA,NA,NA,NA,NA,
000361,crazing,0,0.0,NA,NA,NA,NA,NA,NA,NA,NA,NA,NA,NA,NA,NA,NA,NA,NA,NA,NA,NA,NA,NA,NA,NA,NA,NA,NA,NA,NA,NA,NA,NA,NA,NA,NA,NA,
000361,inclusion,4584,0.1146,0.9851357173632055,0.9810996563573883,0.9925122083559414,0.9904596704249783,-0.004036061005817215,0.8061797752808989,0.7544827586206897,-0.051697016660209205,0.9968354430379747,0.9952456418383517,-0.001589801199622931,1.0,0.9936908517350158,1.0,0.9905362776025236,0.8963730569948186,0.8660779985283297,-0.030295058466488944,1.0,0.9968354430379747,-0.0031645569620253333,1.0,1.0,1.0,0.9936908517350158,0.9283913262733232,0.9068948163059889,-0.02149650996733432,1.0,1.0,0.0,1.0,1.0,1.0,1.0,
000361,patches,0,0.0,NA,NA,NA,NA,NA,NA,NA,NA,NA,NA,NA,NA,NA,NA,NA,NA,NA,NA,NA,NA,NA,NA,NA,NA,NA,NA,NA,NA,NA,NA,NA,NA,NA,NA,NA,
000362,crazing,0,0.0,NA,NA,NA,NA,NA,NA,NA,NA,NA,NA,NA,NA,NA,NA,NA,NA,NA,NA,NA,NA,NA,NA,NA,NA,NA,NA,NA,NA,NA,NA,NA,NA,NA,NA,NA,
000362,inclusion,3704,0.0926,0.9813333333333333,0.9803661448660123,0.990578734858681,0.990085744908896,-0.0009671884673210229,0.8195679796696315,0.8121827411167513,-0.007385238552880202,1.0,0.9957446808510638,-0.004255319148936176,1.0,1.0,1.0,0.9915254237288136,0.9033977348434377,0.9,-0.0033977348434376387,1.0,1.0,0.0,1.0,1.0,1.0,1.0,0.9313769751693002,0.9316432775011317,0.00026630233183155827,1.0,1.0,0.0,1.0,1.0,1.0,1.0,
000362,patches,0,0.0,NA,NA,NA,NA,NA,NA,NA,NA,NA,NA,NA,NA,NA,NA,NA,NA,NA,NA,NA,NA,NA,NA,NA,NA,NA,NA,NA,NA,NA,NA,NA,NA,NA,NA,NA,
000363,crazing,0,0.0,NA,NA,NA,NA,NA,NA,NA,NA,NA,NA,NA,NA,NA,NA,NA,NA,NA,NA,NA,NA,NA,NA,NA,NA,NA,NA,NA,NA,NA,NA,NA,NA,NA,NA,NA,
000363,inclusion,1752,0.0438,0.9743875278396437,0.9764705882352941,0.9870276367738297,0.9880952380952381,0.0020830603956504268,0.7972972972972973,0.8100686498855835,0.012771352588286211,1.0,1.0,0.0,1.0,1.0,1.0,1.0,0.8976190476190476,0.8978365384615384,0.0002174908424907862,1.0,1.0,0.0,1.0,1.0,1.0,1.0,0.9334415584415584,0.9297385620915033,-0.00370299635005511,1.0,1.0,0.0,1.0,1.0,1.0,1.0,
000363,patches,0,0.0,NA,NA,NA,NA,NA,NA,NA,NA,NA,NA,NA,NA,NA,NA,NA,NA,NA,NA,NA,NA,NA,NA,NA,NA,NA,NA,NA,NA,NA,NA,NA,NA,NA,NA,NA,
000364,crazing,0,0.0,NA,NA,NA,NA,NA,NA,NA,NA,NA,NA,NA,NA,NA,NA,NA,NA,NA,NA,NA,NA,NA,NA,NA,NA,NA,NA,NA,NA,NA,NA,NA,NA,NA,NA,NA,
000364,inclusion,7386,0.18465,0.9847695390781563,0.9855711422845691,0.9923263327948304,0.9927331449333872,0.0008016032064127598,0.7800788954635108,0.7839444995044599,0.0038656040409490444,1.0,1.0,0.0,1.0,1.0,1.0,1.0,0.8838912133891214,0.8836477987421384,-0.00024341464698296456,1.0,1.0,0.0,1.0,1.0,1.0,1.0,0.9236259814418273,0.920742591931453,-0.002883389510374257,1.0,1.0,0.0,1.0,1.0,1.0,1.0,
000364,patches,0,0.0,NA,NA,NA,NA,NA,NA,NA,NA,NA,NA,NA,NA,NA,NA,NA,NA,NA,NA,NA,NA,NA,NA,NA,NA,NA,NA,NA,NA,NA,NA,NA,NA,NA,NA,NA,
000365,crazing,0,0.0,NA,NA,NA,NA,NA,NA,NA,NA,NA,NA,NA,NA,NA,NA,NA,NA,NA,NA,NA,NA,NA,NA,NA,NA,NA,NA,NA,NA,NA,NA,NA,NA,NA,NA,NA,
000365,inclusion,8404,0.2101,0.9879886952425813,0.9847417840375586,0.9939580618410141,0.9923122412773506,-0.003246911205022629,0.8364632237871674,0.8016845329249617,-0.03477869086220575,1.0,1.0,0.0,1.0,1.0,1.0,1.0,0.9113562091503268,0.8953535353535353,-0.016002673796791433,1.0,1.0,0.0,1.0,1.0,1.0,1.0,0.9384359400998337,0.9286697879372073,-0.00976615216262633,1.0,1.0,0.0,1.0,1.0,1.0,1.0,
000365,patches,0,0.0,NA,NA,NA,NA,NA,NA,NA,NA,NA,NA,NA,NA,NA,NA,NA,NA,NA,NA,NA,NA,NA,NA,NA,NA,NA,NA,NA,NA,NA,NA,NA,NA,NA,NA,NA,
000366,crazing,0,0.0,NA,NA,NA,NA,NA,NA,NA,NA,NA,NA,NA,NA,NA,NA,NA,NA,NA,NA,NA,NA,NA,NA,NA,NA,NA,NA,NA,NA,NA,NA,NA,NA,NA,NA,NA,
000366,inclusion,7977,0.199425,0.978113857125292,0.9749754661432777,0.9889358528095475,0.9873291925465838,-0.003138390982014294,0.8198244708311823,0.7939979654120041,-0.025826505419178192,0.9994242947610823,0.9994242947610823,0.0,1.0,0.998849252013809,1.0,0.998849252013809,0.9053687635574837,0.8922413793103449,-0.013127384247138885,1.0,1.0,0.0,1.0,1.0,1.0,1.0,0.936036866359447,0.9269322562878649,-0.009104610071582142,1.0,1.0,0.0,1.0,1.0,1.0,1.0,
000366,patches,0,0.0,NA,NA,NA,NA,NA,NA,NA,NA,NA,NA,NA,NA,NA,NA,NA,NA,NA,NA,NA,NA,NA,NA,NA,NA,NA,NA,NA,NA,NA,NA,NA,NA,NA,NA,NA,
000367,crazing,0,0.0,NA,NA,NA,NA,NA,NA,NA,NA,NA,NA,NA,NA,NA,NA,NA,NA,NA,NA,NA,NA,NA,NA,NA,NA,NA,NA,NA,NA,NA,NA,NA,NA,NA,NA,NA,
000367,inclusion,13363,0.334075,0.9881402416425765,0.9879223473621814,0.9940347475952577,0.9939244846993924,-0.0002178942803950923,0.8413265306122449,0.8364652107668867,-0.004861319845358203,0.9933750170541072,0.9994496422674739,0.006074625213366658,0.9955604883462819,0.9911991199119912,1.0,0.9988998899889989,0.9190488912636923,0.9143617021276595,-0.004687189136032721,0.9983471074380166,1.0,0.0016528925619834212,1.0,0.9966996699669967,1.0,1.0,0.9454644610070896,0.9411764705882353,-0.004287990418854304,1.0,1.0,0.0,1.0,1.0,1.0,1.0,
000367,patches,0,0.0,NA,NA,NA,NA,NA,NA,NA,NA,NA,NA,NA,NA,NA,NA,NA,NA,NA,NA,NA,NA,NA,NA,NA,NA,NA,NA,NA,NA,NA,NA,NA,NA,NA,NA,NA,
000368,crazing,0,0.0,NA,NA,NA,NA,NA,NA,NA,NA,NA,NA,NA,NA,NA,NA,NA,NA,NA,NA,NA,NA,NA,NA,NA,NA,NA,NA,NA,NA,NA,NA,NA,NA,NA,NA,NA,
000368,inclusion,5180,0.1295,0.9675655289458797,0.9719909159727479,0.983515430323941,0.9857965451055662,0.004425387026868233,0.7802406586447118,0.8077669902912621,0.027526331646550273,0.9934279361055313,0.9992716678805535,0.005843731775022287,0.9941348973607038,0.992721979621543,1.0,0.9985443959243085,0.8811047490737622,0.8964810386060813,0.015376289532319065,1.0,1.0,0.0,1.0,1.0,1.0,1.0,0.9187629817678283,0.9279216235129462,0.009158641745117824,1.0,1.0,0.0,1.0,1.0,1.0,1.0,
000368,patches,0,0.0,NA,NA,NA,NA,NA,NA,NA,NA,NA,NA,NA,NA,NA,NA,NA,NA,NA,NA,NA,NA,NA,NA,NA,NA,NA,NA,NA,NA,NA,NA,NA,NA,NA,NA,NA,
000369,crazing,0,0.0,NA,NA,NA,NA,NA,NA,NA,NA,NA,NA,NA,NA,NA,NA,NA,NA,NA,NA,NA,NA,NA,NA,NA,NA,NA,NA,NA,NA,NA,NA,NA,NA,NA,NA,NA,
000369,inclusion,12285,0.307125,0.9759968102073365,0.983878729547642,0.9878526171354777,0.9918738629472408,0.007881919340305465,0.7375545851528384,0.817228805834093,0.07967422068125452,0.9974688666489675,1.0,0.0025311333510324996,0.9989868287740629,0.9959555106167847,1.0,1.0,0.8595834308448397,0.9058908045977011,0.046307373752861425,1.0,1.0,0.0,1.0,1.0,1.0,1.0,0.903953897870978,0.9364227642276423,0.03246886635666424,1.0,1.0,0.0,1.0,1.0,1.0,1.0,
000369,patches,0,0.0,NA,NA,NA,NA,NA,NA,NA,NA,NA,NA,NA,NA,NA,NA,NA,NA,NA,NA,NA,NA,NA,NA,NA,NA,NA,NA,NA,NA,NA,NA,NA,NA,NA,NA,NA,
000370,crazing,0,0.0,NA,NA,NA,NA,NA,NA,NA,NA,NA,NA,NA,NA,NA,NA,NA,NA,NA,NA,NA,NA,NA,NA,NA,NA,NA,NA,NA,NA,NA,NA,NA,NA,NA,NA,NA,
000370,inclusion,6038,0.15095,0.9865727853283117,0.9833360561999673,0.9932410154962084,0.9915980230642504,-0.0032367291283443844,0.8105381165919282,0.7747252747252747,-0.035812841866653455,1.0,0.9987577639751554,-0.001242236024844634,1.0,1.0,1.0,0.9975186104218362,0.8969375736160189,0.8808411214953271,-0.016096452120691773,1.0,1.0,0.0,1.0,1.0,1.0,1.0,0.9294023265142398,0.918562874251497,-0.010839452262742855,1.0,1.0,0.0,1.0,1.0,1.0,1.0,
000370,patches,0,0.0,NA,NA,NA,NA,NA,NA,NA,NA,NA,NA,NA,NA,NA,NA,NA,NA,NA,NA,NA,NA,NA,NA,NA,NA,NA,NA,NA,NA,NA,NA,NA,NA,NA,NA,NA,
000371,crazing,0,0.0,NA,NA,NA,NA,NA,NA,NA,NA,NA,NA,NA,NA,NA,NA,NA,NA,NA,NA,NA,NA,NA,NA,NA,NA,NA,NA,NA,NA,NA,NA,NA,NA,NA,NA,NA,
000371,inclusion,11921,0.298025,0.9805993560637332,0.9814264487369985,0.9902046600808636,0.990626171728534,0.0008270926732653061,0.8020347604917338,0.8102127659574468,0.008178005465713012,1.0,1.0,0.0,1.0,1.0,1.0,1.0,0.8967756381549485,0.8993273542600897,0.002551716105141155,1.0,1.0,0.0,1.0,1.0,1.0,1.0,0.9302715898687824,0.9317765567765568,0.0015049669077743522,1.0,1.0,0.0,1.0,1.0,1.0,1.0,
000371,patches,0,0.0,NA,NA,NA,NA,NA,NA,NA,NA,NA,NA,NA,NA,NA,NA,NA,NA,NA,NA,NA,NA,NA,NA,NA,NA,NA,NA,NA,NA,NA,NA,NA,NA,NA,NA,NA,
000372,crazing,0,0.0,NA,NA,NA,NA,NA,NA,NA,NA,NA,NA,NA,NA,NA,NA,NA,NA,NA,NA,NA,NA,NA,NA,NA,NA,NA,NA,NA,NA,NA,NA,NA,NA,NA,NA,NA,
000372,inclusion,8048,0.2012,0.97858541360744,0.9710863779337043,0.9891768198404354,0.985331123795495,-0.007499035673735666,0.8423864648263579,0.7936987483815279,-0.048687716444830054,0.9980487804878049,0.9960942263703565,-0.0019545541174483816,1.0,0.9961051606621227,0.9990215264187867,0.9931840311587147,0.9156206415620641,0.889269406392694,-0.026351235169370102,1.0,1.0,0.0,1.0,1.0,1.0,1.0,0.9401830808080808,0.9231608478802993,-0.01702223292778149,1.0,1.0,0.0,1.0,1.0,1.0,1.0,
000372,patches,0,0.0,NA,NA,NA,NA,NA,NA,NA,NA,NA,NA,NA,NA,NA,NA,NA,NA,NA,NA,NA,NA,NA,NA,NA,NA,NA,NA,NA,NA,NA,NA,NA,NA,NA,NA,NA,
000373,crazing,0,0.0,NA,NA,NA,NA,NA,NA,NA,NA,NA,NA,NA,NA,NA,NA,NA,NA,NA,NA,NA,NA,NA,NA,NA,NA,NA,NA,NA,NA,NA,NA,NA,NA,NA,NA,NA,
000373,inclusion,4328,0.1082,0.9788876276958002,0.984481971702419,0.989331191923827,0.9921803127874885,0.0055943440066188455,0.7850574712643679,0.8375149342891278,0.052457463024759954,0.9987063389391979,1.0,0.001293661060802087,0.9974160206718347,1.0,1.0,1.0,0.8845686512758202,0.9158354114713217,0.031266760195501564,1.0,1.0,0.0,1.0,1.0,1.0,1.0,0.9198347107438016,0.9446790540540541,0.024844343310252426,1.0,1.0,0.0,1.0,1.0,1.0,1.0,
000373,patches,0,0.0,NA,NA,NA,NA,NA,NA,NA,NA,NA,NA,NA,NA,NA,NA,NA,NA,NA,NA,NA,NA,NA,NA,NA,NA,NA,NA,NA,NA,NA,NA,NA,NA,NA,NA,NA,
000374,crazing,0,0.0,NA,NA,NA,NA,NA,NA,NA,NA,NA,NA,NA,NA,NA,NA,NA,NA,NA,NA,NA,NA,NA,NA,NA,NA,NA,NA,NA,NA,NA,NA,NA,NA,NA,NA,NA,
000374,inclusion,18423,0.460575,0.9892513570161767,0.9900452001721911,0.9945966391095261,0.9949977016467025,0.0007938431560143844,0.8022908366533864,0.8145363408521303,0.012245504198743928,0.9988998899889989,0.9988998899889989,0.0,1.0,0.9978021978021978,1.0,0.9978021978021978,0.8985011832763607,0.9027411702688456,0.0042399869924848455,1.0,1.0,0.0,1.0,1.0,1.0,1.0,0.9313743056799857,0.9339910313901345,0.002616725710148815,1.0,1.0,0.0,1.0,1.0,1.0,1.0,
000374,patches,0,0.0,NA,NA,NA,NA,NA,NA,NA,NA,NA,NA,NA,NA,NA,NA,NA,NA,NA,NA,NA,NA,NA,NA,NA,NA,NA,NA,NA,NA,NA,NA,NA,NA,NA,NA,NA,
000375,crazing,0,0.0,NA,NA,NA,NA,NA,NA,NA,NA,NA,NA,NA,NA,NA,NA,NA,NA,NA,NA,NA,NA,NA,NA,NA,NA,NA,NA,NA,NA,NA,NA,NA,NA,NA,NA,NA,
000375,inclusion,19501,0.487525,0.9844674930432583,0.9856217091940057,0.9921729597430079,0.9927587965323814,0.0011542161507474002,0.8014416775884666,0.8129117259552042,0.011470048366737595,0.9981864345302865,0.9970951343500363,-0.0010913001802502764,1.0,0.99637943519189,1.0,0.9942070963070239,0.8961398649818245,0.9025320846340618,0.006392219652237241,0.9985496736765772,0.9981864345302865,-0.00036323914629066145,1.0,0.997103548153512,1.0,0.99637943519189,0.9294145420207743,0.9341763176554007,0.00476177563462632,0.9989126495106923,0.9985496736765772,-0.0003629758341150424,1.0,0.997827661115134,1.0,0.997103548153512,
000375,patches,0,0.0,NA,NA,NA,NA,NA,NA,NA,NA,NA,NA,NA,NA,NA,NA,NA,NA,NA,NA,NA,NA,NA,NA,NA,NA,NA,NA,NA,NA,NA,NA,NA,NA,NA,NA,NA,
000376,crazing,0,0.0,NA,NA,NA,NA,NA,NA,NA,NA,NA,NA,NA,NA,NA,NA,NA,NA,NA,NA,NA,NA,NA,NA,NA,NA,NA,NA,NA,NA,NA,NA,NA,NA,NA,NA,NA,
000376,inclusion,10920,0.273,0.9849128195862318,0.9821283509341998,0.9923990715033453,0.990983606557377,-0.0027844686520319684,0.7699175824175825,0.7332887700534759,-0.03662881236410653,0.992194789614775,0.9821177193791302,-0.010077070235644858,0.9984202211690363,0.986046511627907,0.9797507788161994,0.9844961240310077,0.8734455010972934,0.8550359712230216,-0.0184095298742718,0.998447204968944,0.9961161941611998,-0.002331010807744227,1.0,0.9968992248062015,0.9968847352024922,0.9953488372093023,0.9117352056168505,0.8988124690747155,-0.01292273654213505,1.0,0.998447204968944,-0.0015527950310559868,1.0,1.0,1.0,0.9968992248062015,
000376,patches,0,0.0,NA,NA,NA,NA,NA,NA,NA,NA,NA,NA,NA,NA,NA,NA,NA,NA,NA,NA,NA,NA,NA,NA,NA,NA,NA,NA,NA,NA,NA,NA,NA,NA,NA,NA,NA,
000377,crazing,0,0.0,NA,NA,NA,NA,NA,NA,NA,NA,NA,NA,NA,NA,NA,NA,NA,NA,NA,NA,NA,NA,NA,NA,NA,NA,NA,NA,NA,NA,NA,NA,NA,NA,NA,NA,NA,
000377,inclusion,10977,0.274425,0.9861086054483131,0.9875372527770252,0.9930057225906077,0.9937295528898582,0.0014286473287120627,0.8255416191562144,0.8419838523644751,0.01644223320826077,1.0,1.0,0.0,1.0,1.0,1.0,1.0,0.909934171154997,0.9200844390832328,0.010150267928235812,1.0,1.0,0.0,1.0,1.0,1.0,1.0,0.9387464387464387,0.9475517312026224,0.008805292456183667,1.0,1.0,0.0,1.0,1.0,1.0,1.0,
000377,patches,0,0.0,NA,NA,NA,NA,NA,NA,NA,NA,NA,NA,NA,NA,NA,NA,NA,NA,NA,NA,NA,NA,NA,NA,NA,NA,NA,NA,NA,NA,NA,NA,NA,NA,NA,NA,NA,
000378,crazing,0,0.0,NA,NA,NA,NA,NA,NA,NA,NA,NA,NA,NA,NA,NA,NA,NA,NA,NA,NA,NA,NA,NA,NA,NA,NA,NA,NA,NA,NA,NA,NA,NA,NA,NA,NA,NA,
000378,inclusion,7091,0.177275,0.9853638137719543,0.9852347123554812,0.9926279575932037,0.9925624473758069,-0.00012910141647304307,0.8254755996691481,0.82411230388109,-0.0013632957880580499,0.9927006562002337,0.9908775190353301,-0.0018231371649036765,0.996316758747698,0.9891107078039928,0.9944852941176471,0.9872958257713249,0.9098396185522324,0.9066147859922179,-0.00322483256001449,1.0,1.0,0.0,1.0,1.0,1.0,1.0,0.9380896226415094,0.9352941176470588,-0.0027955049944505816,1.0,1.0,0.0,1.0,1.0,1.0,1.0,
000378,patches,0,0.0,NA,NA,NA,NA,NA,NA,NA,NA,NA,NA,NA,NA,NA,NA,NA,NA,NA,NA,NA,NA,NA,NA,NA,NA,NA,NA,NA,NA,NA,NA,NA,NA,NA,NA,NA,
000379,crazing,0,0.0,NA,NA,NA,NA,NA,NA,NA,NA,NA,NA,NA,NA,NA,NA,NA,NA,NA,NA,NA,NA,NA,NA,NA,NA,NA,NA,NA,NA,NA,NA,NA,NA,NA,NA,NA,
000379,inclusion,10606,0.26515,0.9859891649542313,0.984375,0.9929451603800207,0.9921259842519685,-0.0016141649542312786,0.8160493827160494,0.7937956204379562,-0.02225376227809328,0.9993098688750862,0.9993098688750862,0.0,1.0,0.9986206896551724,1.0,0.9986206896551724,0.9032781564427134,0.8878894956633473,-0.01538866077936607,1.0,1.0,0.0,1.0,1.0,1.0,1.0,0.934878587196468,0.9229253339172323,-0.011953253279235687,1.0,1.0,0.0,1.0,1.0,1.0,1.0,
000379,patches,0,0.0,NA,NA,NA,NA,NA,NA,NA,NA,NA,NA,NA,NA,NA,NA,NA,NA,NA,NA,NA,NA,NA,NA,NA,NA,NA,NA,NA,NA,NA,NA,NA,NA,NA,NA,NA,
000380,crazing,0,0.0,NA,NA,NA,NA,NA,NA,NA,NA,NA,NA,NA,NA,NA,NA,NA,NA,NA,NA,NA,NA,NA,NA,NA,NA,NA,NA,NA,NA,NA,NA,NA,NA,NA,NA,NA,
000380,inclusion,8859,0.221475,0.9792797783933518,0.9811950595304328,0.9895314336897497,0.9905082841898343,0.0019152811370810596,0.7705811138014528,0.7908256880733945,0.020244574271941707,1.0,1.0,0.0,1.0,1.0,1.0,1.0,0.875,0.8887091556130702,0.013709155613070179,1.0,1.0,0.0,1.0,1.0,1.0,1.0,0.9136343708899606,0.9235514430491297,0.009917072159169149,1.0,1.0,0.0,1.0,1.0,1.0,1.0,
000380,patches,0,0.0,NA,NA,NA,NA,NA,NA,NA,NA,NA,NA,NA,NA,NA,NA,NA,NA,NA,NA,NA,NA,NA,NA,NA,NA,NA,NA,NA,NA,NA,NA,NA,NA,NA,NA,NA,
000381,crazing,0,0.0,NA,NA,NA,NA,NA,NA,NA,NA,NA,NA,NA,NA,NA,NA,NA,NA,NA,NA,NA,NA,NA,NA,NA,NA,NA,NA,NA,NA,NA,NA,NA,NA,NA,NA,NA,
000381,inclusion,7386,0.18465,0.9733103173549329,0.9770282830965343,0.9864746652311419,0.9883806837262409,0.0037179657416014367,0.776530039303762,0.8025258323765786,0.02599579307281663,0.9993569131832798,0.9974226804123711,-0.0019342327709086504,1.0,0.9987146529562982,1.0,0.9948586118251928,0.8799641684084801,0.8912450772493183,0.01128090884083821,1.0,1.0,0.0,1.0,1.0,1.0,1.0,0.9178753830439224,0.9232039636663915,0.0053285806224691035,1.0,1.0,0.0,1.0,1.0,1.0,1.0,
000381,patches,0,0.0,NA,NA,NA,NA,NA,NA,NA,NA,NA,NA,NA,NA,NA,NA,NA,NA,NA,NA,NA,NA,NA,NA,NA,NA,NA,NA,NA,NA,NA,NA,NA,NA,NA,NA,NA,
000382,crazing,0,0.0,NA,NA,NA,NA,NA,NA,NA,NA,NA,NA,NA,NA,NA,NA,NA,NA,NA,NA,NA,NA,NA,NA,NA,NA,NA,NA,NA,NA,NA,NA,NA,NA,NA,NA,NA,
000382,inclusion,4799,0.119975,0.9855789039967038,0.9775693311582382,0.992737082382237,0.9886574551453908,-0.008009572838465595,0.8392246294184721,0.759825327510917,-0.07939930190755506,1.0,1.0,0.0,1.0,1.0,1.0,1.0,0.9143367043426531,0.8717948717948718,-0.04254183254778132,1.0,1.0,0.0,1.0,1.0,1.0,1.0,0.9403706688154714,0.9116593712693991,-0.028711297546072267,1.0,1.0,0.0,1.0,1.0,1.0,1.0,
000382,patches,0,0.0,NA,NA,NA,NA,NA,NA,NA,NA,NA,NA,NA,NA,NA,NA,NA,NA,NA,NA,NA,NA,NA,NA,NA,NA,NA,NA,NA,NA,NA,NA,NA,NA,NA,NA,NA,
000383,crazing,0,0.0,NA,NA,NA,NA,NA,NA,NA,NA,NA,NA,NA,NA,NA,NA,NA,NA,NA,NA,NA,NA,NA,NA,NA,NA,NA,NA,NA,NA,NA,NA,NA,NA,NA,NA,NA,
000383,inclusion,13942,0.34855,0.9788147522522522,0.9874370075945773,0.9892939711897564,0.9936787971858148,0.00862225534232508,0.7479983143699958,0.8467347845402043,0.09873647017020859,0.9951895259684538,0.9966329966329966,0.0014434706645428674,0.9980657640232108,0.9923298178331735,1.0,0.9932885906040269,0.8632574904257716,0.9201018990273274,0.05684440860155582,0.9971153846153847,0.9975973089860645,0.0004819243706797316,1.0,0.9942473633748802,1.0,0.9952061361457335,0.9046959199384141,0.9443137254901961,0.03961780555178196,0.9980787704130645,0.9990403071017274,0.0009615366886629451,1.0,0.9961649089165868,1.0,0.9980824544582934,
000383,patches,0,0.0,NA,NA,NA,NA,NA,NA,NA,NA,NA,NA,NA,NA,NA,NA,NA,NA,NA,NA,NA,NA,NA,NA,NA,NA,NA,NA,NA,NA,NA,NA,NA,NA,NA,NA,NA,
000384,crazing,0,0.0,NA,NA,NA,NA,NA,NA,NA,NA,NA,NA,NA,NA,NA,NA,NA,NA,NA,NA,NA,NA,NA,NA,NA,NA,NA,NA,NA,NA,NA,NA,NA,NA,NA,NA,NA,
000384,inclusion,10433,0.260825,0.983084483084483,0.9809649453448925,0.9914700976888253,0.9903910189325469,-0.0021195377395905046,0.7888493475682088,0.7649823736780259,-0.023866973890182885,0.996005326231691,0.9919972649449615,-0.004008061286729481,1.0,0.9920424403183024,0.9959623149394348,0.9880636604774535,0.884108040201005,0.8746474459417111,-0.009460594259293909,0.9980066445182724,0.9966733200266135,-0.0013333244916589049,1.0,0.9960212201591512,1.0,0.993368700265252,0.9183979438852002,0.9140959725792631,-0.0043019713059371245,0.99867197875166,0.9973404255319148,-0.0013315532197452074,1.0,0.9973474801061007,1.0,0.9946949602122016,
000384,patches,0,0.0,NA,NA,NA,NA,NA,NA,NA,NA,NA,NA,NA,NA,NA,NA,NA,NA,NA,NA,NA,NA,NA,NA,NA,NA,NA,NA,NA,NA,NA,NA,NA,NA,NA,NA,NA,
000385,crazing,0,0.0,NA,NA,NA,NA,NA,NA,NA,NA,NA,NA,NA,NA,NA,NA,NA,NA,NA,NA,NA,NA,NA,NA,NA,NA,NA,NA,NA,NA,NA,NA,NA,NA,NA,NA,NA,
000385,inclusion,10455,0.261375,0.9829003306565895,0.9848799848799848,0.9913764352756206,0.9923824033517425,0.0019796542233952996,0.8084994753410283,0.830238726790451,0.02173925144942268,0.9982547993019197,1.0,0.0017452006980802626,1.0,0.9965156794425087,1.0,1.0,0.8976551724137931,0.9098474341192788,0.012192261705485707,1.0,1.0,0.0,1.0,1.0,1.0,1.0,0.9299924924924925,0.9375235227700414,0.007531030277548867,1.0,1.0,0.0,1.0,1.0,1.0,1.0,
000385,patches,0,0.0,NA,NA,NA,NA,NA,NA,NA,NA,NA,NA,NA,NA,NA,NA,NA,NA,NA,NA,NA,NA,NA,NA,NA,NA,NA,NA,NA,NA,NA,NA,NA,NA,NA,NA,NA,
000386,crazing,0,0.0,NA,NA,NA,NA,NA,NA,NA,NA,NA,NA,NA,NA,NA,NA,NA,NA,NA,NA,NA,NA,NA,NA,NA,NA,NA,NA,NA,NA,NA,NA,NA,NA,NA,NA,NA,
000386,inclusion,14796,0.3699,0.9821155508277375,0.984440734557596,0.9909770905309764,0.9921593700575428,0.00232518372985846,0.7630769230769231,0.7920393559928444,0.028962432915921266,0.9900457749766808,0.9935419771485345,0.0034962021718537573,0.9979859013091642,0.9822309970384995,1.0,0.9871668311944719,0.87010550996483,0.8890732401042901,0.01896773013946007,0.9920398009950249,0.9950396825396826,0.00299988154465769,1.0,0.9842053307008884,1.0,0.9901283316880553,0.9098925765592433,0.9236369519495228,0.013744375390279506,0.9935419771485345,0.9955379276152703,0.0019959504667357297,1.0,0.9871668311944719,1.0,0.9911154985192497,
000386,patches,0,0.0,NA,NA,NA,NA,NA,NA,NA,NA,NA,NA,NA,NA,NA,NA,NA,NA,NA,NA,NA,NA,NA,NA,NA,NA,NA,NA,NA,NA,NA,NA,NA,NA,NA,NA,NA,
000387,crazing,0,0.0,NA,NA,NA,NA,NA,NA,NA,NA,NA,NA,NA,NA,NA,NA,NA,NA,NA,NA,NA,NA,NA,NA,NA,NA,NA,NA,NA,NA,NA,NA,NA,NA,NA,NA,NA,
000387,inclusion,11160,0.279,0.9826946847960445,0.9853930594900849,0.9912718204488778,0.9926427966290632,0.0026983746940404396,0.8048533872598584,0.831708568496665,0.026855181236806525,1.0,0.9988571294072112,-0.001142870592788836,1.0,1.0,0.9988532110091743,0.9988610478359908,0.8982324584895555,0.9117408906882591,0.01350843219870368,1.0,1.0,0.0,1.0,1.0,1.0,1.0,0.9310218308567235,0.9391817176557317,0.008159886799008143,1.0,1.0,0.0,1.0,1.0,1.0,1.0,
000387,patches,0,0.0,NA,NA,NA,NA,NA,NA,NA,NA,NA,NA,NA,NA,NA,NA,NA,NA,NA,NA,NA,NA,NA,NA,NA,NA,NA,NA,NA,NA,NA,NA,NA,NA,NA,NA,NA,
000388,crazing,0,0.0,NA,NA,NA,NA,NA,NA,NA,NA,NA,NA,NA,NA,NA,NA,NA,NA,NA,NA,NA,NA,NA,NA,NA,NA,NA,NA,NA,NA,NA,NA,NA,NA,NA,NA,NA,
000388,inclusion,14956,0.3739,0.9855187462804998,0.9897789871905489,0.992706564092317,0.994863242161441,0.004260240910049062,0.7772073921971252,0.8369507676019058,0.059743375404780585,0.9982568274259151,0.9994196169471851,0.0011627895212699135,1.0,0.9965197215777262,1.0,0.9988399071925754,0.8810825587752871,0.9135015248128638,0.03241896603757677,1.0,1.0,0.0,1.0,1.0,1.0,1.0,0.9193397111236166,0.9406427221172022,0.02130301099358567,1.0,1.0,0.0,1.0,1.0,1.0,1.0,
000388,patches,0,0.0,NA,NA,NA,NA,NA,NA,NA,NA,NA,NA,NA,NA,NA,NA,NA,NA,NA,NA,NA,NA,NA,NA,NA,NA,NA,NA,NA,NA,NA,NA,NA,NA,NA,NA,NA,
000389,crazing,0,0.0,NA,NA,NA,NA,NA,NA,NA,NA,NA,NA,NA,NA,NA,NA,NA,NA,NA,NA,NA,NA,NA,NA,NA,NA,NA,NA,NA,NA,NA,NA,NA,NA,NA,NA,NA,
000389,inclusion,11137,0.278425,0.9781574775409547,0.9844192634560907,0.9889581478183437,0.9921484653818701,0.006261785915135931,0.7671040299906279,0.8299319727891157,0.0628279427984878,0.9989258861439313,1.0,0.0010741138560687036,1.0,0.9978540772532188,1.0,1.0,0.8754669987546699,0.9110546378653113,0.035587639110641334,1.0,1.0,0.0,1.0,1.0,1.0,1.0,0.9137228260869565,0.9400310184387386,0.026308192351782056,1.0,1.0,0.0,1.0,1.0,1.0,1.0,
000389,patches,0,0.0,NA,NA,NA,NA,NA,NA,NA,NA,NA,NA,NA,NA,NA,NA,NA,NA,NA,NA,NA,NA,NA,NA,NA,NA,NA,NA,NA,NA,NA,NA,NA,NA,NA,NA,NA,
000390,crazing,0,0.0,NA,NA,NA,NA,NA,NA,NA,NA,NA,NA,NA,NA,NA,NA,NA,NA,NA,NA,NA,NA,NA,NA,NA,NA,NA,NA,NA,NA,NA,NA,NA,NA,NA,NA,NA,
000390,inclusion,7619,0.190475,0.9834089436163318,0.9743786830643095,0.9916350803816495,0.9870230988839865,-0.009030260552022273,0.827841291190316,0.7428206764518187,-0.08502061473849731,1.0,1.0,0.0,1.0,1.0,1.0,1.0,0.9124293785310734,0.8622816032887975,-0.05014777524227587,1.0,1.0,0.0,1.0,1.0,1.0,1.0,0.9411196911196911,0.905121548265282,-0.035998142854409054,1.0,1.0,0.0,1.0,1.0,1.0,1.0,
000390,patches,0,0.0,NA,NA,NA,NA,NA,NA,NA,NA,NA,NA,NA,NA,NA,NA,NA,NA,NA,NA,NA,NA,NA,NA,NA,NA,NA,NA,NA,NA,NA,NA,NA,NA,NA,NA,NA,
000391,crazing,0,0.0,NA,NA,NA,NA,NA,NA,NA,NA,NA,NA,NA,NA,NA,NA,NA,NA,NA,NA,NA,NA,NA,NA,NA,NA,NA,NA,NA,NA,NA,NA,NA,NA,NA,NA,NA,
000391,inclusion,17708,0.4427,0.9846907532149418,0.9856680794111087,0.992286331379204,0.9927823180835229,0.0009773261961668611,0.7611744084136722,0.7724259832081308,0.011251574794458596,0.9905062416069252,0.991,0.0004937583930747502,0.9989949748743718,0.9821605550049554,1.0,0.9821605550049554,0.8698501872659176,0.8749118269456854,0.005061639679767804,0.9930139720558883,0.9930139720558883,0.0,1.0,0.9861248761149654,1.0,0.9861248761149654,0.9090472377902322,0.9119678714859438,0.0029206336957116052,0.9940179461615154,0.9940179461615154,0.0,1.0,0.9881070366699702,1.0,0.9881070366699702,
000391,patches,0,0.0,NA,NA,NA,NA,NA,NA,NA,NA,NA,NA,NA,NA,NA,NA,NA,NA,NA,NA,NA,NA,NA,NA,NA,NA,NA,NA,NA,NA,NA,NA,NA,NA,NA,NA,NA,
000392,crazing,0,0.0,NA,NA,NA,NA,NA,NA,NA,NA,NA,NA,NA,NA,NA,NA,NA,NA,NA,NA,NA,NA,NA,NA,NA,NA,NA,NA,NA,NA,NA,NA,NA,NA,NA,NA,NA,
000392,inclusion,20533,0.513325,0.9837928554303524,0.9884080370942813,0.9918302233394566,0.994170229304314,0.0046151816639288246,0.6453825857519789,0.7463175122749591,0.1009349265229802,0.9271997849036312,0.9551681195516811,0.02796833464804993,0.9986168741355463,0.865315852205006,1.0,0.9141835518474374,0.7747380675203726,0.8480825958702065,0.07334452834983396,0.9318905155951623,0.9603469640644361,0.028456448469273754,1.0,0.8724672228843862,1.0,0.9237187127532777,0.8234938545234737,0.8852159805313324,0.06172212600785876,0.9332485696122059,0.9641975308641976,0.030948961251991647,1.0,0.8748510131108462,1.0,0.930870083432658,
000392,patches,0,0.0,NA,NA,NA,NA,NA,NA,NA,NA,NA,NA,NA,NA,NA,NA,NA,NA,NA,NA,NA,NA,NA,NA,NA,NA,NA,NA,NA,NA,NA,NA,NA,NA,NA,NA,NA,
000393,crazing,0,0.0,NA,NA,NA,NA,NA,NA,NA,NA,NA,NA,NA,NA,NA,NA,NA,NA,NA,NA,NA,NA,NA,NA,NA,NA,NA,NA,NA,NA,NA,NA,NA,NA,NA,NA,NA,
000393,inclusion,10633,0.265825,0.9780968157555678,0.9780564263322884,0.9889271424583604,0.9889064976228209,-4.038942327944106e-05,0.7687041564792176,0.7668139420716741,-0.0018902144075435556,0.9988832632433805,0.9932659847260866,-0.005617278517293878,0.9988901220865705,0.998876404494382,0.9932735426008968,0.9932584269662922,0.8784487246225924,0.8765013054830287,-0.0019474191395636442,1.0,1.0,0.0,1.0,1.0,1.0,1.0,0.9177619893428064,0.9157163221667854,-0.002045667176020949,1.0,1.0,0.0,1.0,1.0,1.0,1.0,
000393,patches,0,0.0,NA,NA,NA,NA,NA,NA,NA,NA,NA,NA,NA,NA,NA,NA,NA,NA,NA,NA,NA,NA,NA,NA,NA,NA,NA,NA,NA,NA,NA,NA,NA,NA,NA,NA,NA,
000394,crazing,0,0.0,NA,NA,NA,NA,NA,NA,NA,NA,NA,NA,NA,NA,NA,NA,NA,NA,NA,NA,NA,NA,NA,NA,NA,NA,NA,NA,NA,NA,NA,NA,NA,NA,NA,NA,NA,
000394,inclusion,12312,0.3078,0.989767142051406,0.9908826851702437,0.9948572585543632,0.9954204660587639,0.0011155431188376586,0.8234086242299795,0.8416320885200553,0.01822346429007582,0.9954751131221719,0.9992531740104555,0.0037780608882836964,0.990990990990991,1.0,1.0,0.9985074626865672,0.903977069150842,0.9145945945945946,0.010617525443752607,0.9984962406015038,1.0,0.0015037593984962294,0.996996996996997,1.0,1.0,1.0,0.9316468012648991,0.9398533007334964,0.008206499468597306,1.0,1.0,0.0,1.0,1.0,1.0,1.0,
000394,patches,0,0.0,NA,NA,NA,NA,NA,NA,NA,NA,NA,NA,NA,NA,NA,NA,NA,NA,NA,NA,NA,NA,NA,NA,NA,NA,NA,NA,NA,NA,NA,NA,NA,NA,NA,NA,NA,
000395,crazing,0,0.0,NA,NA,NA,NA,NA,NA,NA,NA,NA,NA,NA,NA,NA,NA,NA,NA,NA,NA,NA,NA,NA,NA,NA,NA,NA,NA,NA,NA,NA,NA,NA,NA,NA,NA,NA,
000395,inclusion,16660,0.4165,0.9848027910827272,0.990594678254658,0.992343214658126,0.9952751196172249,0.0057918871719307985,0.726298875200857,0.8219332956472584,0.09563442044640136,1.0,0.9987577639751554,-0.001242236024844634,1.0,1.0,1.0,0.9975186104218362,0.8543409287568503,0.9057498518079431,0.05140892305109279,1.0,1.0,0.0,1.0,1.0,1.0,1.0,0.9013470681458003,0.935672514619883,0.034325446474082644,1.0,1.0,0.0,1.0,1.0,1.0,1.0,
000395,patches,0,0.0,NA,NA,NA,NA,NA,NA,NA,NA,NA,NA,NA,NA,NA,NA,NA,NA,NA,NA,NA,NA,NA,NA,NA,NA,NA,NA,NA,NA,NA,NA,NA,NA,NA,NA,NA,
000396,crazing,0,0.0,NA,NA,NA,NA,NA,NA,NA,NA,NA,NA,NA,NA,NA,NA,NA,NA,NA,NA,NA,NA,NA,NA,NA,NA,NA,NA,NA,NA,NA,NA,NA,NA,NA,NA,NA,
000396,inclusion,6890,0.17225,0.9768433016053417,0.97671777399205,0.9882860222781171,0.9882217753519104,-0.00012552761329176487,0.7706293706293706,0.7728860936408106,0.002256723011439976,0.9960222752585521,0.9912641465963522,-0.004758128662199934,1.0,0.9920760697305864,0.9920382165605095,0.9904912836767037,0.8757902566009669,0.8790922619047619,0.003302005303794986,1.0,1.0,0.0,1.0,1.0,1.0,1.0,0.9121913973021125,0.918918918918919,0.006727521616806453,1.0,1.0,0.0,1.0,1.0,1.0,1.0,
000396,patches,0,0.0,NA,NA,NA,NA,NA,NA,NA,NA,NA,NA,NA,NA,NA,NA,NA,NA,NA,NA,NA,NA,NA,NA,NA,NA,NA,NA,NA,NA,NA,NA,NA,NA,NA,NA,NA,
000397,crazing,0,0.0,NA,NA,NA,NA,NA,NA,NA,NA,NA,NA,NA,NA,NA,NA,NA,NA,NA,NA,NA,NA,NA,NA,NA,NA,NA,NA,NA,NA,NA,NA,NA,NA,NA,NA,NA,
000397,inclusion,9640,0.241,0.9817085632536277,0.9838197644649258,0.990769865415356,0.9918438984100764,0.0021112012112981526,0.7986463620981388,0.8189066059225513,0.020260243824412494,1.0,1.0,0.0,1.0,1.0,1.0,1.0,0.893357164134644,0.9025702331141662,0.009213068979522121,1.0,1.0,0.0,1.0,1.0,1.0,1.0,0.9264437689969605,0.9327918781725888,0.006348109175628336,1.0,1.0,0.0,1.0,1.0,1.0,1.0,
000397,patches,0,0.0,NA,NA,NA,NA,NA,NA,NA,NA,NA,NA,NA,NA,NA,NA,NA,NA,NA,NA,NA,NA,NA,NA,NA,NA,NA,NA,NA,NA,NA,NA,NA,NA,NA,NA,NA,
000398,crazing,0,0.0,NA,NA,NA,NA,NA,NA,NA,NA,NA,NA,NA,NA,NA,NA,NA,NA,NA,NA,NA,NA,NA,NA,NA,NA,NA,NA,NA,NA,NA,NA,NA,NA,NA,NA,NA,
000398,inclusion,13087,0.327175,0.9869107967012182,0.9899939357186174,0.993412284376071,0.9949718116714917,0.0030831390173992057,0.8061797752808989,0.8471741637831603,0.04099438850226145,0.9987484355444306,0.9987484355444306,0.0,1.0,0.9975,1.0,0.9975,0.8962962962962963,0.9190977443609023,0.022801448064606045,1.0,1.0,0.0,1.0,1.0,1.0,1.0,0.9293808174828004,0.9449334698055272,0.015552652322726734,1.0,1.0,0.0,1.0,1.0,1.0,1.0,
000398,patches,0,0.0,NA,NA,NA,NA,NA,NA,NA,NA,NA,NA,NA,NA,NA,NA,NA,NA,NA,NA,NA,NA,NA,NA,NA,NA,NA,NA,NA,NA,NA,NA,NA,NA,NA,NA,NA,
000399,crazing,0,0.0,NA,NA,NA,NA,NA,NA,NA,NA,NA,NA,NA,NA,NA,NA,NA,NA,NA,NA,NA,NA,NA,NA,NA,NA,NA,NA,NA,NA,NA,NA,NA,NA,NA,NA,NA,
000399,inclusion,11526,0.28815,0.9800939769329347,0.9778761061946902,0.9899469301462657,0.9888143176733781,-0.0022178707382444207,0.8193901485535575,0.799845141308556,-0.019545007245001522,1.0,0.99912739965096,-0.0008726003490400203,1.0,1.0,0.998256320836966,1.0,0.9049281314168378,0.8947906026557712,-0.010137528761066661,1.0,1.0,0.0,1.0,1.0,1.0,1.0,0.9348434004474273,0.9283723522853957,-0.00647104816203159,1.0,1.0,0.0,1.0,1.0,1.0,1.0,
000399,patches,0,0.0,NA,NA,NA,NA,NA,NA,NA,NA,NA,NA,NA,NA,NA,NA,NA,NA,NA,NA,NA,NA,NA,NA,NA,NA,NA,NA,NA,NA,NA,NA,NA,NA,NA,NA,NA,
000400,crazing,0,0.0,NA,NA,NA,NA,NA,NA,NA,NA,NA,NA,NA,NA,NA,NA,NA,NA,NA,NA,NA,NA,NA,NA,NA,NA,NA,NA,NA,NA,NA,NA,NA,NA,NA,NA,NA,
000400,inclusion,18996,0.4749,0.9863255862319971,0.9889914958000731,0.9931157238960291,0.9944652834247042,0.002665909568075997,0.7692307692307693,0.8125842696629213,0.043353500432152026,0.9894419306184012,0.9934902353530295,0.00404830473462825,1.0,0.9791044776119403,1.0,0.9870646766169154,0.8738162878787878,0.9029195347733207,0.029103246894532808,0.9924812030075187,0.9985052316890882,0.006024028681569482,1.0,0.9850746268656716,1.0,0.9970149253731343,0.9117933723196882,0.9318071115440818,0.020013739224393645,0.9934902353530295,0.999003984063745,0.005513748710715527,1.0,0.9870646766169154,1.0,0.9980099502487563,
000400,patches,0,0.0,NA,NA,NA,NA,NA,NA,NA,NA,NA,NA,NA,NA,NA,NA,NA,NA,NA,NA,NA,NA,NA,NA,NA,NA,NA,NA,NA,NA,NA,NA,NA,NA,NA,NA,NA,
000401,crazing,0,0.0,NA,NA,NA,NA,NA,NA,NA,NA,NA,NA,NA,NA,NA,NA,NA,NA,NA,NA,NA,NA,NA,NA,NA,NA,NA,NA,NA,NA,NA,NA,NA,NA,NA,NA,NA,
000401,inclusion,0,0.0,NA,NA,NA,NA,NA,NA,NA,NA,NA,NA,NA,NA,NA,NA,NA,NA,NA,NA,NA,NA,NA,NA,NA,NA,NA,NA,NA,NA,NA,NA,NA,NA,NA,NA,NA,
000401,patches,3780,0.0945,0.9889676910953507,0.9874015748031496,0.9944532488114105,0.993660855784469,-0.0015661162922010474,0.9124472573839663,0.8980021030494216,-0.01444515433454463,1.0,1.0,0.0,1.0,1.0,1.0,1.0,0.9551835853131749,0.9470842332613391,-0.008099352051835873,1.0,1.0,0.0,1.0,1.0,1.0,1.0,0.9691582002902758,0.9636627906976745,-0.005495409592601308,1.0,1.0,0.0,1.0,1.0,1.0,1.0,
000402,crazing,0,0.0,NA,NA,NA,NA,NA,NA,NA,NA,NA,NA,NA,NA,NA,NA,NA,NA,NA,NA,NA,NA,NA,NA,NA,NA,NA,NA,NA,NA,NA,NA,NA,NA,NA,NA,NA,
000402,inclusion,0,0.0,NA,NA,NA,NA,NA,NA,NA,NA,NA,NA,NA,NA,NA,NA,NA,NA,NA,NA,NA,NA,NA,NA,NA,NA,NA,NA,NA,NA,NA,NA,NA,NA,NA,NA,NA,
000402,patches,2607,0.065175,0.984375,0.9759126834776063,0.9921259842519685,0.9878095238095238,-0.008462316522393709,0.9045064377682404,0.8662486938349008,-0.03825774393333958,1.0,1.0,0.0,1.0,1.0,1.0,1.0,0.9434687156970363,0.929035752979415,-0.01443296271762129,1.0,1.0,0.0,1.0,1.0,1.0,1.0,0.9582255083179297,0.95020139143171,-0.008024116886219734,1.0,1.0,0.0,1.0,1.0,1.0,1.0,
000403,crazing,0,0.0,NA,NA,NA,NA,NA,NA,NA,NA,NA,NA,NA,NA,NA,NA,NA,NA,NA,NA,NA,NA,NA,NA,NA,NA,NA,NA,NA,NA,NA,NA,NA,NA,NA,NA,NA,
000403,inclusion,0,0.0,NA,NA,NA,NA,NA,NA,NA,NA,NA,NA,NA,NA,NA,NA,NA,NA,NA,NA,NA,NA,NA,NA,NA,NA,NA,NA,NA,NA,NA,NA,NA,NA,NA,NA,NA,
000403,patches,1737,0.043425,0.9628146453089245,0.9726183685111238,0.9810550859807636,0.9861191440138809,0.009803723202199355,0.8494868871151653,0.8860465116279069,0.03655962451274164,0.9950121882617663,0.9975060944816105,0.002493906219844244,0.9949748743718593,0.995049504950495,0.9974874371859297,0.9975247524752475,0.9238095238095239,0.9429086538461539,0.019099130036629997,1.0,1.0,0.0,1.0,1.0,1.0,1.0,0.9509525739764897,0.9629025682837342,0.011949994307244527,1.0,1.0,0.0,1.0,1.0,1.0,1.0,
000404,crazing,0,0.0,NA,NA,NA,NA,NA,NA,NA,NA,NA,NA,NA,NA,NA,NA,NA,NA,NA,NA,NA,NA,NA,NA,NA,NA,NA,NA,NA,NA,NA,NA,NA,NA,NA,NA,NA,
000404,inclusion,0,0.0,NA,NA,NA,NA,NA,NA,NA,NA,NA,NA,NA,NA,NA,NA,NA,NA,NA,NA,NA,NA,NA,NA,NA,NA,NA,NA,NA,NA,NA,NA,NA,NA,NA,NA,NA,
000404,patches,5370,0.13425,0.9951618905842947,0.9944289693593314,0.9975750792762544,0.9972067039106145,-0.0007329212249632677,0.9383561643835616,0.9296254256526674,-0.00873073873089425,0.9976470588235293,1.0,0.0023529411764706687,1.0,0.9953051643192489,1.0,1.0,0.9652375434530707,0.9618717504332756,-0.003365793019795116,1.0,1.0,0.0,1.0,1.0,1.0,1.0,0.974757281553398,0.9728682170542635,-0.0018890644991345074,1.0,1.0,0.0,1.0,1.0,1.0,1.0,
000405,crazing,0,0.0,NA,NA,NA,NA,NA,NA,NA,NA,NA,NA,NA,NA,NA,NA,NA,NA,NA,NA,NA,NA,NA,NA,NA,NA,NA,NA,NA,NA,NA,NA,NA,NA,NA,NA,NA,
000405,inclusion,0,0.0,NA,NA,NA,NA,NA,NA,NA,NA,NA,NA,NA,NA,NA,NA,NA,NA,NA,NA,NA,NA,NA,NA,NA,NA,NA,NA,NA,NA,NA,NA,NA,NA,NA,NA,NA,
000405,patches,4995,0.124875,0.9940215225189318,0.9958041958041958,0.9970017989206477,0.9978976874562018,0.001782673285263936,0.9284903518728718,0.9494252873563218,0.020934935483450046,1.0,1.0,0.0,1.0,1.0,1.0,1.0,0.9601386481802426,0.9714950552646888,0.011356407084446185,1.0,1.0,0.0,1.0,1.0,1.0,1.0,0.9720605355064028,0.9801092043681747,0.008048668861771913,1.0,1.0,0.0,1.0,1.0,1.0,1.0,
000406,crazing,0,0.0,NA,NA,NA,NA,NA,NA,NA,NA,NA,NA,NA,NA,NA,NA,NA,NA,NA,NA,NA,NA,NA,NA,NA,NA,NA,NA,NA,NA,NA,NA,NA,NA,NA,NA,NA,
000406,inclusion,0,0.0,NA,NA,NA,NA,NA,NA,NA,NA,NA,NA,NA,NA,NA,NA,NA,NA,NA,NA,NA,NA,NA,NA,NA,NA,NA,NA,NA,NA,NA,NA,NA,NA,NA,NA,NA,
000406,patches,2253,0.056325,0.9696836555360281,0.9759930161501528,0.9846085210796341,0.9878506737353656,0.006309360614124682,0.8502155172413793,0.8817086527929902,0.03149313555161082,0.9953051383267912,1.0,0.004694861673208761,0.9952941176470588,0.9953161592505855,1.0,1.0,0.9187675070028011,0.9361581920903955,0.01739068508759445,1.0,1.0,0.0,1.0,1.0,1.0,1.0,0.9427596664139499,0.9561236169400992,0.013363950526149249,1.0,1.0,0.0,1.0,1.0,1.0,1.0,
000407,crazing,0,0.0,NA,NA,NA,NA,NA,NA,NA,NA,NA,NA,NA,NA,NA,NA,NA,NA,NA,NA,NA,NA,NA,NA,NA,NA,NA,NA,NA,NA,NA,NA,NA,NA,NA,NA,NA,
000407,inclusion,0,0.0,NA,NA,NA,NA,NA,NA,NA,NA,NA,NA,NA,NA,NA,NA,NA,NA,NA,NA,NA,NA,NA,NA,NA,NA,NA,NA,NA,NA,NA,NA,NA,NA,NA,NA,NA,
000407,patches,3762,0.09405,0.9886543535620053,0.9832372970141435,0.9942948122595197,0.9915478077126255,-0.005417056547861732,0.9035369774919614,0.8625,-0.041036977491961335,1.0,1.0,0.0,1.0,1.0,1.0,1.0,0.9462424574876577,0.9245689655172413,-0.021673491970416348,1.0,1.0,0.0,1.0,1.0,1.0,1.0,0.9612831858407079,0.9458575581395349,-0.015425627701173061,1.0,1.0,0.0,1.0,1.0,1.0,1.0,
000408,crazing,0,0.0,NA,NA,NA,NA,NA,NA,NA,NA,NA,NA,NA,NA,NA,NA,NA,NA,NA,NA,NA,NA,NA,NA,NA,NA,NA,NA,NA,NA,NA,NA,NA,NA,NA,NA,NA,
000408,inclusion,0,0.0,NA,NA,NA,NA,NA,NA,NA,NA,NA,NA,NA,NA,NA,NA,NA,NA,NA,NA,NA,NA,NA,NA,NA,NA,NA,NA,NA,NA,NA,NA,NA,NA,NA,NA,NA,
000408,patches,5646,0.14115,0.9964670552905847,0.9941603256060875,0.9982304016988144,0.997071612387967,-0.0023067296844971885,0.9519906323185011,0.923699421965318,-0.02829121035318316,1.0,1.0,0.0,1.0,1.0,1.0,1.0,0.9745260663507109,0.9611078373600471,-0.013418228990663805,1.0,1.0,0.0,1.0,1.0,1.0,1.0,0.9833267169511711,0.9742777997625643,-0.009048917188606787,1.0,1.0,0.0,1.0,1.0,1.0,1.0,
000409,crazing,0,0.0,NA,NA,NA,NA,NA,NA,NA,NA,NA,NA,NA,NA,NA,NA,NA,NA,NA,NA,NA,NA,NA,NA,NA,NA,NA,NA,NA,NA,NA,NA,NA,NA,NA,NA,NA,
000409,inclusion,0,0.0,NA,NA,NA,NA,NA,NA,NA,NA,NA,NA,NA,NA,NA,NA,NA,NA,NA,NA,NA,NA,NA,NA,NA,NA,NA,NA,NA,NA,NA,NA,NA,NA,NA,NA,NA,
000409,patches,5546,0.13865,0.9942477080711846,0.9942539055485724,0.9971155579592572,0.9971186745903116,6.197477387837047e-06,0.9271070615034168,0.928082191780822,0.0009751302774051451,1.0,1.0,0.0,1.0,1.0,1.0,1.0,0.963435867672664,0.9645142524723677,0.00107838479970368,1.0,1.0,0.0,1.0,1.0,1.0,1.0,0.9773790951638065,0.9761904761904762,-0.0011886189733303354,1.0,1.0,0.0,1.0,1.0,1.0,1.0,
000410,crazing,0,0.0,NA,NA,NA,NA,NA,NA,NA,NA,NA,NA,NA,NA,NA,NA,NA,NA,NA,NA,NA,NA,NA,NA,NA,NA,NA,NA,NA,NA,NA,NA,NA,NA,NA,NA,NA,
000410,inclusion,0,0.0,NA,NA,NA,NA,NA,NA,NA,NA,NA,NA,NA,NA,NA,NA,NA,NA,NA,NA,NA,NA,NA,NA,NA,NA,NA,NA,NA,NA,NA,NA,NA,NA,NA,NA,NA,
000410,patches,6088,0.1522,0.9805289631672887,0.9869409076069213,0.9901687694576438,0.9934275386132106,0.006411944439632666,0.8489655172413794,0.8890449438202247,0.040079426578845334,0.9925705794947994,0.9955555555555555,0.002984976060756095,1.0,0.9852507374631269,1.0,0.9911504424778761,0.9272197962154294,0.9477911646586346,0.020571368443205174,0.9970414201183432,0.9970414201183432,0.0,1.0,0.9941002949852508,1.0,0.9941002949852508,0.9507661391610148,0.9632426988922457,0.012476559731230852,1.0,1.0,0.0,1.0,1.0,1.0,1.0,
000411,crazing,0,0.0,NA,NA,NA,NA,NA,NA,NA,NA,NA,NA,NA,NA,NA,NA,NA,NA,NA,NA,NA,NA,NA,NA,NA,NA,NA,NA,NA,NA,NA,NA,NA,NA,NA,NA,NA,
000411,inclusion,0,0.0,NA,NA,NA,NA,NA,NA,NA,NA,NA,NA,NA,NA,NA,NA,NA,NA,NA,NA,NA,NA,NA,NA,NA,NA,NA,NA,NA,NA,NA,NA,NA,NA,NA,NA,NA,
000411,patches,6106,0.15265,0.9902296042989741,0.9837201805286911,0.9950908198330879,0.9917932883724709,-0.006509423770282963,0.9154334038054969,0.8626110731373889,-0.05282233066810793,1.0,1.0,0.0,1.0,1.0,1.0,1.0,0.9574468085106383,0.9297872340425531,-0.027659574468085202,1.0,1.0,0.0,1.0,1.0,1.0,1.0,0.9727406679764243,0.953443258971872,-0.019297409004552346,1.0,1.0,0.0,1.0,1.0,1.0,1.0,
000412,crazing,0,0.0,NA,NA,NA,NA,NA,NA,NA,NA,NA,NA,NA,NA,NA,NA,NA,NA,NA,NA,NA,NA,NA,NA,NA,NA,NA,NA,NA,NA,NA,NA,NA,NA,NA,NA,NA,
000412,inclusion,0,0.0,NA,NA,NA,NA,NA,NA,NA,NA,NA,NA,NA,NA,NA,NA,NA,NA,NA,NA,NA,NA,NA,NA,NA,NA,NA,NA,NA,NA,NA,NA,NA,NA,NA,NA,NA,
000412,patches,4638,0.11595,0.9788045782111064,0.9858672376873662,0.9892887746358183,0.9928833297390555,0.007062659476259725,0.8455034588777863,0.8968253968253969,0.05132193794761053,0.9991603694374475,1.0,0.0008396305625525402,1.0,0.9983221476510067,1.0,1.0,0.9254933548127265,0.9485714285714286,0.023078073758702078,1.0,1.0,0.0,1.0,1.0,1.0,1.0,0.9489091411212373,0.9684092815208275,0.01950014039959025,1.0,1.0,0.0,1.0,1.0,1.0,1.0,
000413,crazing,0,0.0,NA,NA,NA,NA,NA,NA,NA,NA,NA,NA,NA,NA,NA,NA,NA,NA,NA,NA,NA,NA,NA,NA,NA,NA,NA,NA,NA,NA,NA,NA,NA,NA,NA,NA,NA,
000413,inclusion,0,0.0,NA,NA,NA,NA,NA,NA,NA,NA,NA,NA,NA,NA,NA,NA,NA,NA,NA,NA,NA,NA,NA,NA,NA,NA,NA,NA,NA,NA,NA,NA,NA,NA,NA,NA,NA,
000413,patches,5938,0.14845,0.9877824267782427,0.9909698996655518,0.9938536667508631,0.9954644716949437,0.0031874728873091396,0.9172297297297297,0.938601478112564,0.021371748382834288,1.0,1.0,0.0,1.0,1.0,1.0,1.0,0.9565967231963208,0.9716106604866744,0.015013937290353607,1.0,1.0,0.0,1.0,1.0,1.0,1.0,0.9698983580922595,0.9819217921006091,0.012023434008349598,1.0,1.0,0.0,1.0,1.0,1.0,1.0,
000414,crazing,0,0.0,NA,NA,NA,NA,NA,NA,NA,NA,NA,NA,NA,NA,NA,NA,NA,NA,NA,NA,NA,NA,NA,NA,NA,NA,NA,NA,NA,NA,NA,NA,NA,NA,NA,NA,NA,
000414,inclusion,0,0.0,NA,NA,NA,NA,NA,NA,NA,NA,NA,NA,NA,NA,NA,NA,NA,NA,NA,NA,NA,NA,NA,NA,NA,NA,NA,NA,NA,NA,NA,NA,NA,NA,NA,NA,NA,
000414,patches,5650,0.14125,0.987695552821234,0.9901547116736991,0.993809692253272,0.995053003533569,0.00245915885246506,0.9206798866855525,0.9359634076615209,0.015283520975968412,1.0,1.0,0.0,1.0,1.0,1.0,1.0,0.9589476727377855,0.967451322290032,0.008503649552246473,1.0,1.0,0.0,1.0,1.0,1.0,1.0,0.9718337218337219,0.9779684148956912,0.006134693061969343,1.0,1.0,0.0,1.0,1.0,1.0,1.0,
000415,crazing,0,0.0,NA,NA,NA,NA,NA,NA,NA,NA,NA,NA,NA,NA,NA,NA,NA,NA,NA,NA,NA,NA,NA,NA,NA,NA,NA,NA,NA,NA,NA,NA,NA,NA,NA,NA,NA,
000415,inclusion,0,0.0,NA,NA,NA,NA,NA,NA,NA,NA,NA,NA,NA,NA,NA,NA,NA,NA,NA,NA,NA,NA,NA,NA,NA,NA,NA,NA,NA,NA,NA,NA,NA,NA,NA,NA,NA,
000415,patches,5434,0.13585,0.9881386861313869,0.9887026239067055,0.9940339605323543,0.9943192230163094,0.0005639377753186015,0.9264118653736452,0.9291833238149628,0.0027714584413176535,1.0,1.0,0.0,1.0,1.0,1.0,1.0,0.9630813953488372,0.9636627906976745,0.000581395348837277,1.0,1.0,0.0,1.0,1.0,1.0,1.0,0.9753376394597769,0.975738603013109,0.0004009635533320788,1.0,1.0,0.0,1.0,1.0,1.0,1.0,
000416,crazing,0,0.0,NA,NA,NA,NA,NA,NA,NA,NA,NA,NA,NA,NA,NA,NA,NA,NA,NA,NA,NA,NA,NA,NA,NA,NA,NA,NA,NA,NA,NA,NA,NA,NA,NA,NA,NA,
000416,inclusion,0,0.0,NA,NA,NA,NA,NA,NA,NA,NA,NA,NA,NA,NA,NA,NA,NA,NA,NA,NA,NA,NA,NA,NA,NA,NA,NA,NA,NA,NA,NA,NA,NA,NA,NA,NA,NA,
000416,patches,4660,0.1165,0.975609756097561,0.9824115278660733,0.9876543209876543,0.9911277391769108,0.006801771768512377,0.8744588744588745,0.9101433296582139,0.03568445519933938,1.0,1.0,0.0,1.0,1.0,1.0,1.0,0.9348980162056441,0.9567674484317604,0.02186943222611637,1.0,1.0,0.0,1.0,1.0,1.0,1.0,0.9597262952101662,0.9747235387045814,0.014997243494415224,1.0,1.0,0.0,1.0,1.0,1.0,1.0,
000417,crazing,0,0.0,NA,NA,NA,NA,NA,NA,NA,NA,NA,NA,NA,NA,NA,NA,NA,NA,NA,NA,NA,NA,NA,NA,NA,NA,NA,NA,NA,NA,NA,NA,NA,NA,NA,NA,NA,
000417,inclusion,0,0.0,NA,NA,NA,NA,NA,NA,NA,NA,NA,NA,NA,NA,NA,NA,NA,NA,NA,NA,NA,NA,NA,NA,NA,NA,NA,NA,NA,NA,NA,NA,NA,NA,NA,NA,NA,
000417,patches,5196,0.1299,0.9875930521091811,0.9874069834001145,0.9937578027465668,0.993663594470046,-0.00018606870906667794,0.9255681818181818,0.9240867579908676,-0.0014814238273141989,1.0,1.0,0.0,1.0,1.0,1.0,1.0,0.9617834394904459,0.9607329842931938,-0.0010504551972521092,1.0,1.0,0.0,1.0,1.0,1.0,1.0,0.9754242246928028,0.9741531231642843,-0.0012711015285185034,1.0,1.0,0.0,1.0,1.0,1.0,1.0,
000418,crazing,0,0.0,NA,NA,NA,NA,NA,NA,NA,NA,NA,NA,NA,NA,NA,NA,NA,NA,NA,NA,NA,NA,NA,NA,NA,NA,NA,NA,NA,NA,NA,NA,NA,NA,NA,NA,NA,
000418,inclusion,0,0.0,NA,NA,NA,NA,NA,NA,NA,NA,NA,NA,NA,NA,NA,NA,NA,NA,NA,NA,NA,NA,NA,NA,NA,NA,NA,NA,NA,NA,NA,NA,NA,NA,NA,NA,NA,
000418,patches,4448,0.1112,0.9872654155495979,0.9806451612903225,0.9935919055649242,0.990228013029316,-0.006620254259275371,0.9316136772645471,0.8946135831381733,-0.03700009412637384,0.9993777224642191,0.9987593052109182,-0.000618417253300918,1.0,0.9987562189054726,0.9975216852540273,1.0,0.9648039518369868,0.9426229508196722,-0.022181001017314572,1.0,0.9987593052109182,-0.001240694789081842,1.0,1.0,0.9975216852540273,1.0,0.9759191571705009,0.9622160900021227,-0.013703067168378213,1.0,0.9987593052109182,-0.001240694789081842,1.0,1.0,0.9975216852540273,1.0,
000419,crazing,0,0.0,NA,NA,NA,NA,NA,NA,NA,NA,NA,NA,NA,NA,NA,NA,NA,NA,NA,NA,NA,NA,NA,NA,NA,NA,NA,NA,NA,NA,NA,NA,NA,NA,NA,NA,NA,
000419,inclusion,0,0.0,NA,NA,NA,NA,NA,NA,NA,NA,NA,NA,NA,NA,NA,NA,NA,NA,NA,NA,NA,NA,NA,NA,NA,NA,NA,NA,NA,NA,NA,NA,NA,NA,NA,NA,NA,
000419,patches,4411,0.110275,0.9827160493827161,0.9772117962466488,0.9912826899128269,0.9884745762711864,-0.005504253136067283,0.9142045454545454,0.8857625211029826,-0.028442024351562845,0.9982153480071385,0.9982153480071385,0.0,1.0,0.996437054631829,1.0,0.996437054631829,0.9555685472084186,0.9422066549912435,-0.013361892217175098,1.0,1.0,0.0,1.0,1.0,1.0,1.0,0.9699017199017199,0.959819598195982,-0.010082121705737968,1.0,1.0,0.0,1.0,1.0,1.0,1.0,
000420,crazing,0,0.0,NA,NA,NA,NA,NA,NA,NA,NA,NA,NA,NA,NA,NA,NA,NA,NA,NA,NA,NA,NA,NA,NA,NA,NA,NA,NA,NA,NA,NA,NA,NA,NA,NA,NA,NA,
000420,inclusion,0,0.0,NA,NA,NA,NA,NA,NA,NA,NA,NA,NA,NA,NA,NA,NA,NA,NA,NA,NA,NA,NA,NA,NA,NA,NA,NA,NA,NA,NA,NA,NA,NA,NA,NA,NA,NA,
000420,patches,3853,0.096325,0.9814671814671815,0.9775739041794088,0.990646921278254,0.988659793814433,-0.0038932772877726673,0.8918717375093214,0.8699485672299779,-0.02192317027934343,1.0,0.9968441681897635,-0.003155831810236487,1.0,1.0,0.9984251968503937,0.9952681388012619,0.9458109146810146,0.9318354912414318,-0.013975423439582801,1.0,1.0,0.0,1.0,1.0,1.0,1.0,0.9615692554043235,0.9504898067249139,-0.011079448679409576,1.0,1.0,0.0,1.0,1.0,1.0,1.0,
000421,crazing,0,0.0,NA,NA,NA,NA,NA,NA,NA,NA,NA,NA,NA,NA,NA,NA,NA,NA,NA,NA,NA,NA,NA,NA,NA,NA,NA,NA,NA,NA,NA,NA,NA,NA,NA,NA,NA,
000421,inclusion,0,0.0,NA,NA,NA,NA,NA,NA,NA,NA,NA,NA,NA,NA,NA,NA,NA,NA,NA,NA,NA,NA,NA,NA,NA,NA,NA,NA,NA,NA,NA,NA,NA,NA,NA,NA,NA,
000421,patches,3420,0.0855,0.9751013317892299,0.9670454545454545,0.9873937261800059,0.9832466782206817,-0.008055877243775322,0.8667699457784663,0.8242933537051184,-0.042476592073347974,1.0,1.0,0.0,1.0,1.0,1.0,1.0,0.9323943661971831,0.9098196392785571,-0.022574726918625942,1.0,1.0,0.0,1.0,1.0,1.0,1.0,0.9559386973180076,0.9407103825136612,-0.015228314804346388,1.0,1.0,0.0,1.0,1.0,1.0,1.0,
000422,crazing,0,0.0,NA,NA,NA,NA,NA,NA,NA,NA,NA,NA,NA,NA,NA,NA,NA,NA,NA,NA,NA,NA,NA,NA,NA,NA,NA,NA,NA,NA,NA,NA,NA,NA,NA,NA,NA,
000422,inclusion,0,0.0,NA,NA,NA,NA,NA,NA,NA,NA,NA,NA,NA,NA,NA,NA,NA,NA,NA,NA,NA,NA,NA,NA,NA,NA,NA,NA,NA,NA,NA,NA,NA,NA,NA,NA,NA,
000422,patches,3406,0.08515,0.9759141033081834,0.960930767020971,0.9878102511381994,0.9800761793143862,-0.014983336287212379,0.8586956521739131,0.7829888712241654,-0.0757067809497477,1.0,0.9973094170403588,-0.0026905829596411968,1.0,1.0,0.9946332737030411,1.0,0.9260869565217391,0.8851836217813424,-0.04090333474039676,1.0,1.0,0.0,1.0,1.0,1.0,1.0,0.9500443393437777,0.924840394660476,-0.025203944683301782,1.0,1.0,0.0,1.0,1.0,1.0,1.0,
000423,crazing,0,0.0,NA,NA,NA,NA,NA,NA,NA,NA,NA,NA,NA,NA,NA,NA,NA,NA,NA,NA,NA,NA,NA,NA,NA,NA,NA,NA,NA,NA,NA,NA,NA,NA,NA,NA,NA,
000423,inclusion,0,0.0,NA,NA,NA,NA,NA,NA,NA,NA,NA,NA,NA,NA,NA,NA,NA,NA,NA,NA,NA,NA,NA,NA,NA,NA,NA,NA,NA,NA,NA,NA,NA,NA,NA,NA,NA,
000423,patches,2534,0.06335,0.9703588143525741,0.9685314685314685,0.9849564528899446,0.9840142095914742,-0.0018273458211055527,0.8220338983050848,0.8066825775656324,-0.015351320739452334,1.0,0.9986577181208054,-0.0013422818791946067,1.0,1.0,0.9973190348525469,1.0,0.9123480486244402,0.900695762175838,-0.011652286448602167,1.0,1.0,0.0,1.0,1.0,1.0,1.0,0.9414591524683268,0.9333044608055435,-0.008154691662783264,1.0,1.0,0.0,1.0,1.0,1.0,1.0,
000424,crazing,0,0.0,NA,NA,NA,NA,NA,NA,NA,NA,NA,NA,NA,NA,NA,NA,NA,NA,NA,NA,NA,NA,NA,NA,NA,NA,NA,NA,NA,NA,NA,NA,NA,NA,NA,NA,NA,
000424,inclusion,0,0.0,NA,NA,NA,NA,NA,NA,NA,NA,NA,NA,NA,NA,NA,NA,NA,NA,NA,NA,NA,NA,NA,NA,NA,NA,NA,NA,NA,NA,NA,NA,NA,NA,NA,NA,NA,
000424,patches,760,0.019,0.9557291666666666,0.9765625,0.9773635153129161,0.9881422924901185,0.02083333333333337,0.89,0.9380378657487092,0.04803786574870916,0.9981981981981982,1.0,0.0018018018018017834,1.0,0.9964028776978417,1.0,1.0,0.9455017301038062,0.9700967458223395,0.024595015718533286,1.0,1.0,0.0,1.0,1.0,1.0,1.0,0.9654959950708565,0.9801118707271598,0.01461587565630329,1.0,1.0,0.0,1.0,1.0,1.0,1.0,
000425,crazing,0,0.0,NA,NA,NA,NA,NA,NA,NA,NA,NA,NA,NA,NA,NA,NA,NA,NA,NA,NA,NA,NA,NA,NA,NA,NA,NA,NA,NA,NA,NA,NA,NA,NA,NA,NA,NA,
000425,inclusion,0,0.0,NA,NA,NA,NA,NA,NA,NA,NA,NA,NA,NA,NA,NA,NA,NA,NA,NA,NA,NA,NA,NA,NA,NA,NA,NA,NA,NA,NA,NA,NA,NA,NA,NA,NA,NA,
000425,patches,5132,0.1283,0.9641638225255973,0.9662009063444109,0.9817549956559514,0.982809949102084,0.002037083818813623,0.8063200815494393,0.8185071574642127,0.012187075914773304,1.0,1.0,0.0,1.0,1.0,1.0,1.0,0.8986595174262735,0.9050938337801608,0.006434316353887359,1.0,1.0,0.0,1.0,1.0,1.0,1.0,0.9315367807720321,0.9350672971989814,0.0035305164269493483,1.0,1.0,0.0,1.0,1.0,1.0,1.0,
000426,crazing,0,0.0,NA,NA,NA,NA,NA,NA,NA,NA,NA,NA,NA,NA,NA,NA,NA,NA,NA,NA,NA,NA,NA,NA,NA,NA,NA,NA,NA,NA,NA,NA,NA,NA,NA,NA,NA,
000426,inclusion,0,0.0,NA,NA,NA,NA,NA,NA,NA,NA,NA,NA,NA,NA,NA,NA,NA,NA,NA,NA,NA,NA,NA,NA,NA,NA,NA,NA,NA,NA,NA,NA,NA,NA,NA,NA,NA,
000426,patches,1565,0.039125,0.949906073888541,0.9478527607361963,0.9743095696852923,0.9732283464566929,-0.0020533131523446935,0.8682295877122069,0.8646677471636953,-0.003561840548511608,1.0,0.9947460595446584,-0.005253940455341555,1.0,1.0,0.9982425307557118,0.9912739965095986,0.9344262295081968,0.9325463743676222,-0.0018798551405745378,1.0,0.9991266375545852,-0.0008733624454148048,1.0,1.0,1.0,0.9982547993019197,0.9671476819158735,0.970290964777948,0.003143282862074437,1.0,1.0,0.0,1.0,1.0,1.0,1.0,
000427,crazing,0,0.0,NA,NA,NA,NA,NA,NA,NA,NA,NA,NA,NA,NA,NA,NA,NA,NA,NA,NA,NA,NA,NA,NA,NA,NA,NA,NA,NA,NA,NA,NA,NA,NA,NA,NA,NA,
000427,inclusion,0,0.0,NA,NA,NA,NA,NA,NA,NA,NA,NA,NA,NA,NA,NA,NA,NA,NA,NA,NA,NA,NA,NA,NA,NA,NA,NA,NA,NA,NA,NA,NA,NA,NA,NA,NA,NA,
000427,patches,1488,0.0372,0.984778292521509,0.980883322346737,0.9923307769256419,0.9903494176372712,-0.0038949701747719168,0.9463869463869464,0.9328703703703703,-0.013516576016576076,1.0,1.0,0.0,1.0,1.0,1.0,1.0,0.9728292971057295,0.9658622719246616,-0.006967025181067954,1.0,1.0,0.0,1.0,1.0,1.0,1.0,0.9841269841269841,0.9794059405940594,-0.004721043532924685,1.0,1.0,0.0,1.0,1.0,1.0,1.0,
000428,crazing,0,0.0,NA,NA,NA,NA,NA,NA,NA,NA,NA,NA,NA,NA,NA,NA,NA,NA,NA,NA,NA,NA,NA,NA,NA,NA,NA,NA,NA,NA,NA,NA,NA,NA,NA,NA,NA,
000428,inclusion,0,0.0,NA,NA,NA,NA,NA,NA,NA,NA,NA,NA,NA,NA,NA,NA,NA,NA,NA,NA,NA,NA,NA,NA,NA,NA,NA,NA,NA,NA,NA,NA,NA,NA,NA,NA,NA,
000428,patches,1285,0.032125,0.9892058596761758,0.9891808346213292,0.9945736434108527,0.9945609945609946,-2.5025054846583572e-05,0.9652278177458034,0.9663461538461539,0.0011183361003505032,1.0,1.0,0.0,1.0,1.0,1.0,1.0,0.9812348668280871,0.9830097087378641,0.0017748419097769474,1.0,1.0,0.0,1.0,1.0,1.0,1.0,0.9871953738124741,0.9900662251655629,0.0028708513530887325,1.0,1.0,0.0,1.0,1.0,1.0,1.0,
000429,crazing,0,0.0,NA,NA,NA,NA,NA,NA,NA,NA,NA,NA,NA,NA,NA,NA,NA,NA,NA,NA,NA,NA,NA,NA,NA,NA,NA,NA,NA,NA,NA,NA,NA,NA,NA,NA,NA,
000429,inclusion,0,0.0,NA,NA,NA,NA,NA,NA,NA,NA,NA,NA,NA,NA,NA,NA,NA,NA,NA,NA,NA,NA,NA,NA,NA,NA,NA,NA,NA,NA,NA,NA,NA,NA,NA,NA,NA,
000429,patches,1535,0.038375,0.9922330097087378,0.9800128949065119,0.9961013645224172,0.9899055682188213,-0.012220114802225956,0.971764705882353,0.9290617848970252,-0.0427029209853278,1.0,1.0,0.0,1.0,1.0,1.0,1.0,0.985781990521327,0.9627039627039627,-0.023078027817364233,1.0,1.0,0.0,1.0,1.0,1.0,1.0,0.9900990099009901,0.974559686888454,-0.015539323012536133,1.0,1.0,0.0,1.0,1.0,1.0,1.0,
000430,crazing,0,0.0,NA,NA,NA,NA,NA,NA,NA,NA,NA,NA,NA,NA,NA,NA,NA,NA,NA,NA,NA,NA,NA,NA,NA,NA,NA,NA,NA,NA,NA,NA,NA,NA,NA,NA,NA,
000430,inclusion,0,0.0,NA,NA,NA,NA,NA,NA,NA,NA,NA,NA,NA,NA,NA,NA,NA,NA,NA,NA,NA,NA,NA,NA,NA,NA,NA,NA,NA,NA,NA,NA,NA,NA,NA,NA,NA,
000430,patches,1299,0.032475,0.9824561403508771,0.982442748091603,0.9911504424778761,0.9911436272622256,-1.3392259274103147e-05,0.9476082004555809,0.9475484606613455,-5.973979423545828e-05,1.0,1.0,0.0,1.0,1.0,1.0,1.0,0.9757085020242915,0.9734257654534951,-0.002282736570796362,1.0,1.0,0.0,1.0,1.0,1.0,1.0,0.9868787276341948,0.9868891537544696,1.0426120274797945e-05,1.0,1.0,0.0,1.0,1.0,1.0,1.0,
000431,crazing,0,0.0,NA,NA,NA,NA,NA,NA,NA,NA,NA,NA,NA,NA,NA,NA,NA,NA,NA,NA,NA,NA,NA,NA,NA,NA,NA,NA,NA,NA,NA,NA,NA,NA,NA,NA,NA,
000431,inclusion,0,0.0,NA,NA,NA,NA,NA,NA,NA,NA,NA,NA,NA,NA,NA,NA,NA,NA,NA,NA,NA,NA,NA,NA,NA,NA,NA,NA,NA,NA,NA,NA,NA,NA,NA,NA,NA,
000431,patches,1346,0.03365,0.9824046920821115,0.9662356321839081,0.9911242603550295,0.9828279137742053,-0.016169059898203386,0.9455782312925171,0.8965896589658966,-0.04898857232662046,1.0,1.0,0.0,1.0,1.0,1.0,1.0,0.9724137931034482,0.9469226425748165,-0.025491150528631712,1.0,1.0,0.0,1.0,1.0,1.0,1.0,0.985634477254589,0.9689098780007871,-0.016724599253801875,1.0,1.0,0.0,1.0,1.0,1.0,1.0,
000432,crazing,0,0.0,NA,NA,NA,NA,NA,NA,NA,NA,NA,NA,NA,NA,NA,NA,NA,NA,NA,NA,NA,NA,NA,NA,NA,NA,NA,NA,NA,NA,NA,NA,NA,NA,NA,NA,NA,
000432,inclusion,0,0.0,NA,NA,NA,NA,NA,NA,NA,NA,NA,NA,NA,NA,NA,NA,NA,NA,NA,NA,NA,NA,NA,NA,NA,NA,NA,NA,NA,NA,NA,NA,NA,NA,NA,NA,NA,
000432,patches,2117,0.052925,0.9490032452480297,0.9677567941040995,0.9738344433872502,0.9836142322097379,0.018753548856069835,0.8650306748466258,0.9130434782608695,0.04801280341424374,1.0,1.0,0.0,1.0,1.0,1.0,1.0,0.9364773820981713,0.9572400388726919,0.020762656774520605,1.0,1.0,0.0,1.0,1.0,1.0,1.0,0.9676150821188989,0.979176307265155,0.011561225146256127,1.0,1.0,0.0,1.0,1.0,1.0,1.0,
000433,crazing,0,0.0,NA,NA,NA,NA,NA,NA,NA,NA,NA,NA,NA,NA,NA,NA,NA,NA,NA,NA,NA,NA,NA,NA,NA,NA,NA,NA,NA,NA,NA,NA,NA,NA,NA,NA,NA,
000433,inclusion,0,0.0,NA,NA,NA,NA,NA,NA,NA,NA,NA,NA,NA,NA,NA,NA,NA,NA,NA,NA,NA,NA,NA,NA,NA,NA,NA,NA,NA,NA,NA,NA,NA,NA,NA,NA,NA,
000433,patches,6443,0.161075,0.9925914492977311,0.9947490347490348,0.996281951975213,0.9973676060699908,0.002157585451303623,0.8931383577052868,0.9221967963386728,0.029058438633385975,1.0,1.0,0.0,1.0,1.0,1.0,1.0,0.9484655471916619,0.9603035610040864,0.011838013812424553,1.0,1.0,0.0,1.0,1.0,1.0,1.0,0.9664455715957861,0.9725490196078431,0.006103448012056978,1.0,1.0,0.0,1.0,1.0,1.0,1.0,
000434,crazing,0,0.0,NA,NA,NA,NA,NA,NA,NA,NA,NA,NA,NA,NA,NA,NA,NA,NA,NA,NA,NA,NA,NA,NA,NA,NA,NA,NA,NA,NA,NA,NA,NA,NA,NA,NA,NA,
000434,inclusion,0,0.0,NA,NA,NA,NA,NA,NA,NA,NA,NA,NA,NA,NA,NA,NA,NA,NA,NA,NA,NA,NA,NA,NA,NA,NA,NA,NA,NA,NA,NA,NA,NA,NA,NA,NA,NA,
000434,patches,5904,0.1476,0.9971230326620409,0.9962862930452397,0.9985594441149055,0.9981396922036191,-0.0008367396168011965,0.96,0.9487776484284052,-0.01122235157159479,1.0,1.0,0.0,1.0,1.0,1.0,1.0,0.9797979797979798,0.9734669811320755,-0.006330998665904253,1.0,1.0,0.0,1.0,1.0,1.0,1.0,0.9864864864864865,0.9818253654681944,-0.00466112101829208,1.0,1.0,0.0,1.0,1.0,1.0,1.0,
000435,crazing,0,0.0,NA,NA,NA,NA,NA,NA,NA,NA,NA,NA,NA,NA,NA,NA,NA,NA,NA,NA,NA,NA,NA,NA,NA,NA,NA,NA,NA,NA,NA,NA,NA,NA,NA,NA,NA,
000435,inclusion,0,0.0,NA,NA,NA,NA,NA,NA,NA,NA,NA,NA,NA,NA,NA,NA,NA,NA,NA,NA,NA,NA,NA,NA,NA,NA,NA,NA,NA,NA,NA,NA,NA,NA,NA,NA,NA,
000435,patches,5802,0.14505,0.9955280357757138,0.9934741542160398,0.9977590070677469,0.9967263955892488,-0.002053881559674009,0.9427917620137299,0.9150622876557192,-0.027729474358010764,1.0,1.0,0.0,1.0,1.0,1.0,1.0,0.9726902963393376,0.9577056778679026,-0.014984618471434952,1.0,1.0,0.0,1.0,1.0,1.0,1.0,0.9812938425565082,0.971183800623053,-0.010110041933455216,1.0,1.0,0.0,1.0,1.0,1.0,1.0,
000436,crazing,0,0.0,NA,NA,NA,NA,NA,NA,NA,NA,NA,NA,NA,NA,NA,NA,NA,NA,NA,NA,NA,NA,NA,NA,NA,NA,NA,NA,NA,NA,NA,NA,NA,NA,NA,NA,NA,
000436,inclusion,0,0.0,NA,NA,NA,NA,NA,NA,NA,NA,NA,NA,NA,NA,NA,NA,NA,NA,NA,NA,NA,NA,NA,NA,NA,NA,NA,NA,NA,NA,NA,NA,NA,NA,NA,NA,NA,
000436,patches,5506,0.13765,0.9956458635703919,0.9954792043399638,0.9978181818181818,0.9977344811961939,-0.00016665923042802344,0.9446366782006921,0.9425947187141217,-0.002041959486570377,1.0,1.0,0.0,1.0,1.0,1.0,1.0,0.9719298245614035,0.9714452214452215,-0.00048460311618203633,1.0,1.0,0.0,1.0,1.0,1.0,1.0,0.9807918463347707,0.9808369182635901,4.5071928819417906e-05,1.0,1.0,0.0,1.0,1.0,1.0,1.0,
000437,crazing,0,0.0,NA,NA,NA,NA,NA,NA,NA,NA,NA,NA,NA,NA,NA,NA,NA,NA,NA,NA,NA,NA,NA,NA,NA,NA,NA,NA,NA,NA,NA,NA,NA,NA,NA,NA,NA,
000437,inclusion,0,0.0,NA,NA,NA,NA,NA,NA,NA,NA,NA,NA,NA,NA,NA,NA,NA,NA,NA,NA,NA,NA,NA,NA,NA,NA,NA,NA,NA,NA,NA,NA,NA,NA,NA,NA,NA,
000437,patches,5715,0.142875,0.991485664639444,0.9927007299270073,0.9957246313585202,0.9963369963369964,0.0012150652875633217,0.8923418423973363,0.90625,0.013908157602663729,1.0,1.0,0.0,1.0,1.0,1.0,1.0,0.9490263459335624,0.9541809851088202,0.005154639175257825,1.0,1.0,0.0,1.0,1.0,1.0,1.0,0.9683153013910355,0.9710536472404477,0.002738345849412238,1.0,1.0,0.0,1.0,1.0,1.0,1.0,
000438,crazing,0,0.0,NA,NA,NA,NA,NA,NA,NA,NA,NA,NA,NA,NA,NA,NA,NA,NA,NA,NA,NA,NA,NA,NA,NA,NA,NA,NA,NA,NA,NA,NA,NA,NA,NA,NA,NA,
000438,inclusion,0,0.0,NA,NA,NA,NA,NA,NA,NA,NA,NA,NA,NA,NA,NA,NA,NA,NA,NA,NA,NA,NA,NA,NA,NA,NA,NA,NA,NA,NA,NA,NA,NA,NA,NA,NA,NA,
000438,patches,5567,0.139175,0.99125,0.9922925255422118,0.9956057752667922,0.9961313540260909,0.0010425255422118473,0.8920134983127109,0.90304396843292,0.01103047012020908,0.9976359338061466,1.0,0.0023640661938534313,1.0,0.9952830188679245,1.0,1.0,0.9466975666280417,0.9497109826589596,0.0030134160309178704,1.0,1.0,0.0,1.0,1.0,1.0,1.0,0.9667838999609223,0.9673024523160763,0.0005185523551539672,1.0,1.0,0.0,1.0,1.0,1.0,1.0,
000439,crazing,0,0.0,NA,NA,NA,NA,NA,NA,NA,NA,NA,NA,NA,NA,NA,NA,NA,NA,NA,NA,NA,NA,NA,NA,NA,NA,NA,NA,NA,NA,NA,NA,NA,NA,NA,NA,NA,
000439,inclusion,0,0.0,NA,NA,NA,NA,NA,NA,NA,NA,NA,NA,NA,NA,NA,NA,NA,NA,NA,NA,NA,NA,NA,NA,NA,NA,NA,NA,NA,NA,NA,NA,NA,NA,NA,NA,NA,
000439,patches,5819,0.145475,0.9907565902088326,0.9931530297843204,0.9953568357695615,0.9965647543799382,0.002396439575487852,0.9021937842778793,0.9269870609981515,0.024793276720272206,1.0,1.0,0.0,1.0,1.0,1.0,1.0,0.9517502365184485,0.9639468690702088,0.01219663255176029,1.0,1.0,0.0,1.0,1.0,1.0,1.0,0.9683833116036505,0.9777922926192031,0.009408981015552542,1.0,1.0,0.0,1.0,1.0,1.0,1.0,
000440,crazing,0,0.0,NA,NA,NA,NA,NA,NA,NA,NA,NA,NA,NA,NA,NA,NA,NA,NA,NA,NA,NA,NA,NA,NA,NA,NA,NA,NA,NA,NA,NA,NA,NA,NA,NA,NA,NA,
000440,inclusion,0,0.0,NA,NA,NA,NA,NA,NA,NA,NA,NA,NA,NA,NA,NA,NA,NA,NA,NA,NA,NA,NA,NA,NA,NA,NA,NA,NA,NA,NA,NA,NA,NA,NA,NA,NA,NA,
000440,patches,6175,0.154375,0.996125282531482,0.9946782776971457,0.9980588806211582,0.9973320397768615,-0.0014470048343363517,0.9601301871440195,0.9466882067851373,-0.013441980358882222,1.0,1.0,0.0,1.0,1.0,1.0,1.0,0.9790180444817457,0.972396486825596,-0.00662155765614969,1.0,1.0,0.0,1.0,1.0,1.0,1.0,0.9870167339873053,0.9818809318377912,-0.005135802149514035,1.0,1.0,0.0,1.0,1.0,1.0,1.0,
000441,crazing,0,0.0,NA,NA,NA,NA,NA,NA,NA,NA,NA,NA,NA,NA,NA,NA,NA,NA,NA,NA,NA,NA,NA,NA,NA,NA,NA,NA,NA,NA,NA,NA,NA,NA,NA,NA,NA,
000441,inclusion,0,0.0,NA,NA,NA,NA,NA,NA,NA,NA,NA,NA,NA,NA,NA,NA,NA,NA,NA,NA,NA,NA,NA,NA,NA,NA,NA,NA,NA,NA,NA,NA,NA,NA,NA,NA,NA,
000441,patches,7001,0.175025,0.9764177428411005,0.9751124859392576,0.9880681818181818,0.9873994447212928,-0.0013052569018429105,0.867061143984221,0.861904761904762,-0.00515638207945901,0.9935924441247513,0.9978468567540508,0.004254412629299487,0.9914893617021276,0.9957044673539519,0.9991334488734835,0.9965635738831615,0.9335266100641955,0.9309121269046128,-0.002614483159582681,0.9982949701619779,1.0,0.0017050298380221207,0.9965957446808511,1.0,1.0,1.0,0.9534175010883762,0.9514548910659453,-0.0019626100224309218,0.9995742869306087,1.0,0.00042571306939132025,0.9991489361702127,1.0,1.0,1.0,
000442,crazing,0,0.0,NA,NA,NA,NA,NA,NA,NA,NA,NA,NA,NA,NA,NA,NA,NA,NA,NA,NA,NA,NA,NA,NA,NA,NA,NA,NA,NA,NA,NA,NA,NA,NA,NA,NA,NA,
000442,inclusion,0,0.0,NA,NA,NA,NA,NA,NA,NA,NA,NA,NA,NA,NA,NA,NA,NA,NA,NA,NA,NA,NA,NA,NA,NA,NA,NA,NA,NA,NA,NA,NA,NA,NA,NA,NA,NA,
000442,patches,5470,0.13675,0.9892960812772134,0.9930858806404658,0.9946192430460556,0.9965309475990506,0.0037897993632524107,0.9326424870466321,0.9556592765460911,0.023016789499458956,1.0,1.0,0.0,1.0,1.0,1.0,1.0,0.9657293497363796,0.9787359716479622,0.013006621911582639,1.0,1.0,0.0,1.0,1.0,1.0,1.0,0.9794912246105305,0.9863501483679525,0.006858923757422031,1.0,1.0,0.0,1.0,1.0,1.0,1.0,
000443,crazing,0,0.0,NA,NA,NA,NA,NA,NA,NA,NA,NA,NA,NA,NA,NA,NA,NA,NA,NA,NA,NA,NA,NA,NA,NA,NA,NA,NA,NA,NA,NA,NA,NA,NA,NA,NA,NA,
000443,inclusion,0,0.0,NA,NA,NA,NA,NA,NA,NA,NA,NA,NA,NA,NA,NA,NA,NA,NA,NA,NA,NA,NA,NA,NA,NA,NA,NA,NA,NA,NA,NA,NA,NA,NA,NA,NA,NA,
000443,patches,5507,0.137675,0.9797454740993009,0.9860885275519422,0.9897691263014939,0.9929955426180297,0.006343053452641301,0.8743746525847693,0.9117312072892938,0.03735655470452448,1.0,0.998211091234347,-0.0017889087656529634,1.0,1.0,1.0,0.9964285714285714,0.9342709529276694,0.9545454545454546,0.020274501617785212,1.0,1.0,0.0,1.0,1.0,1.0,1.0,0.9550822846079381,0.9688601645123385,0.01377787990440038,1.0,1.0,0.0,1.0,1.0,1.0,1.0,
000444,crazing,0,0.0,NA,NA,NA,NA,NA,NA,NA,NA,NA,NA,NA,NA,NA,NA,NA,NA,NA,NA,NA,NA,NA,NA,NA,NA,NA,NA,NA,NA,NA,NA,NA,NA,NA,NA,NA,
000444,inclusion,0,0.0,NA,NA,NA,NA,NA,NA,NA,NA,NA,NA,NA,NA,NA,NA,NA,NA,NA,NA,NA,NA,NA,NA,NA,NA,NA,NA,NA,NA,NA,NA,NA,NA,NA,NA,NA,
000444,patches,5492,0.1373,0.9912917271407837,0.9907407407407407,0.9956268221574344,0.9953488372093023,-0.0005509864000430298,0.9433411214953271,0.9402460456942003,-0.0030950758011267787,1.0,1.0,0.0,1.0,1.0,1.0,1.0,0.9709629629629629,0.9699583581201666,-0.0010046048427962972,1.0,1.0,0.0,1.0,1.0,1.0,1.0,0.9805401111993646,0.9798644338118022,-0.0006756773875623567,1.0,1.0,0.0,1.0,1.0,1.0,1.0,
000445,crazing,0,0.0,NA,NA,NA,NA,NA,NA,NA,NA,NA,NA,NA,NA,NA,NA,NA,NA,NA,NA,NA,NA,NA,NA,NA,NA,NA,NA,NA,NA,NA,NA,NA,NA,NA,NA,NA,
000445,inclusion,0,0.0,NA,NA,NA,NA,NA,NA,NA,NA,NA,NA,NA,NA,NA,NA,NA,NA,NA,NA,NA,NA,NA,NA,NA,NA,NA,NA,NA,NA,NA,NA,NA,NA,NA,NA,NA,
000445,patches,4954,0.12385,0.9884069558265041,0.9883953581432573,0.9941696823482107,0.9941638156570739,-1.1597683246766799e-05,0.9331797235023042,0.937066974595843,0.003887251093538824,1.0,0.9988066825775657,-0.0011933174224343368,1.0,1.0,1.0,0.9976162097735399,0.966832990901086,0.9700176366843033,0.0031846457832173103,1.0,1.0,0.0,1.0,1.0,1.0,1.0,0.9776134319408355,0.9812,0.0035865680591644633,1.0,1.0,0.0,1.0,1.0,1.0,1.0,
000446,crazing,0,0.0,NA,NA,NA,NA,NA,NA,NA,NA,NA,NA,NA,NA,NA,NA,NA,NA,NA,NA,NA,NA,NA,NA,NA,NA,NA,NA,NA,NA,NA,NA,NA,NA,NA,NA,NA,
000446,inclusion,0,0.0,NA,NA,NA,NA,NA,NA,NA,NA,NA,NA,NA,NA,NA,NA,NA,NA,NA,NA,NA,NA,NA,NA,NA,NA,NA,NA,NA,NA,NA,NA,NA,NA,NA,NA,NA,
000446,patches,4318,0.10795,0.9818349045757645,0.9855901189387009,0.9908342035038867,0.9927427715700956,0.0037552143629363544,0.9025316455696203,0.9201277955271565,0.017596149957536222,1.0,1.0,0.0,1.0,1.0,1.0,1.0,0.9514341590612777,0.9603798297314997,0.008945670670222006,1.0,1.0,0.0,1.0,1.0,1.0,1.0,0.9666288308740069,0.9733485193621868,0.006719688488179942,1.0,1.0,0.0,1.0,1.0,1.0,1.0,
000447,crazing,0,0.0,NA,NA,NA,NA,NA,NA,NA,NA,NA,NA,NA,NA,NA,NA,NA,NA,NA,NA,NA,NA,NA,NA,NA,NA,NA,NA,NA,NA,NA,NA,NA,NA,NA,NA,NA,
000447,inclusion,0,0.0,NA,NA,NA,NA,NA,NA,NA,NA,NA,NA,NA,NA,NA,NA,NA,NA,NA,NA,NA,NA,NA,NA,NA,NA,NA,NA,NA,NA,NA,NA,NA,NA,NA,NA,NA,
000447,patches,4301,0.107525,0.9842738205365402,0.9850677693544682,0.992074592074592,0.9924777224858234,0.0007939488179279364,0.9109311740890689,0.9123398516520567,0.0014086775629877923,1.0,1.0,0.0,1.0,1.0,1.0,1.0,0.9546869595295745,0.9544198895027625,-0.00026707002681203296,1.0,1.0,0.0,1.0,1.0,1.0,1.0,0.9688995215311005,0.9680038204393505,-0.0008957010917499675,1.0,1.0,0.0,1.0,1.0,1.0,1.0,
000448,crazing,0,0.0,NA,NA,NA,NA,NA,NA,NA,NA,NA,NA,NA,NA,NA,NA,NA,NA,NA,NA,NA,NA,NA,NA,NA,NA,NA,NA,NA,NA,NA,NA,NA,NA,NA,NA,NA,
000448,inclusion,0,0.0,NA,NA,NA,NA,NA,NA,NA,NA,NA,NA,NA,NA,NA,NA,NA,NA,NA,NA,NA,NA,NA,NA,NA,NA,NA,NA,NA,NA,NA,NA,NA,NA,NA,NA,NA,
000448,patches,4200,0.105,0.9877097612857481,0.9895734597156398,0.9938168846611177,0.9947594092424964,0.001863698429891758,0.9355888093689004,0.9445169712793734,0.008928161910472965,1.0,1.0,0.0,1.0,1.0,1.0,1.0,0.9702639492148346,0.9755934470076897,0.005329497792855076,1.0,1.0,0.0,1.0,1.0,1.0,1.0,0.9806481697365353,0.9857709353860509,0.005122765649515526,1.0,1.0,0.0,1.0,1.0,1.0,1.0,
000449,crazing,0,0.0,NA,NA,NA,NA,NA,NA,NA,NA,NA,NA,NA,NA,NA,NA,NA,NA,NA,NA,NA,NA,NA,NA,NA,NA,NA,NA,NA,NA,NA,NA,NA,NA,NA,NA,NA,
000449,inclusion,0,0.0,NA,NA,NA,NA,NA,NA,NA,NA,NA,NA,NA,NA,NA,NA,NA,NA,NA,NA,NA,NA,NA,NA,NA,NA,NA,NA,NA,NA,NA,NA,NA,NA,NA,NA,NA,
000449,patches,4195,0.104875,0.969499417927823,0.9741319039850851,0.9845135358789455,0.986896470310471,0.004632486057262075,0.7786324786324786,0.8054338299737073,0.02680135134122863,0.9836971715371265,0.9797894413279029,-0.0039077302092236366,0.998046875,0.9697542533081286,0.9960159362549801,0.9640831758034026,0.8838060384263495,0.8942486085343229,0.010442570107973337,0.988527724665392,0.9875598086124402,-0.0009679160529517672,1.0,0.9773156899810964,1.0,0.9754253308128544,0.9186813186813186,0.9258789990497308,0.007197680368412174,0.9914204003813154,0.9942965779467681,0.0028761775654526645,1.0,0.9829867674858223,1.0,0.9886578449905482,
000450,crazing,0,0.0,NA,NA,NA,NA,NA,NA,NA,NA,NA,NA,NA,NA,NA,NA,NA,NA,NA,NA,NA,NA,NA,NA,NA,NA,NA,NA,NA,NA,NA,NA,NA,NA,NA,NA,NA,
000450,inclusion,0,0.0,NA,NA,NA,NA,NA,NA,NA,NA,NA,NA,NA,NA,NA,NA,NA,NA,NA,NA,NA,NA,NA,NA,NA,NA,NA,NA,NA,NA,NA,NA,NA,NA,NA,NA,NA,
000450,patches,1289,0.032225,0.9785276073619632,0.9853846153846154,0.9891472868217054,0.9926385122045719,0.006857008022652211,0.9414225941422594,0.9608879492600423,0.019465355117782912,1.0,1.0,0.0,1.0,1.0,1.0,1.0,0.9707602339181286,0.9807589524318546,0.009998718513726024,1.0,1.0,0.0,1.0,1.0,1.0,1.0,0.9856564913571166,0.9889421304828603,0.0032856391257436446,1.0,1.0,0.0,1.0,1.0,1.0,1.0,
000451,crazing,0,0.0,NA,NA,NA,NA,NA,NA,NA,NA,NA,NA,NA,NA,NA,NA,NA,NA,NA,NA,NA,NA,NA,NA,NA,NA,NA,NA,NA,NA,NA,NA,NA,NA,NA,NA,NA,
000451,inclusion,0,0.0,NA,NA,NA,NA,NA,NA,NA,NA,NA,NA,NA,NA,NA,NA,NA,NA,NA,NA,NA,NA,NA,NA,NA,NA,NA,NA,NA,NA,NA,NA,NA,NA,NA,NA,NA,
000451,patches,3522,0.08805,0.9949095022624435,0.9934807256235828,0.9974482563084774,0.996729702829518,-0.0014287766388606515,0.9681857265692175,0.9605826906598115,-0.007603035909406031,1.0,1.0,0.0,1.0,1.0,1.0,1.0,0.9835283918508886,0.9805194805194806,-0.003008911331408015,1.0,1.0,0.0,1.0,1.0,1.0,1.0,0.9892159720198193,0.9877586709414165,-0.0014573010784028062,1.0,1.0,0.0,1.0,1.0,1.0,1.0,
000452,crazing,0,0.0,NA,NA,NA,NA,NA,NA,NA,NA,NA,NA,NA,NA,NA,NA,NA,NA,NA,NA,NA,NA,NA,NA,NA,NA,NA,NA,NA,NA,NA,NA,NA,NA,NA,NA,NA,
000452,inclusion,0,0.0,NA,NA,NA,NA,NA,NA,NA,NA,NA,NA,NA,NA,NA,NA,NA,NA,NA,NA,NA,NA,NA,NA,NA,NA,NA,NA,NA,NA,NA,NA,NA,NA,NA,NA,NA,
000452,patches,3599,0.089975,0.9881705639614855,0.9950166112956811,0.9940500899405009,0.9975020815986678,0.006846047334195582,0.9308641975308642,0.9679595278246206,0.037095330293756335,0.9948096885813149,1.0,0.00519031141868509,0.9896729776247849,1.0,1.0,1.0,0.9647503147293328,0.9829787234042553,0.01822840867492248,0.9982758620689656,1.0,0.0017241379310344307,0.9965576592082617,1.0,1.0,1.0,0.9740827023878859,0.9873492203589291,0.013266517971043279,1.0,1.0,0.0,1.0,1.0,1.0,1.0,
000453,crazing,0,0.0,NA,NA,NA,NA,NA,NA,NA,NA,NA,NA,NA,NA,NA,NA,NA,NA,NA,NA,NA,NA,NA,NA,NA,NA,NA,NA,NA,NA,NA,NA,NA,NA,NA,NA,NA,
000453,inclusion,0,0.0,NA,NA,NA,NA,NA,NA,NA,NA,NA,NA,NA,NA,NA,NA,NA,NA,NA,NA,NA,NA,NA,NA,NA,NA,NA,NA,NA,NA,NA,NA,NA,NA,NA,NA,NA,
000453,patches,1496,0.0374,0.9840954274353877,0.9801718440185063,0.9919839679358717,0.9899866488651535,-0.003923583416881371,0.9634247714048213,0.9496284062758051,-0.013796365129016164,1.0,1.0,0.0,1.0,1.0,1.0,1.0,0.981044650379107,0.972734899328859,-0.008309751050248004,1.0,1.0,0.0,1.0,1.0,1.0,1.0,0.9903643480879253,0.9849894926448514,-0.005374855443073923,1.0,1.0,0.0,1.0,1.0,1.0,1.0,
000454,crazing,0,0.0,NA,NA,NA,NA,NA,NA,NA,NA,NA,NA,NA,NA,NA,NA,NA,NA,NA,NA,NA,NA,NA,NA,NA,NA,NA,NA,NA,NA,NA,NA,NA,NA,NA,NA,NA,
000454,inclusion,0,0.0,NA,NA,NA,NA,NA,NA,NA,NA,NA,NA,NA,NA,NA,NA,NA,NA,NA,NA,NA,NA,NA,NA,NA,NA,NA,NA,NA,NA,NA,NA,NA,NA,NA,NA,NA,
000454,patches,1986,0.04965,0.9770114942528736,0.9693372898120672,0.9883720930232558,0.9844299347061778,-0.007674204440806354,0.9434889434889435,0.9230769230769231,-0.020412020412020393,0.9993610223642173,0.9987212276214833,-0.0006397947427340123,1.0,0.9987228607918263,1.0,0.9974457215836526,0.9710418633931381,0.9594510293200249,-0.011590834073113232,1.0,1.0,0.0,1.0,1.0,1.0,1.0,0.9809063722107201,0.9733242134062927,-0.0075821588044273636,1.0,1.0,0.0,1.0,1.0,1.0,1.0,
000455,crazing,0,0.0,NA,NA,NA,NA,NA,NA,NA,NA,NA,NA,NA,NA,NA,NA,NA,NA,NA,NA,NA,NA,NA,NA,NA,NA,NA,NA,NA,NA,NA,NA,NA,NA,NA,NA,NA,
000455,inclusion,0,0.0,NA,NA,NA,NA,NA,NA,NA,NA,NA,NA,NA,NA,NA,NA,NA,NA,NA,NA,NA,NA,NA,NA,NA,NA,NA,NA,NA,NA,NA,NA,NA,NA,NA,NA,NA,
000455,patches,4882,0.12205,0.9904237978810106,0.9914547304170905,0.9951888627290408,0.9957090314671025,0.001030932536079887,0.9515685195376995,0.9565217391304348,0.004953219592735314,1.0,1.0,0.0,1.0,1.0,1.0,1.0,0.9756234239282712,0.9781634938409854,0.002540069912714271,1.0,1.0,0.0,1.0,1.0,1.0,1.0,0.9838899803536346,0.9866509619159796,0.002760981562344944,1.0,1.0,0.0,1.0,1.0,1.0,1.0,
000456,crazing,0,0.0,NA,NA,NA,NA,NA,NA,NA,NA,NA,NA,NA,NA,NA,NA,NA,NA,NA,NA,NA,NA,NA,NA,NA,NA,NA,NA,NA,NA,NA,NA,NA,NA,NA,NA,NA,
000456,inclusion,0,0.0,NA,NA,NA,NA,NA,NA,NA,NA,NA,NA,NA,NA,NA,NA,NA,NA,NA,NA,NA,NA,NA,NA,NA,NA,NA,NA,NA,NA,NA,NA,NA,NA,NA,NA,NA,
000456,patches,5640,0.141,0.9884068153873178,0.9835347696619373,0.9941696113074205,0.9916990462734017,-0.004872045725380469,0.941991341991342,0.9198800342759211,-0.022111307715420914,0.9995525727069351,1.0,0.0004474272930649059,0.9991055456171736,1.0,1.0,1.0,0.9709251101321585,0.9598684210526316,-0.011056689079526949,1.0,1.0,0.0,1.0,1.0,1.0,1.0,0.9801033996553344,0.9731123964358293,-0.0069910032195051874,1.0,1.0,0.0,1.0,1.0,1.0,1.0,
000457,crazing,0,0.0,NA,NA,NA,NA,NA,NA,NA,NA,NA,NA,NA,NA,NA,NA,NA,NA,NA,NA,NA,NA,NA,NA,NA,NA,NA,NA,NA,NA,NA,NA,NA,NA,NA,NA,NA,
000457,inclusion,0,0.0,NA,NA,NA,NA,NA,NA,NA,NA,NA,NA,NA,NA,NA,NA,NA,NA,NA,NA,NA,NA,NA,NA,NA,NA,NA,NA,NA,NA,NA,NA,NA,NA,NA,NA,NA,
000457,patches,4538,0.11345,0.9873140857392826,0.9789997835029227,0.9936165529385869,0.9893884695328738,-0.008314302236359872,0.9437377690802349,0.9074868860276586,-0.03625088305257629,1.0,1.0,0.0,1.0,1.0,1.0,1.0,0.9735792622133599,0.9557739557739557,-0.017805306439404145,1.0,1.0,0.0,1.0,1.0,1.0,1.0,0.9862225322636903,0.9743103448275862,-0.011912187436104116,1.0,1.0,0.0,1.0,1.0,1.0,1.0,
000458,crazing,0,0.0,NA,NA,NA,NA,NA,NA,NA,NA,NA,NA,NA,NA,NA,NA,NA,NA,NA,NA,NA,NA,NA,NA,NA,NA,NA,NA,NA,NA,NA,NA,NA,NA,NA,NA,NA,
000458,inclusion,0,0.0,NA,NA,NA,NA,NA,NA,NA,NA,NA,NA,NA,NA,NA,NA,NA,NA,NA,NA,NA,NA,NA,NA,NA,NA,NA,NA,NA,NA,NA,NA,NA,NA,NA,NA,NA,
000458,patches,3346,0.08365,0.9813884785819793,0.978742249778565,0.990606828686447,0.9892569382273948,-0.0026462288034142523,0.953027950310559,0.9430988081507112,-0.009929142159847748,1.0,1.0,0.0,1.0,1.0,1.0,1.0,0.977385439396945,0.9735700197238659,-0.003815419673079079,1.0,1.0,0.0,1.0,1.0,1.0,1.0,0.9876931883228391,0.9844685095468795,-0.0032246787759596662,1.0,1.0,0.0,1.0,1.0,1.0,1.0,
000459,crazing,0,0.0,NA,NA,NA,NA,NA,NA,NA,NA,NA,NA,NA,NA,NA,NA,NA,NA,NA,NA,NA,NA,NA,NA,NA,NA,NA,NA,NA,NA,NA,NA,NA,NA,NA,NA,NA,
000459,inclusion,0,0.0,NA,NA,NA,NA,NA,NA,NA,NA,NA,NA,NA,NA,NA,NA,NA,NA,NA,NA,NA,NA,NA,NA,NA,NA,NA,NA,NA,NA,NA,NA,NA,NA,NA,NA,NA,
000459,patches,4905,0.122625,0.983417593528817,0.9826507968529352,0.9916394779771615,0.9912494912494912,-0.0007667966758817535,0.9035087719298246,0.8995937318630296,-0.003915040066794995,0.9981515711645101,0.9987722487467806,0.000620677582270468,0.996309963099631,1.0,0.9987745098039216,0.998769987699877,0.9504206730769231,0.9468973747016707,-0.0035232983752524483,1.0,0.9993868792152054,-0.0006131207847945852,1.0,1.0,0.9987745098039216,1.0,0.9659947057625738,0.9625884732052579,-0.00340623255731598,1.0,0.9993868792152054,-0.0006131207847945852,1.0,1.0,0.9987745098039216,1.0,
000460,crazing,0,0.0,NA,NA,NA,NA,NA,NA,NA,NA,NA,NA,NA,NA,NA,NA,NA,NA,NA,NA,NA,NA,NA,NA,NA,NA,NA,NA,NA,NA,NA,NA,NA,NA,NA,NA,NA,
000460,inclusion,0,0.0,NA,NA,NA,NA,NA,NA,NA,NA,NA,NA,NA,NA,NA,NA,NA,NA,NA,NA,NA,NA,NA,NA,NA,NA,NA,NA,NA,NA,NA,NA,NA,NA,NA,NA,NA,
000460,patches,5686,0.14215,0.9820838406679423,0.9817105033966208,0.9909609477841158,0.9907708534763119,-0.0003733372713214944,0.9199522102747909,0.9165341812400636,-0.0034180290347273212,1.0,0.9978982765868012,-0.0021017234131988083,1.0,1.0,1.0,0.9958053691275168,0.9606591143151391,0.9587798845836768,-0.001879229731462262,1.0,0.9995803608896349,-0.00041963911036513313,1.0,1.0,1.0,0.9991610738255033,0.9745241162158294,0.9708321418358593,-0.003691974379970042,1.0,1.0,0.0,1.0,1.0,1.0,1.0,
000461,crazing,0,0.0,NA,NA,NA,NA,NA,NA,NA,NA,NA,NA,NA,NA,NA,NA,NA,NA,NA,NA,NA,NA,NA,NA,NA,NA,NA,NA,NA,NA,NA,NA,NA,NA,NA,NA,NA,
000461,inclusion,0,0.0,NA,NA,NA,NA,NA,NA,NA,NA,NA,NA,NA,NA,NA,NA,NA,NA,NA,NA,NA,NA,NA,NA,NA,NA,NA,NA,NA,NA,NA,NA,NA,NA,NA,NA,NA,
000461,patches,3542,0.08855,0.985170677112479,0.984118138757314,0.9925299506694856,0.9919955062491224,-0.0010525383551649448,0.9324494949494949,0.9285266457680251,-0.00392284918146979,1.0,1.0,0.0,1.0,1.0,1.0,1.0,0.9646415943426551,0.9622762148337596,-0.002365379508895482,1.0,1.0,0.0,1.0,1.0,1.0,1.0,0.9750661959399823,0.9734299516908212,-0.0016362442491610896,1.0,1.0,0.0,1.0,1.0,1.0,1.0,
000462,crazing,0,0.0,NA,NA,NA,NA,NA,NA,NA,NA,NA,NA,NA,NA,NA,NA,NA,NA,NA,NA,NA,NA,NA,NA,NA,NA,NA,NA,NA,NA,NA,NA,NA,NA,NA,NA,NA,
000462,inclusion,0,0.0,NA,NA,NA,NA,NA,NA,NA,NA,NA,NA,NA,NA,NA,NA,NA,NA,NA,NA,NA,NA,NA,NA,NA,NA,NA,NA,NA,NA,NA,NA,NA,NA,NA,NA,NA,
000462,patches,4510,0.11275,0.9870015421899097,0.981230903535574,0.9934582547954318,0.9905265476977307,-0.005770638654335691,0.9344827586206896,0.9029892836999436,-0.031493474920746056,1.0,1.0,0.0,1.0,1.0,1.0,1.0,0.9694835680751174,0.950781702374059,-0.018701865701058362,1.0,1.0,0.0,1.0,1.0,1.0,1.0,0.9809428284854563,0.9676651458044039,-0.01327768268105245,1.0,1.0,0.0,1.0,1.0,1.0,1.0,
000463,crazing,0,0.0,NA,NA,NA,NA,NA,NA,NA,NA,NA,NA,NA,NA,NA,NA,NA,NA,NA,NA,NA,NA,NA,NA,NA,NA,NA,NA,NA,NA,NA,NA,NA,NA,NA,NA,NA,
000463,inclusion,0,0.0,NA,NA,NA,NA,NA,NA,NA,NA,NA,NA,NA,NA,NA,NA,NA,NA,NA,NA,NA,NA,NA,NA,NA,NA,NA,NA,NA,NA,NA,NA,NA,NA,NA,NA,NA,
000463,patches,6151,0.153775,0.986786980341605,0.9828333065939355,0.9933495539334956,0.9913423416133992,-0.003953673747669417,0.9516320474777448,0.937389770723104,-0.014242276754640737,1.0,1.0,0.0,1.0,1.0,1.0,1.0,0.9778393351800554,0.9725880551301684,-0.005251280049886953,1.0,1.0,0.0,1.0,1.0,1.0,1.0,0.9857873791927232,0.9825555052106932,-0.0032318739820299536,1.0,1.0,0.0,1.0,1.0,1.0,1.0,
000464,crazing,0,0.0,NA,NA,NA,NA,NA,NA,NA,NA,NA,NA,NA,NA,NA,NA,NA,NA,NA,NA,NA,NA,NA,NA,NA,NA,NA,NA,NA,NA,NA,NA,NA,NA,NA,NA,NA,
000464,inclusion,0,0.0,NA,NA,NA,NA,NA,NA,NA,NA,NA,NA,NA,NA,NA,NA,NA,NA,NA,NA,NA,NA,NA,NA,NA,NA,NA,NA,NA,NA,NA,NA,NA,NA,NA,NA,NA,
000464,patches,5682,0.14205,0.9905577898233957,0.9886363636363636,0.9952565003513704,0.9942857142857143,-0.0019214261870320604,0.9539112050739957,0.9452631578947368,-0.008648047179258933,1.0,1.0,0.0,1.0,1.0,1.0,1.0,0.9762617621899059,0.9722518676627535,-0.004009894527152391,1.0,1.0,0.0,1.0,1.0,1.0,1.0,0.986456646547917,0.9854497354497355,-0.0010069110981815177,1.0,1.0,0.0,1.0,1.0,1.0,1.0,
000465,crazing,0,0.0,NA,NA,NA,NA,NA,NA,NA,NA,NA,NA,NA,NA,NA,NA,NA,NA,NA,NA,NA,NA,NA,NA,NA,NA,NA,NA,NA,NA,NA,NA,NA,NA,NA,NA,NA,
000465,inclusion,0,0.0,NA,NA,NA,NA,NA,NA,NA,NA,NA,NA,NA,NA,NA,NA,NA,NA,NA,NA,NA,NA,NA,NA,NA,NA,NA,NA,NA,NA,NA,NA,NA,NA,NA,NA,NA,
000465,patches,4541,0.113525,0.9682643904574305,0.9802688638334779,0.9838763482708773,0.9900361327055732,0.012004473376047375,0.8790882061446977,0.9135490394337715,0.03446083328907379,0.9930863977120762,1.0,0.006913602287923815,0.9978835978835979,0.9883351007423118,1.0,1.0,0.9399634560167058,0.9607067510548524,0.020743295038146536,1.0,1.0,0.0,1.0,1.0,1.0,1.0,0.9650655021834061,0.9766551158125114,0.011589613629105266,1.0,1.0,0.0,1.0,1.0,1.0,1.0,
000466,crazing,0,0.0,NA,NA,NA,NA,NA,NA,NA,NA,NA,NA,NA,NA,NA,NA,NA,NA,NA,NA,NA,NA,NA,NA,NA,NA,NA,NA,NA,NA,NA,NA,NA,NA,NA,NA,NA,
000466,inclusion,0,0.0,NA,NA,NA,NA,NA,NA,NA,NA,NA,NA,NA,NA,NA,NA,NA,NA,NA,NA,NA,NA,NA,NA,NA,NA,NA,NA,NA,NA,NA,NA,NA,NA,NA,NA,NA,
000466,patches,5602,0.14005,0.9900355871886121,0.9907522674728793,0.9949928469241774,0.9953546542790781,0.0007166802842671904,0.9552980132450332,0.9573851882498966,0.0020871750048634397,0.9987282746926665,1.0,0.0012717253073335488,1.0,0.9974597798475868,1.0,1.0,0.9789517996211324,0.9792016806722689,0.00024988105113643577,1.0,1.0,0.0,1.0,1.0,1.0,1.0,0.9866606033045323,0.986682808716707,2.220541217468064e-05,1.0,1.0,0.0,1.0,1.0,1.0,1.0,
000467,crazing,0,0.0,NA,NA,NA,NA,NA,NA,NA,NA,NA,NA,NA,NA,NA,NA,NA,NA,NA,NA,NA,NA,NA,NA,NA,NA,NA,NA,NA,NA,NA,NA,NA,NA,NA,NA,NA,
000467,inclusion,0,0.0,NA,NA,NA,NA,NA,NA,NA,NA,NA,NA,NA,NA,NA,NA,NA,NA,NA,NA,NA,NA,NA,NA,NA,NA,NA,NA,NA,NA,NA,NA,NA,NA,NA,NA,NA,
000467,patches,1848,0.0462,0.9903329752953813,0.9882226980728052,0.9951430113329736,0.9940764674205708,-0.0021102772225761735,0.9781950333131435,0.973397823458283,-0.00479720985486054,1.0,1.0,0.0,1.0,1.0,1.0,1.0,0.9902200488997555,0.9877937137625877,-0.0024263351371677233,1.0,1.0,0.0,1.0,1.0,1.0,1.0,0.9962877030162413,0.99513325608343,-0.0011544469328113038,1.0,1.0,0.0,1.0,1.0,1.0,1.0,
000468,crazing,0,0.0,NA,NA,NA,NA,NA,NA,NA,NA,NA,NA,NA,NA,NA,NA,NA,NA,NA,NA,NA,NA,NA,NA,NA,NA,NA,NA,NA,NA,NA,NA,NA,NA,NA,NA,NA,
000468,inclusion,0,0.0,NA,NA,NA,NA,NA,NA,NA,NA,NA,NA,NA,NA,NA,NA,NA,NA,NA,NA,NA,NA,NA,NA,NA,NA,NA,NA,NA,NA,NA,NA,NA,NA,NA,NA,NA,
000468,patches,764,0.0191,0.9623865110246433,0.9532237673830595,0.9808327825512227,0.976051779935275,-0.00916274364158387,0.9259723964868256,0.9058240396530359,-0.020148356833789682,1.0,1.0,0.0,1.0,1.0,1.0,1.0,0.966321243523316,0.9532051282051283,-0.013116115318187793,1.0,1.0,0.0,1.0,1.0,1.0,1.0,0.9767901234567902,0.9707317073170731,-0.006058416139717027,1.0,1.0,0.0,1.0,1.0,1.0,1.0,
000469,crazing,0,0.0,NA,NA,NA,NA,NA,NA,NA,NA,NA,NA,NA,NA,NA,NA,NA,NA,NA,NA,NA,NA,NA,NA,NA,NA,NA,NA,NA,NA,NA,NA,NA,NA,NA,NA,NA,
000469,inclusion,0,0.0,NA,NA,NA,NA,NA,NA,NA,NA,NA,NA,NA,NA,NA,NA,NA,NA,NA,NA,NA,NA,NA,NA,NA,NA,NA,NA,NA,NA,NA,NA,NA,NA,NA,NA,NA,
000469,patches,1684,0.0421,0.9715942028985507,0.97010550996483,0.985592472802117,0.9848259446593276,-0.00148869293372067,0.8937768240343348,0.8925531914893617,-0.0012236325449730412,1.0,1.0,0.0,1.0,1.0,1.0,1.0,0.9430939226519337,0.9446271929824561,0.0015332703305224182,1.0,1.0,0.0,1.0,1.0,1.0,1.0,0.9691381257056831,0.9666166541635409,-0.0025214715421422174,1.0,1.0,0.0,1.0,1.0,1.0,1.0,
000470,crazing,0,0.0,NA,NA,NA,NA,NA,NA,NA,NA,NA,NA,NA,NA,NA,NA,NA,NA,NA,NA,NA,NA,NA,NA,NA,NA,NA,NA,NA,NA,NA,NA,NA,NA,NA,NA,NA,
000470,inclusion,0,0.0,NA,NA,NA,NA,NA,NA,NA,NA,NA,NA,NA,NA,NA,NA,NA,NA,NA,NA,NA,NA,NA,NA,NA,NA,NA,NA,NA,NA,NA,NA,NA,NA,NA,NA,NA,
000470,patches,1513,0.037825,0.9772431729518856,0.977139124755062,0.9884906280828675,0.9884373967624711,-0.00010404819682352517,0.9244249726177437,0.9196035242290749,-0.004821448388668825,1.0,0.9988545246277205,-0.001145475372279492,1.0,1.0,1.0,0.9977116704805492,0.9667418263810598,0.958262831359278,-0.008478995021781732,1.0,1.0,0.0,1.0,1.0,1.0,1.0,0.9803392444101773,0.976869699306091,-0.003469545104086258,1.0,1.0,0.0,1.0,1.0,1.0,1.0,
000471,crazing,0,0.0,NA,NA,NA,NA,NA,NA,NA,NA,NA,NA,NA,NA,NA,NA,NA,NA,NA,NA,NA,NA,NA,NA,NA,NA,NA,NA,NA,NA,NA,NA,NA,NA,NA,NA,NA,
000471,inclusion,0,0.0,NA,NA,NA,NA,NA,NA,NA,NA,NA,NA,NA,NA,NA,NA,NA,NA,NA,NA,NA,NA,NA,NA,NA,NA,NA,NA,NA,NA,NA,NA,NA,NA,NA,NA,NA,
000471,patches,913,0.022825,0.9730021598272138,0.9647435897435898,0.9863163656267104,0.9820554649265906,-0.008258570083624073,0.9315068493150684,0.9104477611940298,-0.021059088121038627,1.0,0.9985528219971056,-0.0014471780028944004,1.0,1.0,0.9971098265895953,1.0,0.9654929577464789,0.9531140657802659,-0.012378891966213001,1.0,1.0,0.0,1.0,1.0,1.0,1.0,0.98001998001998,0.9731876861966237,-0.006832293823356372,1.0,1.0,0.0,1.0,1.0,1.0,1.0,
000472,crazing,0,0.0,NA,NA,NA,NA,NA,NA,NA,NA,NA,NA,NA,NA,NA,NA,NA,NA,NA,NA,NA,NA,NA,NA,NA,NA,NA,NA,NA,NA,NA,NA,NA,NA,NA,NA,NA,
000472,inclusion,0,0.0,NA,NA,NA,NA,NA,NA,NA,NA,NA,NA,NA,NA,NA,NA,NA,NA,NA,NA,NA,NA,NA,NA,NA,NA,NA,NA,NA,NA,NA,NA,NA,NA,NA,NA,NA,
000472,patches,1822,0.04555,0.9757019438444925,0.9751351351351352,0.9877015578026783,0.9874110563765737,-0.0005668087093573249,0.9344852411807055,0.9352983465132998,0.0008131053325942661,0.9992565055762082,0.9992565055762082,0.0,1.0,0.9985141158989599,1.0,0.9985141158989599,0.9668386145910096,0.969060773480663,0.0022221588896533806,1.0,1.0,0.0,1.0,1.0,1.0,1.0,0.9842540699226048,0.9826851358550879,-0.0015689340675169028,1.0,1.0,0.0,1.0,1.0,1.0,1.0,
000473,crazing,0,0.0,NA,NA,NA,NA,NA,NA,NA,NA,NA,NA,NA,NA,NA,NA,NA,NA,NA,NA,NA,NA,NA,NA,NA,NA,NA,NA,NA,NA,NA,NA,NA,NA,NA,NA,NA,
000473,inclusion,0,0.0,NA,NA,NA,NA,NA,NA,NA,NA,NA,NA,NA,NA,NA,NA,NA,NA,NA,NA,NA,NA,NA,NA,NA,NA,NA,NA,NA,NA,NA,NA,NA,NA,NA,NA,NA,
000473,patches,1052,0.0263,0.972998137802607,0.9839319470699432,0.9863142991977348,0.991900905192949,0.010933809267336225,0.9163120567375886,0.9506531204644412,0.03434106372685253,0.9985096870342772,1.0,0.0014903129657227732,0.9970238095238095,1.0,1.0,1.0,0.9578181818181818,0.9756637168141593,0.01784553499597752,1.0,1.0,0.0,1.0,1.0,1.0,1.0,0.969939879759519,0.9842799188640974,0.014340039104578373,1.0,1.0,0.0,1.0,1.0,1.0,1.0,
000474,crazing,0,0.0,NA,NA,NA,NA,NA,NA,NA,NA,NA,NA,NA,NA,NA,NA,NA,NA,NA,NA,NA,NA,NA,NA,NA,NA,NA,NA,NA,NA,NA,NA,NA,NA,NA,NA,NA,
000474,inclusion,0,0.0,NA,NA,NA,NA,NA,NA,NA,NA,NA,NA,NA,NA,NA,NA,NA,NA,NA,NA,NA,NA,NA,NA,NA,NA,NA,NA,NA,NA,NA,NA,NA,NA,NA,NA,NA,
000474,patches,2948,0.0737,0.9818365287588294,0.9812080536912752,0.9908350305498982,0.9905149051490515,-0.0006284750675542572,0.9557780559032123,0.9533721898417985,-0.0024058660614137972,1.0,1.0,0.0,1.0,1.0,1.0,1.0,0.9790520524756665,0.9757281553398058,-0.003323897135860676,1.0,1.0,0.0,1.0,1.0,1.0,1.0,0.9898038004016685,0.9846106494305941,-0.005193150971074423,1.0,1.0,0.0,1.0,1.0,1.0,1.0,
000475,crazing,0,0.0,NA,NA,NA,NA,NA,NA,NA,NA,NA,NA,NA,NA,NA,NA,NA,NA,NA,NA,NA,NA,NA,NA,NA,NA,NA,NA,NA,NA,NA,NA,NA,NA,NA,NA,NA,
000475,inclusion,0,0.0,NA,NA,NA,NA,NA,NA,NA,NA,NA,NA,NA,NA,NA,NA,NA,NA,NA,NA,NA,NA,NA,NA,NA,NA,NA,NA,NA,NA,NA,NA,NA,NA,NA,NA,NA,
000475,patches,4472,0.1118,0.9928793947485536,0.9950958537672759,0.9964269763287181,0.9975418994413408,0.002216459018722361,0.9556010928961749,0.9704060564349621,0.014804963538787241,1.0,1.0,0.0,1.0,1.0,1.0,1.0,0.9771784232365145,0.9857688302672684,0.008590407030753866,1.0,1.0,0.0,1.0,1.0,1.0,1.0,0.9828263002944063,0.9908866995073892,0.00806039921298285,1.0,1.0,0.0,1.0,1.0,1.0,1.0,
000476,crazing,0,0.0,NA,NA,NA,NA,NA,NA,NA,NA,NA,NA,NA,NA,NA,NA,NA,NA,NA,NA,NA,NA,NA,NA,NA,NA,NA,NA,NA,NA,NA,NA,NA,NA,NA,NA,NA,
000476,inclusion,0,0.0,NA,NA,NA,NA,NA,NA,NA,NA,NA,NA,NA,NA,NA,NA,NA,NA,NA,NA,NA,NA,NA,NA,NA,NA,NA,NA,NA,NA,NA,NA,NA,NA,NA,NA,NA,
000476,patches,4946,0.12365,0.9921339249697458,0.9957695406929895,0.9960514326212413,0.9978802866659937,0.003635615723243668,0.9541446208112875,0.9750148720999405,0.020870251288653052,1.0,1.0,0.0,1.0,1.0,1.0,1.0,0.9767857142857143,0.988016776512882,0.011231062227167743,1.0,1.0,0.0,1.0,1.0,1.0,1.0,0.9844878878028049,0.9935965848452508,0.009108697042445879,1.0,1.0,0.0,1.0,1.0,1.0,1.0,
000477,crazing,0,0.0,NA,NA,NA,NA,NA,NA,NA,NA,NA,NA,NA,NA,NA,NA,NA,NA,NA,NA,NA,NA,NA,NA,NA,NA,NA,NA,NA,NA,NA,NA,NA,NA,NA,NA,NA,
000477,inclusion,0,0.0,NA,NA,NA,NA,NA,NA,NA,NA,NA,NA,NA,NA,NA,NA,NA,NA,NA,NA,NA,NA,NA,NA,NA,NA,NA,NA,NA,NA,NA,NA,NA,NA,NA,NA,NA,
000477,patches,4960,0.124,0.9915865384615384,0.9937825912555155,0.995775497887749,0.9968816014485464,0.0021960527939770547,0.9514505624629959,0.9619726678550208,0.010522105392024916,1.0,1.0,0.0,1.0,1.0,1.0,1.0,0.9757048590281944,0.9801980198019802,0.004493160773785809,1.0,1.0,0.0,1.0,1.0,1.0,1.0,0.9887429643527205,0.9883430474604497,-0.00039991689227081295,1.0,1.0,0.0,1.0,1.0,1.0,1.0,
000478,crazing,0,0.0,NA,NA,NA,NA,NA,NA,NA,NA,NA,NA,NA,NA,NA,NA,NA,NA,NA,NA,NA,NA,NA,NA,NA,NA,NA,NA,NA,NA,NA,NA,NA,NA,NA,NA,NA,
000478,inclusion,0,0.0,NA,NA,NA,NA,NA,NA,NA,NA,NA,NA,NA,NA,NA,NA,NA,NA,NA,NA,NA,NA,NA,NA,NA,NA,NA,NA,NA,NA,NA,NA,NA,NA,NA,NA,NA,
000478,patches,4119,0.102975,0.994927536231884,0.9929850024189647,0.9974573192880494,0.9964801553586601,-0.0019425338129193115,0.9507620164126612,0.93279258400927,-0.017969432403391217,1.0,1.0,0.0,1.0,1.0,1.0,1.0,0.9738872403560831,0.9646434885091337,-0.009243751846949366,1.0,1.0,0.0,1.0,1.0,1.0,1.0,0.9821144674085851,0.9751086527064401,-0.007005814702145008,1.0,1.0,0.0,1.0,1.0,1.0,1.0,
000479,crazing,0,0.0,NA,NA,NA,NA,NA,NA,NA,NA,NA,NA,NA,NA,NA,NA,NA,NA,NA,NA,NA,NA,NA,NA,NA,NA,NA,NA,NA,NA,NA,NA,NA,NA,NA,NA,NA,
000479,inclusion,0,0.0,NA,NA,NA,NA,NA,NA,NA,NA,NA,NA,NA,NA,NA,NA,NA,NA,NA,NA,NA,NA,NA,NA,NA,NA,NA,NA,NA,NA,NA,NA,NA,NA,NA,NA,NA,
000479,patches,4151,0.103775,0.9925766283524904,0.9963994239078252,0.9962744862396347,0.9981964650715403,0.0038227955553348236,0.927485380116959,0.96415770609319,0.036672325976230935,1.0,1.0,0.0,1.0,1.0,1.0,1.0,0.9630732578916021,0.9819168173598554,0.018843559468253224,1.0,1.0,0.0,1.0,1.0,1.0,1.0,0.975229724330803,0.9879081015719468,0.012678377241143735,1.0,1.0,0.0,1.0,1.0,1.0,1.0,
000480,crazing,0,0.0,NA,NA,NA,NA,NA,NA,NA,NA,NA,NA,NA,NA,NA,NA,NA,NA,NA,NA,NA,NA,NA,NA,NA,NA,NA,NA,NA,NA,NA,NA,NA,NA,NA,NA,NA,
000480,inclusion,0,0.0,NA,NA,NA,NA,NA,NA,NA,NA,NA,NA,NA,NA,NA,NA,NA,NA,NA,NA,NA,NA,NA,NA,NA,NA,NA,NA,NA,NA,NA,NA,NA,NA,NA,NA,NA,
000480,patches,4200,0.105,0.994314143567875,0.9959686981266304,0.9971489665003563,0.9979802780087917,0.0016545545587554056,0.9435294117647058,0.9596678529062871,0.01613844114158125,1.0,1.0,0.0,1.0,1.0,1.0,1.0,0.9713603818615751,0.9796285200718994,0.008268138210324238,1.0,1.0,0.0,1.0,1.0,1.0,1.0,0.9808153477218226,0.9867682437850842,0.005952896063261659,1.0,1.0,0.0,1.0,1.0,1.0,1.0,
000481,crazing,0,0.0,NA,NA,NA,NA,NA,NA,NA,NA,NA,NA,NA,NA,NA,NA,NA,NA,NA,NA,NA,NA,NA,NA,NA,NA,NA,NA,NA,NA,NA,NA,NA,NA,NA,NA,NA,
000481,inclusion,0,0.0,NA,NA,NA,NA,NA,NA,NA,NA,NA,NA,NA,NA,NA,NA,NA,NA,NA,NA,NA,NA,NA,NA,NA,NA,NA,NA,NA,NA,NA,NA,NA,NA,NA,NA,NA,
000481,patches,4082,0.10205,0.9905270828273014,0.994150621496466,0.9952410006101281,0.9970667318504033,0.00362353866916465,0.9097222222222222,0.9445100354191264,0.03478781319690416,1.0,1.0,0.0,1.0,1.0,1.0,1.0,0.9543838862559242,0.9724385859796285,0.018054699723704326,1.0,1.0,0.0,1.0,1.0,1.0,1.0,0.9689243027888447,0.9803291850662385,0.01140488227739378,1.0,1.0,0.0,1.0,1.0,1.0,1.0,
000482,crazing,0,0.0,NA,NA,NA,NA,NA,NA,NA,NA,NA,NA,NA,NA,NA,NA,NA,NA,NA,NA,NA,NA,NA,NA,NA,NA,NA,NA,NA,NA,NA,NA,NA,NA,NA,NA,NA,
000482,inclusion,0,0.0,NA,NA,NA,NA,NA,NA,NA,NA,NA,NA,NA,NA,NA,NA,NA,NA,NA,NA,NA,NA,NA,NA,NA,NA,NA,NA,NA,NA,NA,NA,NA,NA,NA,NA,NA,
000482,patches,3983,0.099575,0.9952476238119059,0.9962462462462462,0.9976181521875391,0.9981195938322678,0.000998622434340346,0.955503512880562,0.9658421672555948,0.010338654375032785,1.0,1.0,0.0,1.0,1.0,1.0,1.0,0.9769094138543517,0.9833531510107015,0.006443737156349827,1.0,1.0,0.0,1.0,1.0,1.0,1.0,0.9849325931800159,0.9892601431980907,0.004327550018074833,1.0,1.0,0.0,1.0,1.0,1.0,1.0,
000483,crazing,0,0.0,NA,NA,NA,NA,NA,NA,NA,NA,NA,NA,NA,NA,NA,NA,NA,NA,NA,NA,NA,NA,NA,NA,NA,NA,NA,NA,NA,NA,NA,NA,NA,NA,NA,NA,NA,
000483,inclusion,0,0.0,NA,NA,NA,NA,NA,NA,NA,NA,NA,NA,NA,NA,NA,NA,NA,NA,NA,NA,NA,NA,NA,NA,NA,NA,NA,NA,NA,NA,NA,NA,NA,NA,NA,NA,NA,
000483,patches,3654,0.09135,0.9923871669385536,0.9942748091603053,0.99617903930131,0.9971291866028709,0.0018876422217517508,0.9348837209302325,0.9521028037383178,0.017219082808085262,1.0,1.0,0.0,1.0,1.0,1.0,1.0,0.966903073286052,0.9769230769230769,0.010020003637024932,1.0,1.0,0.0,1.0,1.0,1.0,1.0,0.9773988897700238,0.9849325931800159,0.007533703409992154,1.0,1.0,0.0,1.0,1.0,1.0,1.0,
000484,crazing,0,0.0,NA,NA,NA,NA,NA,NA,NA,NA,NA,NA,NA,NA,NA,NA,NA,NA,NA,NA,NA,NA,NA,NA,NA,NA,NA,NA,NA,NA,NA,NA,NA,NA,NA,NA,NA,
000484,inclusion,0,0.0,NA,NA,NA,NA,NA,NA,NA,NA,NA,NA,NA,NA,NA,NA,NA,NA,NA,NA,NA,NA,NA,NA,NA,NA,NA,NA,NA,NA,NA,NA,NA,NA,NA,NA,NA,
000484,patches,3627,0.090675,0.9939643347050754,0.9958791208791209,0.9969730324711062,0.9979353062629044,0.0019147861740455019,0.9481132075471698,0.9643281807372176,0.016214973190047832,1.0,1.0,0.0,1.0,1.0,1.0,1.0,0.973715651135006,0.982003599280144,0.008287948145138002,1.0,1.0,0.0,1.0,1.0,1.0,1.0,0.9827931172468988,0.9887595343235648,0.0059664170766660085,1.0,1.0,0.0,1.0,1.0,1.0,1.0,
000485,crazing,0,0.0,NA,NA,NA,NA,NA,NA,NA,NA,NA,NA,NA,NA,NA,NA,NA,NA,NA,NA,NA,NA,NA,NA,NA,NA,NA,NA,NA,NA,NA,NA,NA,NA,NA,NA,NA,
000485,inclusion,0,0.0,NA,NA,NA,NA,NA,NA,NA,NA,NA,NA,NA,NA,NA,NA,NA,NA,NA,NA,NA,NA,NA,NA,NA,NA,NA,NA,NA,NA,NA,NA,NA,NA,NA,NA,NA,
000485,patches,3945,0.098625,0.9874812218327491,0.99269889224572,0.9937011841773746,0.9963360707517372,0.005217670412970943,0.8862343572241184,0.9327146171693735,0.046480259945255176,1.0,1.0,0.0,1.0,1.0,1.0,1.0,0.9408665105386417,0.9657615112160567,0.024895000677415013,1.0,1.0,0.0,1.0,1.0,1.0,1.0,0.9594008671659441,0.9774257425742574,0.018024875408313323,1.0,1.0,0.0,1.0,1.0,1.0,1.0,
000486,crazing,0,0.0,NA,NA,NA,NA,NA,NA,NA,NA,NA,NA,NA,NA,NA,NA,NA,NA,NA,NA,NA,NA,NA,NA,NA,NA,NA,NA,NA,NA,NA,NA,NA,NA,NA,NA,NA,
000486,inclusion,0,0.0,NA,NA,NA,NA,NA,NA,NA,NA,NA,NA,NA,NA,NA,NA,NA,NA,NA,NA,NA,NA,NA,NA,NA,NA,NA,NA,NA,NA,NA,NA,NA,NA,NA,NA,NA,
000486,patches,6509,0.162725,0.9857906799083269,0.985575463103553,0.9928445025775179,0.9927353368509597,-0.00021521680477387672,0.8968660968660969,0.8924302788844621,-0.0044358179816347265,1.0,1.0,0.0,1.0,1.0,1.0,1.0,0.9472140762463344,0.9457000293513355,-0.0015140468949988994,1.0,1.0,0.0,1.0,1.0,1.0,1.0,0.9642998809996033,0.9636832704901767,-0.0006166105094266294,1.0,1.0,0.0,1.0,1.0,1.0,1.0,
000487,crazing,0,0.0,NA,NA,NA,NA,NA,NA,NA,NA,NA,NA,NA,NA,NA,NA,NA,NA,NA,NA,NA,NA,NA,NA,NA,NA,NA,NA,NA,NA,NA,NA,NA,NA,NA,NA,NA,
000487,inclusion,0,0.0,NA,NA,NA,NA,NA,NA,NA,NA,NA,NA,NA,NA,NA,NA,NA,NA,NA,NA,NA,NA,NA,NA,NA,NA,NA,NA,NA,NA,NA,NA,NA,NA,NA,NA,NA,
000487,patches,2173,0.054325,0.9631460674157304,0.9638499774062359,0.9812271062271062,0.9815922687528762,0.0007039099905055135,0.8969201759899434,0.9000628535512256,0.00314267756128217,0.9993346640053227,0.9993346640053227,0.0,1.0,0.9986702127659575,1.0,0.9986702127659575,0.9511465603190429,0.9540918163672655,0.0029452560482226,1.0,1.0,0.0,1.0,1.0,1.0,1.0,0.9685863874345549,0.973290064902646,0.004703677468091083,1.0,1.0,0.0,1.0,1.0,1.0,1.0,
000488,crazing,0,0.0,NA,NA,NA,NA,NA,NA,NA,NA,NA,NA,NA,NA,NA,NA,NA,NA,NA,NA,NA,NA,NA,NA,NA,NA,NA,NA,NA,NA,NA,NA,NA,NA,NA,NA,NA,
000488,inclusion,0,0.0,NA,NA,NA,NA,NA,NA,NA,NA,NA,NA,NA,NA,NA,NA,NA,NA,NA,NA,NA,NA,NA,NA,NA,NA,NA,NA,NA,NA,NA,NA,NA,NA,NA,NA,NA,
000488,patches,2925,0.073125,0.9860639021074099,0.9794751009421265,0.9929830566489817,0.9896311405745368,-0.0065888011652833756,0.9208494208494209,0.8838526912181303,-0.03699672963129064,1.0,1.0,0.0,1.0,1.0,1.0,1.0,0.9600197433366239,0.9414348462664714,-0.01858489707015243,1.0,1.0,0.0,1.0,1.0,1.0,1.0,0.9777628032345014,0.963963963963964,-0.013798839270537377,1.0,1.0,0.0,1.0,1.0,1.0,1.0,
000489,crazing,0,0.0,NA,NA,NA,NA,NA,NA,NA,NA,NA,NA,NA,NA,NA,NA,NA,NA,NA,NA,NA,NA,NA,NA,NA,NA,NA,NA,NA,NA,NA,NA,NA,NA,NA,NA,NA,
000489,inclusion,0,0.0,NA,NA,NA,NA,NA,NA,NA,NA,NA,NA,NA,NA,NA,NA,NA,NA,NA,NA,NA,NA,NA,NA,NA,NA,NA,NA,NA,NA,NA,NA,NA,NA,NA,NA,NA,
000489,patches,3132,0.0783,0.981411468178954,0.9729056368732482,0.9906185403084751,0.986266771902131,-0.008505831305705813,0.8917910447761194,0.848816029143898,-0.04297501563222139,1.0,1.0,0.0,1.0,1.0,1.0,1.0,0.9455421686746988,0.9256788947117676,-0.019863273962931194,1.0,1.0,0.0,1.0,1.0,1.0,1.0,0.9673159458567184,0.9545008183306055,-0.012815127526112913,1.0,1.0,0.0,1.0,1.0,1.0,1.0,
000490,crazing,0,0.0,NA,NA,NA,NA,NA,NA,NA,NA,NA,NA,NA,NA,NA,NA,NA,NA,NA,NA,NA,NA,NA,NA,NA,NA,NA,NA,NA,NA,NA,NA,NA,NA,NA,NA,NA,
000490,inclusion,0,0.0,NA,NA,NA,NA,NA,NA,NA,NA,NA,NA,NA,NA,NA,NA,NA,NA,NA,NA,NA,NA,NA,NA,NA,NA,NA,NA,NA,NA,NA,NA,NA,NA,NA,NA,NA,
000490,patches,1557,0.038925,0.9662288930581614,0.963125,0.982824427480916,0.9812161731932506,-0.003103893058161389,0.9245416078984485,0.9177304964539007,-0.006811111444547824,1.0,1.0,0.0,1.0,1.0,1.0,1.0,0.9655425219941349,0.9609000368867576,-0.004642485107377303,1.0,1.0,0.0,1.0,1.0,1.0,1.0,0.9810861929208322,0.9796251018744906,-0.0014610910463416227,1.0,1.0,0.0,1.0,1.0,1.0,1.0,
000491,crazing,0,0.0,NA,NA,NA,NA,NA,NA,NA,NA,NA,NA,NA,NA,NA,NA,NA,NA,NA,NA,NA,NA,NA,NA,NA,NA,NA,NA,NA,NA,NA,NA,NA,NA,NA,NA,NA,
000491,inclusion,0,0.0,NA,NA,NA,NA,NA,NA,NA,NA,NA,NA,NA,NA,NA,NA,NA,NA,NA,NA,NA,NA,NA,NA,NA,NA,NA,NA,NA,NA,NA,NA,NA,NA,NA,NA,NA,
000491,patches,1404,0.0351,0.976056338028169,0.9628591450595655,0.9878831076265147,0.9810781863620136,-0.013197192968603555,0.9431524547803618,0.911864406779661,-0.03128804800070084,1.0,0.9982046678635548,-0.0017953321364452268,1.0,1.0,1.0,0.996415770609319,0.9701559020044543,0.9578527062999113,-0.01230319570454308,1.0,1.0,0.0,1.0,1.0,1.0,1.0,0.9847104749512037,0.9808254793630159,-0.0038849955881877785,1.0,1.0,0.0,1.0,1.0,1.0,1.0,
000492,crazing,0,0.0,NA,NA,NA,NA,NA,NA,NA,NA,NA,NA,NA,NA,NA,NA,NA,NA,NA,NA,NA,NA,NA,NA,NA,NA,NA,NA,NA,NA,NA,NA,NA,NA,NA,NA,NA,
000492,inclusion,0,0.0,NA,NA,NA,NA,NA,NA,NA,NA,NA,NA,NA,NA,NA,NA,NA,NA,NA,NA,NA,NA,NA,NA,NA,NA,NA,NA,NA,NA,NA,NA,NA,NA,NA,NA,NA,
000492,patches,1097,0.027425,0.9802158273381295,0.9785714285714285,0.9900090826521344,0.9891696750902527,-0.0016443987667009718,0.9498861047835991,0.9443181818181818,-0.005567922965417305,1.0,1.0,0.0,1.0,1.0,1.0,1.0,0.9791062100986652,0.9710982658959537,-0.008007944202711448,1.0,1.0,0.0,1.0,1.0,1.0,1.0,0.9903805938937683,0.9846089850249584,-0.0057716088688098965,1.0,1.0,0.0,1.0,1.0,1.0,1.0,
000493,crazing,0,0.0,NA,NA,NA,NA,NA,NA,NA,NA,NA,NA,NA,NA,NA,NA,NA,NA,NA,NA,NA,NA,NA,NA,NA,NA,NA,NA,NA,NA,NA,NA,NA,NA,NA,NA,NA,
000493,inclusion,0,0.0,NA,NA,NA,NA,NA,NA,NA,NA,NA,NA,NA,NA,NA,NA,NA,NA,NA,NA,NA,NA,NA,NA,NA,NA,NA,NA,NA,NA,NA,NA,NA,NA,NA,NA,NA,
000493,patches,649,0.016225,0.9347181008902077,0.9062049062049062,0.9662576687116564,0.9507948523845572,-0.028513194685301446,0.8818681318681318,0.8277703604806409,-0.054097771387490945,1.0,1.0,0.0,1.0,1.0,1.0,1.0,0.9547477744807121,0.9296187683284457,-0.02512900615226643,1.0,1.0,0.0,1.0,1.0,1.0,1.0,0.9675824175824176,0.9611384783798577,-0.006443939202559923,1.0,1.0,0.0,1.0,1.0,1.0,1.0,
000494,crazing,0,0.0,NA,NA,NA,NA,NA,NA,NA,NA,NA,NA,NA,NA,NA,NA,NA,NA,NA,NA,NA,NA,NA,NA,NA,NA,NA,NA,NA,NA,NA,NA,NA,NA,NA,NA,NA,
000494,inclusion,0,0.0,NA,NA,NA,NA,NA,NA,NA,NA,NA,NA,NA,NA,NA,NA,NA,NA,NA,NA,NA,NA,NA,NA,NA,NA,NA,NA,NA,NA,NA,NA,NA,NA,NA,NA,NA,
000494,patches,762,0.01905,0.967741935483871,0.9629629629629629,0.9836065573770492,0.9811320754716981,-0.004778972520908087,0.9299191374663073,0.9233870967741935,-0.006532040692113772,1.0,1.0,0.0,1.0,1.0,1.0,1.0,0.9654218533886584,0.9627586206896551,-0.0026632326990032595,1.0,1.0,0.0,1.0,1.0,1.0,1.0,0.9774986917844061,0.9781021897810219,0.0006034979966158538,1.0,1.0,0.0,1.0,1.0,1.0,1.0,
000495,crazing,0,0.0,NA,NA,NA,NA,NA,NA,NA,NA,NA,NA,NA,NA,NA,NA,NA,NA,NA,NA,NA,NA,NA,NA,NA,NA,NA,NA,NA,NA,NA,NA,NA,NA,NA,NA,NA,
000495,inclusion,0,0.0,NA,NA,NA,NA,NA,NA,NA,NA,NA,NA,NA,NA,NA,NA,NA,NA,NA,NA,NA,NA,NA,NA,NA,NA,NA,NA,NA,NA,NA,NA,NA,NA,NA,NA,NA,
000495,patches,637,0.015925,0.9721792890262752,0.968895800933126,0.9858934169278997,0.9842022116903634,-0.003283488093149156,0.9385382059800664,0.9332220367278798,-0.005316169252186587,1.0,0.9982547993019197,-0.0017452006980802626,1.0,1.0,1.0,0.9965156794425087,0.9726495726495726,0.9664660361134996,-0.006183536536073064,1.0,1.0,0.0,1.0,1.0,1.0,1.0,0.982703395259449,0.9813144329896907,-0.0013889622697583759,1.0,1.0,0.0,1.0,1.0,1.0,1.0,
000496,crazing,0,0.0,NA,NA,NA,NA,NA,NA,NA,NA,NA,NA,NA,NA,NA,NA,NA,NA,NA,NA,NA,NA,NA,NA,NA,NA,NA,NA,NA,NA,NA,NA,NA,NA,NA,NA,NA,
000496,inclusion,0,0.0,NA,NA,NA,NA,NA,NA,NA,NA,NA,NA,NA,NA,NA,NA,NA,NA,NA,NA,NA,NA,NA,NA,NA,NA,NA,NA,NA,NA,NA,NA,NA,NA,NA,NA,NA,
000496,patches,1251,0.031275,0.9880573248407644,0.9881141045958796,0.9939927913496196,0.9940215225189318,5.677975511519939e-05,0.9767441860465116,0.9751924721984602,-0.001551713848051417,1.0,0.9991266375545852,-0.0008733624454148048,1.0,1.0,0.9982547993019197,1.0,0.9884904825143869,0.9872359154929577,-0.0012545670214291205,1.0,1.0,0.0,1.0,1.0,1.0,1.0,0.9934145538360224,0.9911649214659686,-0.0022496323700538223,1.0,1.0,0.0,1.0,1.0,1.0,1.0,
000497,crazing,0,0.0,NA,NA,NA,NA,NA,NA,NA,NA,NA,NA,NA,NA,NA,NA,NA,NA,NA,NA,NA,NA,NA,NA,NA,NA,NA,NA,NA,NA,NA,NA,NA,NA,NA,NA,NA,
000497,inclusion,0,0.0,NA,NA,NA,NA,NA,NA,NA,NA,NA,NA,NA,NA,NA,NA,NA,NA,NA,NA,NA,NA,NA,NA,NA,NA,NA,NA,NA,NA,NA,NA,NA,NA,NA,NA,NA,
000497,patches,1415,0.035375,0.955820476858345,0.9686411149825784,0.977411258515597,0.984070796460177,0.012820638124233397,0.9206873760740251,0.9441117764471058,0.02342440037308069,0.9971910112359551,0.9978957176076719,0.0007047063717168234,1.0,0.9943977591036415,0.9985935302390999,0.9971988795518207,0.9689570980118591,0.9750173490631506,0.0060602510512914876,1.0,1.0,0.0,1.0,1.0,1.0,1.0,0.9737400530503979,0.9783698232656292,0.004629770215231255,1.0,1.0,0.0,1.0,1.0,1.0,1.0,
000498,crazing,0,0.0,NA,NA,NA,NA,NA,NA,NA,NA,NA,NA,NA,NA,NA,NA,NA,NA,NA,NA,NA,NA,NA,NA,NA,NA,NA,NA,NA,NA,NA,NA,NA,NA,NA,NA,NA,
000498,inclusion,0,0.0,NA,NA,NA,NA,NA,NA,NA,NA,NA,NA,NA,NA,NA,NA,NA,NA,NA,NA,NA,NA,NA,NA,NA,NA,NA,NA,NA,NA,NA,NA,NA,NA,NA,NA,NA,
000498,patches,1395,0.034875,0.9773049645390071,0.9738884968242767,0.9885222381635581,0.9867715409367179,-0.0034164677147303646,0.9516981132075472,0.9452363090772693,-0.0064618041302778595,1.0,1.0,0.0,1.0,1.0,1.0,1.0,0.9761262995764344,0.9735530854733614,-0.002573214103072985,1.0,1.0,0.0,1.0,1.0,1.0,1.0,0.9806598407281001,0.981833664490491,0.0011738237623909464,1.0,1.0,0.0,1.0,1.0,1.0,1.0,
000499,crazing,0,0.0,NA,NA,NA,NA,NA,NA,NA,NA,NA,NA,NA,NA,NA,NA,NA,NA,NA,NA,NA,NA,NA,NA,NA,NA,NA,NA,NA,NA,NA,NA,NA,NA,NA,NA,NA,
000499,inclusion,0,0.0,NA,NA,NA,NA,NA,NA,NA,NA,NA,NA,NA,NA,NA,NA,NA,NA,NA,NA,NA,NA,NA,NA,NA,NA,NA,NA,NA,NA,NA,NA,NA,NA,NA,NA,NA,
000499,patches,1609,0.040225,0.9714285714285714,0.9672131147540983,0.9855072463768116,0.9833333333333333,-0.004215456674473095,0.9361111111111111,0.9285218598195697,-0.007589251291541421,1.0,0.9985294117647059,-0.0014705882352941124,1.0,1.0,0.9970631424375918,1.0,0.9688053881602269,0.9641589779985805,-0.004646410161646353,1.0,1.0,0.0,1.0,1.0,1.0,1.0,0.9821193794372863,0.9789584429247764,-0.0031609365125099265,1.0,1.0,0.0,1.0,1.0,1.0,1.0,
000500,crazing,0,0.0,NA,NA,NA,NA,NA,NA,NA,NA,NA,NA,NA,NA,NA,NA,NA,NA,NA,NA,NA,NA,NA,NA,NA,NA,NA,NA,NA,NA,NA,NA,NA,NA,NA,NA,NA,
000500,inclusion,0,0.0,NA,NA,NA,NA,NA,NA,NA,NA,NA,NA,NA,NA,NA,NA,NA,NA,NA,NA,NA,NA,NA,NA,NA,NA,NA,NA,NA,NA,NA,NA,NA,NA,NA,NA,NA,
000500,patches,1107,0.027675,0.9571428571428572,0.9601769911504425,0.9781021897810219,0.9796839729119639,0.003034134007585343,0.8890173410404625,0.8933951332560834,0.004377792215620957,1.0,0.9987293519695045,-0.0012706480304954804,1.0,1.0,0.9974619289340102,1.0,0.9391408114558473,0.9380583680762359,-0.0010824433796113864,1.0,1.0,0.0,1.0,1.0,1.0,1.0,0.9636591478696742,0.962671090833679,-0.000988057035995249,1.0,1.0,0.0,1.0,1.0,1.0,1.0,
000501,crazing,0,0.0,NA,NA,NA,NA,NA,NA,NA,NA,NA,NA,NA,NA,NA,NA,NA,NA,NA,NA,NA,NA,NA,NA,NA,NA,NA,NA,NA,NA,NA,NA,NA,NA,NA,NA,NA,
000501,inclusion,0,0.0,NA,NA,NA,NA,NA,NA,NA,NA,NA,NA,NA,NA,NA,NA,NA,NA,NA,NA,NA,NA,NA,NA,NA,NA,NA,NA,NA,NA,NA,NA,NA,NA,NA,NA,NA,
000501,patches,1204,0.0301,0.9868095630667766,0.9893004115226337,0.9933609958506224,0.994621431526686,0.0024908484558571198,0.9624413145539906,0.9694477085781433,0.007006394024152707,1.0,1.0,0.0,1.0,1.0,1.0,1.0,0.981042654028436,0.9834221432800474,0.0023794892516113553,1.0,1.0,0.0,1.0,1.0,1.0,1.0,0.9905349794238684,0.9913828477636438,0.0008478683397754594,1.0,1.0,0.0,1.0,1.0,1.0,1.0,
000502,crazing,0,0.0,NA,NA,NA,NA,NA,NA,NA,NA,NA,NA,NA,NA,NA,NA,NA,NA,NA,NA,NA,NA,NA,NA,NA,NA,NA,NA,NA,NA,NA,NA,NA,NA,NA,NA,NA,
000502,inclusion,0,0.0,NA,NA,NA,NA,NA,NA,NA,NA,NA,NA,NA,NA,NA,NA,NA,NA,NA,NA,NA,NA,NA,NA,NA,NA,NA,NA,NA,NA,NA,NA,NA,NA,NA,NA,NA,
000502,patches,502,0.01255,0.9881422924901185,0.9822134387351779,0.9940357852882704,0.9910269192422732,-0.005928853754940677,0.9707207207207207,0.9617117117117117,-0.009009009009009028,1.0,1.0,0.0,1.0,1.0,1.0,1.0,0.9807256235827665,0.9817767653758542,0.0010511417930877398,1.0,1.0,0.0,1.0,1.0,1.0,1.0,0.9852820932134096,0.9876746096959738,0.002392516482564111,1.0,1.0,0.0,1.0,1.0,1.0,1.0,
000503,crazing,0,0.0,NA,NA,NA,NA,NA,NA,NA,NA,NA,NA,NA,NA,NA,NA,NA,NA,NA,NA,NA,NA,NA,NA,NA,NA,NA,NA,NA,NA,NA,NA,NA,NA,NA,NA,NA,
000503,inclusion,0,0.0,NA,NA,NA,NA,NA,NA,NA,NA,NA,NA,NA,NA,NA,NA,NA,NA,NA,NA,NA,NA,NA,NA,NA,NA,NA,NA,NA,NA,NA,NA,NA,NA,NA,NA,NA,
000503,patches,1050,0.02625,0.9877010406811731,0.9896226415094339,0.9938124702522608,0.9947842579421526,0.001921600828260761,0.9687123947051745,0.9734620024125452,0.004749607707370762,1.0,1.0,0.0,1.0,1.0,1.0,1.0,0.9842328684050939,0.986642380085003,0.0024095116799091043,1.0,1.0,0.0,1.0,1.0,1.0,1.0,0.9943082311733801,0.9956255468066492,0.0013173156332690894,1.0,1.0,0.0,1.0,1.0,1.0,1.0,
000504,crazing,0,0.0,NA,NA,NA,NA,NA,NA,NA,NA,NA,NA,NA,NA,NA,NA,NA,NA,NA,NA,NA,NA,NA,NA,NA,NA,NA,NA,NA,NA,NA,NA,NA,NA,NA,NA,NA,
000504,inclusion,0,0.0,NA,NA,NA,NA,NA,NA,NA,NA,NA,NA,NA,NA,NA,NA,NA,NA,NA,NA,NA,NA,NA,NA,NA,NA,NA,NA,NA,NA,NA,NA,NA,NA,NA,NA,NA,
000504,patches,946,0.02365,0.9863301787592008,0.9884088514225501,0.9931180518793012,0.9941706412294647,0.002078672663349268,0.9689366786140979,0.9736526946107784,0.004716015996680478,1.0,1.0,0.0,1.0,1.0,1.0,1.0,0.9843467790487658,0.9867389993972272,0.002392220348461427,1.0,1.0,0.0,1.0,1.0,1.0,1.0,0.994055784179241,0.9949656750572082,0.0009098908779672232,1.0,1.0,0.0,1.0,1.0,1.0,1.0,
000505,crazing,0,0.0,NA,NA,NA,NA,NA,NA,NA,NA,NA,NA,NA,NA,NA,NA,NA,NA,NA,NA,NA,NA,NA,NA,NA,NA,NA,NA,NA,NA,NA,NA,NA,NA,NA,NA,NA,
000505,inclusion,0,0.0,NA,NA,NA,NA,NA,NA,NA,NA,NA,NA,NA,NA,NA,NA,NA,NA,NA,NA,NA,NA,NA,NA,NA,NA,NA,NA,NA,NA,NA,NA,NA,NA,NA,NA,NA,
000505,patches,785,0.019625,0.9738154613466334,0.9666666666666667,0.9867340492735313,0.9830508474576272,-0.007148794679966763,0.9454545454545454,0.9288486416558862,-0.016605903798659227,1.0,1.0,0.0,1.0,1.0,1.0,1.0,0.9779853235490327,0.9687292082501663,-0.009256115298866385,1.0,1.0,0.0,1.0,1.0,1.0,1.0,0.986266531027467,0.9832317073170732,-0.0030348237103937636,1.0,1.0,0.0,1.0,1.0,1.0,1.0,
000506,crazing,0,0.0,NA,NA,NA,NA,NA,NA,NA,NA,NA,NA,NA,NA,NA,NA,NA,NA,NA,NA,NA,NA,NA,NA,NA,NA,NA,NA,NA,NA,NA,NA,NA,NA,NA,NA,NA,
000506,inclusion,0,0.0,NA,NA,NA,NA,NA,NA,NA,NA,NA,NA,NA,NA,NA,NA,NA,NA,NA,NA,NA,NA,NA,NA,NA,NA,NA,NA,NA,NA,NA,NA,NA,NA,NA,NA,NA,
000506,patches,1828,0.0457,0.9723726977248104,0.9768568353067815,0.9859928591046416,0.988292948543425,0.004484137581971082,0.9239209948792977,0.9372693726937269,0.013348377814429213,1.0,1.0,0.0,1.0,1.0,1.0,1.0,0.9599700710811822,0.9672932330827068,0.007323162001524608,1.0,1.0,0.0,1.0,1.0,1.0,1.0,0.9729437229437229,0.9796472184531886,0.006703495509465696,1.0,1.0,0.0,1.0,1.0,1.0,1.0,
000507,crazing,0,0.0,NA,NA,NA,NA,NA,NA,NA,NA,NA,NA,NA,NA,NA,NA,NA,NA,NA,NA,NA,NA,NA,NA,NA,NA,NA,NA,NA,NA,NA,NA,NA,NA,NA,NA,NA,
000507,inclusion,0,0.0,NA,NA,NA,NA,NA,NA,NA,NA,NA,NA,NA,NA,NA,NA,NA,NA,NA,NA,NA,NA,NA,NA,NA,NA,NA,NA,NA,NA,NA,NA,NA,NA,NA,NA,NA,
000507,patches,1484,0.0371,0.9846256684491979,0.9726118904475618,0.9922532839339845,0.9861158144260075,-0.012013778001636055,0.9616026711185309,0.933993399339934,-0.027609271778596955,0.9982847341337907,0.9991416309012876,0.0008568967674968953,0.9982847341337907,0.9982847341337907,1.0,0.9982847341337907,0.9801016088060965,0.9691331923890063,-0.010968416417090232,1.0,1.0,0.0,1.0,1.0,1.0,1.0,0.9851116625310173,0.9801550387596899,-0.00495662377132744,1.0,1.0,0.0,1.0,1.0,1.0,1.0,
000508,crazing,0,0.0,NA,NA,NA,NA,NA,NA,NA,NA,NA,NA,NA,NA,NA,NA,NA,NA,NA,NA,NA,NA,NA,NA,NA,NA,NA,NA,NA,NA,NA,NA,NA,NA,NA,NA,NA,
000508,inclusion,0,0.0,NA,NA,NA,NA,NA,NA,NA,NA,NA,NA,NA,NA,NA,NA,NA,NA,NA,NA,NA,NA,NA,NA,NA,NA,NA,NA,NA,NA,NA,NA,NA,NA,NA,NA,NA,
000508,patches,811,0.020275,0.9853658536585366,0.9829268292682927,0.9926289926289926,0.991389913899139,-0.0024390243902439046,0.9723618090452262,0.9685929648241206,-0.0037688442211055717,0.9987129987129987,1.0,0.0012870012870013214,0.9974293059125964,1.0,1.0,1.0,0.9854430379746836,0.986031746031746,0.0005887080570624592,1.0,1.0,0.0,1.0,1.0,1.0,1.0,0.9911678115799804,0.9931102362204725,0.001942424640492102,1.0,1.0,0.0,1.0,1.0,1.0,1.0,
000509,crazing,0,0.0,0.0,0.0,0.0,0.0,0.0,0.0,0.0,0.0,0.0,0.0,0.0,0.0,0.0,0.0,0.0,0.0,0.0,0.0,0.0,0.0,0.0,0.0,0.0,0.0,0.0,0.0,0.0,0.0,0.0,0.0,0.0,0.0,0.0,0.0,0.0,
000509,inclusion,0,0.0,NA,0.0,NA,0.0,NA,NA,0.0,NA,NA,0.0,NA,NA,NA,0.0,0.0,NA,0.0,NA,NA,0.0,NA,NA,NA,0.0,0.0,NA,0.0,NA,NA,0.0,NA,NA,NA,0.0,0.0,
000509,patches,1694,0.04235,0.6271529888551165,0.5690866510538641,0.7708592777085927,0.7253731343283583,-0.058066337801252366,0.43795620437956206,0.35603480892924705,-0.08192139545031502,0.8544143307804053,0.8347244402928857,-0.019689890487519568,0.9126466753585397,0.8031674208144797,0.8312428734321551,0.8382352941176471,0.6974032856385798,0.7209420106356039,0.02353872499702414,0.921043713995256,0.9709722155803165,0.04992850158506057,0.984354628422425,0.8653846153846154,0.9646522234891676,0.9773755656108597,0.7851059183227779,0.8431754272117673,0.05806950888898943,0.9345660522726289,0.9920519038115236,0.05748585153889474,0.9947848761408083,0.8812217194570136,0.9954389965792474,0.9886877828054299,
000510,crazing,0,0.0,0.0,NA,0.0,NA,NA,0.0,NA,NA,0.0,NA,NA,0.0,0.0,NA,NA,0.0,NA,NA,0.0,NA,NA,0.0,0.0,NA,NA,0.0,NA,NA,0.0,NA,NA,0.0,0.0,NA,NA,
000510,inclusion,0,0.0,NA,NA,NA,NA,NA,NA,NA,NA,NA,NA,NA,NA,NA,NA,NA,NA,NA,NA,NA,NA,NA,NA,NA,NA,NA,NA,NA,NA,NA,NA,NA,NA,NA,NA,NA,
000510,patches,1989,0.049725,0.6067746686303387,0.5881924198250729,0.7552703941338221,0.7407067462138596,-0.018582248805265822,0.45503176195252426,0.43623283191628515,-0.018798930036239114,0.8633174715945393,0.8179523035956524,-0.0453651679988869,0.7944969905417025,0.9451913133402275,0.7414225941422594,0.9120992761116856,0.6708962739174219,0.6558969276511397,-0.014999346266282187,0.9033718197010636,0.8801965519610131,-0.02317526774005052,0.828030954428203,0.9937952430196484,0.80418410041841,0.9720785935884177,0.7548663807324315,0.7401445466491459,-0.014721834083285645,0.9123668988929975,0.8934527153377916,-0.01891418355520591,0.8417884780739467,0.9958634953464323,0.8251046025104602,0.9741468459152016,
000511,crazing,0,0.0,NA,NA,NA,NA,NA,NA,NA,NA,NA,NA,NA,NA,NA,NA,NA,NA,NA,NA,NA,NA,NA,NA,NA,NA,NA,NA,NA,NA,NA,NA,NA,NA,NA,NA,NA,
000511,inclusion,0,0.0,0.0,NA,0.0,NA,NA,0.0,NA,NA,0.0,NA,NA,0.0,0.0,NA,NA,0.0,NA,NA,0.0,NA,NA,0.0,0.0,NA,NA,0.0,NA,NA,0.0,NA,NA,0.0,0.0,NA,NA,
000511,patches,2866,0.07165,0.8039986889544412,0.7945379485550969,0.8913517441860465,0.8855069899132897,-0.009460740399344303,0.6158064516129033,0.5905636478784041,-0.025242803734499164,0.9731037447806982,0.96830835430889,-0.004795390471808214,0.9727564102564102,0.9734513274336283,0.9648,0.9718423169750603,0.8510719754977029,0.8457416267942583,-0.00533034870344451,1.0,0.998397435897436,-0.0016025641025639858,1.0,1.0,0.9968,1.0,0.9159144893111639,0.9156230432060113,-0.00029144610515263736,1.0,0.998397435897436,-0.0016025641025639858,1.0,1.0,0.9968,1.0,
000512,crazing,0,0.0,NA,NA,NA,NA,NA,NA,NA,NA,NA,NA,NA,NA,NA,NA,NA,NA,NA,NA,NA,NA,NA,NA,NA,NA,NA,NA,NA,NA,NA,NA,NA,NA,NA,NA,NA,
000512,inclusion,0,0.0,NA,NA,NA,NA,NA,NA,NA,NA,NA,NA,NA,NA,NA,NA,NA,NA,NA,NA,NA,NA,NA,NA,NA,NA,NA,NA,NA,NA,NA,NA,NA,NA,NA,NA,NA,
000512,patches,2045,0.051125,0.983495145631068,0.9830836152730787,0.9916789035731767,0.991469656349013,-0.00041153035798924265,0.9601406799531067,0.9613583138173302,0.0012176338642234663,1.0,1.0,0.0,1.0,1.0,1.0,1.0,0.9821428571428571,0.9804038004750594,-0.0017390566677977226,1.0,1.0,0.0,1.0,1.0,1.0,1.0,0.9891183655340884,0.9882587505538325,-0.000859614980255885,1.0,1.0,0.0,1.0,1.0,1.0,1.0,
000513,crazing,0,0.0,NA,NA,NA,NA,NA,NA,NA,NA,NA,NA,NA,NA,NA,NA,NA,NA,NA,NA,NA,NA,NA,NA,NA,NA,NA,NA,NA,NA,NA,NA,NA,NA,NA,NA,NA,
000513,inclusion,0,0.0,NA,NA,NA,NA,NA,NA,NA,NA,NA,NA,NA,NA,NA,NA,NA,NA,NA,NA,NA,NA,NA,NA,NA,NA,NA,NA,NA,NA,NA,NA,NA,NA,NA,NA,NA,
000513,patches,2959,0.073975,0.9599337748344371,0.958989501312336,0.9795573576617672,0.9790654831686485,-0.0009442735221011356,0.905043341213554,0.901413982717989,-0.003629358495565005,1.0,1.0,0.0,1.0,1.0,1.0,1.0,0.9701617986972053,0.9687303252885624,-0.0014314734086429137,1.0,1.0,0.0,1.0,1.0,1.0,1.0,0.981613384131191,0.9816468253968254,3.3441265634315265e-05,1.0,1.0,0.0,1.0,1.0,1.0,1.0,
000514,crazing,0,0.0,NA,NA,NA,NA,NA,NA,NA,NA,NA,NA,NA,NA,NA,NA,NA,NA,NA,NA,NA,NA,NA,NA,NA,NA,NA,NA,NA,NA,NA,NA,NA,NA,NA,NA,NA,
000514,inclusion,0,0.0,NA,NA,NA,NA,NA,NA,NA,NA,NA,NA,NA,NA,NA,NA,NA,NA,NA,NA,NA,NA,NA,NA,NA,NA,NA,NA,NA,NA,NA,NA,NA,NA,NA,NA,NA,
000514,patches,2588,0.0647,0.9691075514874142,0.976063829787234,0.9843114468332365,0.9878869448183042,0.006956278299819818,0.9115836597649692,0.929903900508762,0.018320240743792793,1.0,0.9982445874780573,-0.0017554125219426675,1.0,1.0,1.0,0.9964953271028038,0.9576490924805532,0.965836711059641,0.008187618579087785,1.0,1.0,0.0,1.0,1.0,1.0,1.0,0.9798530954879329,0.9832355406538139,0.003382445165881043,1.0,1.0,0.0,1.0,1.0,1.0,1.0,
000515,crazing,0,0.0,NA,NA,NA,NA,NA,NA,NA,NA,NA,NA,NA,NA,NA,NA,NA,NA,NA,NA,NA,NA,NA,NA,NA,NA,NA,NA,NA,NA,NA,NA,NA,NA,NA,NA,NA,
000515,inclusion,0,0.0,NA,NA,NA,NA,NA,NA,NA,NA,NA,NA,NA,NA,NA,NA,NA,NA,NA,NA,NA,NA,NA,NA,NA,NA,NA,NA,NA,NA,NA,NA,NA,NA,NA,NA,NA,
000515,patches,2525,0.063125,0.9589624467673248,0.954633578906553,0.9790513833992095,0.9767903193810752,-0.004328867860771801,0.9062357760582612,0.8932913102206214,-0.012944465837639862,0.9985693848354792,0.9985693848354792,0.0,1.0,0.9971428571428571,1.0,0.9971428571428571,0.9617818889970788,0.9580606060606061,-0.0037212829364727806,1.0,1.0,0.0,1.0,1.0,1.0,1.0,0.9770311313591495,0.9754020813623463,-0.0016290499968032446,1.0,1.0,0.0,1.0,1.0,1.0,1.0,
000516,crazing,0,0.0,NA,NA,NA,NA,NA,NA,NA,NA,NA,NA,NA,NA,NA,NA,NA,NA,NA,NA,NA,NA,NA,NA,NA,NA,NA,NA,NA,NA,NA,NA,NA,NA,NA,NA,NA,
000516,inclusion,0,0.0,NA,NA,NA,NA,NA,NA,NA,NA,NA,NA,NA,NA,NA,NA,NA,NA,NA,NA,NA,NA,NA,NA,NA,NA,NA,NA,NA,NA,NA,NA,NA,NA,NA,NA,NA,
000516,patches,3690,0.09225,0.7647352647352648,0.7432001960303847,0.8666855363713558,0.8526848467809952,-0.02153506870488009,0.4659567602452404,0.42529448233106015,-0.040662277914180256,0.8421366978983911,0.8131666053696212,-0.02897009252876992,0.8480565371024735,0.8362989323843416,0.8044596912521441,0.8220640569395018,0.6749063670411986,0.6407696496641859,-0.034136717377012626,0.9361605673720761,0.916669926483501,-0.019490640888575106,0.931095406360424,0.9412811387900356,0.9073756432246999,0.9261565836298933,0.7862226017648734,0.7600610602275881,-0.026161541537285227,0.9760269008899324,0.9642459232249571,-0.011780977664975323,0.980565371024735,0.9715302491103203,0.9605488850771869,0.9679715302491103,
000517,crazing,0,0.0,NA,NA,NA,NA,NA,NA,NA,NA,NA,NA,NA,NA,NA,NA,NA,NA,NA,NA,NA,NA,NA,NA,NA,NA,NA,NA,NA,NA,NA,NA,NA,NA,NA,NA,NA,
000517,inclusion,0,0.0,NA,NA,NA,NA,NA,NA,NA,NA,NA,NA,NA,NA,NA,NA,NA,NA,NA,NA,NA,NA,NA,NA,NA,NA,NA,NA,NA,NA,NA,NA,NA,NA,NA,NA,NA,
000517,patches,2584,0.0646,0.9458850056369785,0.9399173864063086,0.9721900347624566,0.9690282617111885,-0.005967619230669907,0.8512676056338028,0.8511837655016911,-8.384013211171215e-05,0.9913686806411837,0.9857408555486671,-0.005627825092516581,1.0,0.9828850855745721,1.0,0.9718826405867971,0.9389984825493172,0.9319769207409657,-0.007021561808351451,1.0,0.9975490196078431,-0.002450980392156854,1.0,1.0,1.0,0.9951100244498777,0.9584171696847753,0.9564343163538874,-0.0019828533308878793,1.0,0.999388379204893,-0.0006116207951070152,1.0,1.0,1.0,0.9987775061124694,
000518,crazing,0,0.0,NA,NA,NA,NA,NA,NA,NA,NA,NA,NA,NA,NA,NA,NA,NA,NA,NA,NA,NA,NA,NA,NA,NA,NA,NA,NA,NA,NA,NA,NA,NA,NA,NA,NA,NA,
000518,inclusion,0,0.0,NA,NA,NA,NA,NA,NA,NA,NA,NA,NA,NA,NA,NA,NA,NA,NA,NA,NA,NA,NA,NA,NA,NA,NA,NA,NA,NA,NA,NA,NA,NA,NA,NA,NA,NA,
000518,patches,873,0.021825,0.9577308120133482,0.9526952695269527,0.9784090909090909,0.9757746478873239,-0.005035542486395483,0.9238197424892703,0.908994708994709,-0.014825033494561324,1.0,1.0,0.0,1.0,1.0,1.0,1.0,0.9659408151870463,0.9547211485367201,-0.011219666650326254,1.0,1.0,0.0,1.0,1.0,1.0,1.0,0.9846547314578005,0.9747368421052631,-0.009917889352537346,1.0,1.0,0.0,1.0,1.0,1.0,1.0,
000519,crazing,0,0.0,NA,NA,NA,NA,NA,NA,NA,NA,NA,NA,NA,NA,NA,NA,NA,NA,NA,NA,NA,NA,NA,NA,NA,NA,NA,NA,NA,NA,NA,NA,NA,NA,NA,NA,NA,
000519,inclusion,0,0.0,NA,NA,NA,NA,NA,NA,NA,NA,NA,NA,NA,NA,NA,NA,NA,NA,NA,NA,NA,NA,NA,NA,NA,NA,NA,NA,NA,NA,NA,NA,NA,NA,NA,NA,NA,
000519,patches,712,0.0178,0.9464285714285714,0.9386666666666666,0.9724770642201835,0.9683631361760661,-0.007761904761904748,0.9074941451990632,0.8914549653579676,-0.016039179841095597,1.0,1.0,0.0,1.0,1.0,1.0,1.0,0.9653215636822194,0.9553349875930521,-0.00998657608916731,1.0,1.0,0.0,1.0,1.0,1.0,1.0,0.9788593903638152,0.9630695443645084,-0.015789845999306773,1.0,1.0,0.0,1.0,1.0,1.0,1.0,
000520,crazing,0,0.0,NA,NA,NA,NA,NA,NA,NA,NA,NA,NA,NA,NA,NA,NA,NA,NA,NA,NA,NA,NA,NA,NA,NA,NA,NA,NA,NA,NA,NA,NA,NA,NA,NA,NA,NA,
000520,inclusion,0,0.0,NA,NA,NA,NA,NA,NA,NA,NA,NA,NA,NA,NA,NA,NA,NA,NA,NA,NA,NA,NA,NA,NA,NA,NA,NA,NA,NA,NA,NA,NA,NA,NA,NA,NA,NA,
000520,patches,2416,0.0604,0.973170731707317,0.9771428571428571,0.9864029666254636,0.9884393063583815,0.0039721254355400415,0.8988941548183255,0.9122106943335994,0.013316539515273895,1.0,0.9991474850809888,-0.0008525149190111714,1.0,1.0,1.0,0.9982964224872232,0.9494290375203915,0.9545081967213115,0.005079159200919947,1.0,1.0,0.0,1.0,1.0,1.0,1.0,0.9667132867132867,0.9696714406065712,0.0029581538932844653,1.0,1.0,0.0,1.0,1.0,1.0,1.0,
000521,crazing,0,0.0,NA,NA,NA,NA,NA,NA,NA,NA,NA,NA,NA,NA,NA,NA,NA,NA,NA,NA,NA,NA,NA,NA,NA,NA,NA,NA,NA,NA,NA,NA,NA,NA,NA,NA,NA,
000521,inclusion,0,0.0,NA,NA,NA,NA,NA,NA,NA,NA,NA,NA,NA,NA,NA,NA,NA,NA,NA,NA,NA,NA,NA,NA,NA,NA,NA,NA,NA,NA,NA,NA,NA,NA,NA,NA,NA,
000521,patches,2761,0.069025,0.9742857142857143,0.9643109540636042,0.9869753979739508,0.9818312646159382,-0.00997476022211008,0.9249370277078086,0.9002493765586035,-0.024687651149205125,0.9989384288747346,1.0,0.0010615711252653925,0.9978791092258749,1.0,1.0,1.0,0.9609069585613761,0.956419624217119,-0.004487334344257077,0.9994694960212203,1.0,0.0005305039787797394,0.9989395546129375,1.0,1.0,1.0,0.9672534544766231,0.9708848715509039,0.0036314170742807184,0.9994694960212203,1.0,0.0005305039787797394,0.9989395546129375,1.0,1.0,1.0,
000522,crazing,0,0.0,NA,NA,NA,NA,NA,NA,NA,NA,NA,NA,NA,NA,NA,NA,NA,NA,NA,NA,NA,NA,NA,NA,NA,NA,NA,NA,NA,NA,NA,NA,NA,NA,NA,NA,NA,
000522,inclusion,0,0.0,NA,NA,NA,NA,NA,NA,NA,NA,NA,NA,NA,NA,NA,NA,NA,NA,NA,NA,NA,NA,NA,NA,NA,NA,NA,NA,NA,NA,NA,NA,NA,NA,NA,NA,NA,
000522,patches,1167,0.029175,0.9491242702251876,0.9588235294117647,0.9738981600342319,0.978978978978979,0.009699259186577103,0.9039735099337748,0.9179229480737019,0.013949438139927106,1.0,0.9991047448522828,-0.0008952551477171555,1.0,1.0,1.0,0.998211091234347,0.9619469026548673,0.961436170212766,-0.0005107324421013137,1.0,1.0,0.0,1.0,1.0,1.0,1.0,0.9741584495069704,0.9704282800815771,-0.0037301694253932816,1.0,1.0,0.0,1.0,1.0,1.0,1.0,
000523,crazing,0,0.0,NA,NA,NA,NA,NA,NA,NA,NA,NA,NA,NA,NA,NA,NA,NA,NA,NA,NA,NA,NA,NA,NA,NA,NA,NA,NA,NA,NA,NA,NA,NA,NA,NA,NA,NA,
000523,inclusion,0,0.0,NA,NA,NA,NA,NA,NA,NA,NA,NA,NA,NA,NA,NA,NA,NA,NA,NA,NA,NA,NA,NA,NA,NA,NA,NA,NA,NA,NA,NA,NA,NA,NA,NA,NA,NA,
000523,patches,827,0.020675,0.6625891946992865,0.6618217054263565,0.7970570202329859,0.7965014577259475,-0.000767489272929911,0.49308380797396256,0.472671285604311,-0.020412522369651576,0.9321421533206332,0.8979838535595561,-0.03415829976107709,0.9619686800894854,0.9041095890410958,0.8832271762208068,0.91324200913242,0.814503415659485,0.7444870565675935,-0.07001635909189152,0.9790209790209791,0.9517465119417771,-0.027274467079202003,1.0,0.958904109589041,0.9469214437367304,0.95662100456621,0.8571428571428571,0.7860983102918587,-0.07104454685099837,0.9825783972125435,0.954001000917084,-0.028577396295459523,1.0,0.9657534246575342,0.9469214437367304,0.9611872146118722,
000524,crazing,0,0.0,NA,0.0,NA,0.0,NA,NA,0.0,NA,NA,0.0,NA,NA,NA,0.0,0.0,NA,0.0,NA,NA,0.0,NA,NA,NA,0.0,0.0,NA,0.0,NA,NA,0.0,NA,NA,NA,0.0,0.0,
000524,inclusion,0,0.0,NA,NA,NA,NA,NA,NA,NA,NA,NA,NA,NA,NA,NA,NA,NA,NA,NA,NA,NA,NA,NA,NA,NA,NA,NA,NA,NA,NA,NA,NA,NA,NA,NA,NA,NA,
000524,patches,1379,0.034475,0.6467268623024831,0.623789020452099,0.7854694996572995,0.7683128936029168,-0.022937841850384055,0.4651380439868975,0.427073837739289,-0.038064206247608534,0.8645886752025844,0.8660166725568053,0.0014279973542208335,0.8231631382316313,0.9104046242774566,0.81875,0.9190751445086706,0.7097774020850944,0.6871569703622393,-0.022620431722855106,0.9423965022023241,0.9515072083879423,0.009110706185618267,0.9028642590286425,0.9855491329479769,0.9075,1.0,0.7845073513276278,0.7705267647686074,-0.013980586559020458,0.9638102878144107,0.961038961038961,-0.0027713267754496673,0.9364881693648817,0.9927745664739884,0.925,1.0,
000525,crazing,0,0.0,NA,NA,NA,NA,NA,NA,NA,NA,NA,NA,NA,NA,NA,NA,NA,NA,NA,NA,NA,NA,NA,NA,NA,NA,NA,NA,NA,NA,NA,NA,NA,NA,NA,NA,NA,
000525,inclusion,0,0.0,NA,NA,NA,NA,NA,NA,NA,NA,NA,NA,NA,NA,NA,NA,NA,NA,NA,NA,NA,NA,NA,NA,NA,NA,NA,NA,NA,NA,NA,NA,NA,NA,NA,NA,NA,
000525,patches,421,0.010525,0.491183879093199,0.5266757865937073,0.6587837837837838,0.6899641577060932,0.03549190750050829,0.375,0.4251269035532995,0.05012690355329952,0.6813901729155966,0.7640997150486568,0.08270954213306025,0.5263157894736842,0.9660194174757282,0.6220238095238095,0.9902912621359223,0.48376830044557606,0.5379262352122477,0.054157934766671634,0.7096774193548387,0.782608695652174,0.0729312762973352,0.55,1.0,0.6428571428571429,1.0,0.5370643102601865,0.5896607431340872,0.0525964328739007,0.718381112984823,0.782608695652174,0.06422758266735096,0.5605263157894737,1.0,0.6428571428571429,1.0,
000526,crazing,0,0.0,NA,0.0,NA,0.0,NA,NA,0.0,NA,NA,0.0,NA,NA,NA,0.0,0.0,NA,0.0,NA,NA,0.0,NA,NA,NA,0.0,0.0,NA,0.0,NA,NA,0.0,NA,NA,NA,0.0,0.0,
000526,inclusion,0,0.0,NA,NA,NA,NA,NA,NA,NA,NA,NA,NA,NA,NA,NA,NA,NA,NA,NA,NA,NA,NA,NA,NA,NA,NA,NA,NA,NA,NA,NA,NA,NA,NA,NA,NA,NA,
000526,patches,1126,0.02815,0.6110056925996205,0.5908558030480656,0.7585394581861012,0.7428150331613854,-0.020149889551554834,0.3996328029375765,0.39420289855072466,-0.005429904386851869,0.826266389963211,0.8019960528570718,-0.02427033710613924,0.7149532710280374,0.9786324786324786,0.6743185078909613,0.9893162393162394,0.5639434677697346,0.5280538634177621,-0.035889604351972526,0.8545941123996431,0.8166383701188455,-0.037955742280797566,0.7461059190031153,1.0,0.6901004304160688,1.0,0.6580901856763925,0.6132029339853301,-0.044887251691062446,0.8667255075022066,0.820642978003384,-0.04608252949882252,0.764797507788162,1.0,0.6958393113342898,1.0,
000527,crazing,0,0.0,NA,NA,NA,NA,NA,NA,NA,NA,NA,NA,NA,NA,NA,NA,NA,NA,NA,NA,NA,NA,NA,NA,NA,NA,NA,NA,NA,NA,NA,NA,NA,NA,NA,NA,NA,
000527,inclusion,0,0.0,NA,NA,NA,NA,NA,NA,NA,NA,NA,NA,NA,NA,NA,NA,NA,NA,NA,NA,NA,NA,NA,NA,NA,NA,NA,NA,NA,NA,NA,NA,NA,NA,NA,NA,NA,
000527,patches,1400,0.035,0.9277515192437542,0.9401650618982118,0.9625218914185639,0.9691598723856788,0.012413542654457599,0.866991643454039,0.8854748603351955,0.018483216881156506,0.996235473839271,1.0,0.003764526160728976,0.995475113122172,0.996996996996997,1.0,1.0,0.9556765163297045,0.9605263157894737,0.004849799459769155,1.0,1.0,0.0,1.0,1.0,1.0,1.0,0.985820174025137,0.9845708775313404,-0.00124929649379657,1.0,1.0,0.0,1.0,1.0,1.0,1.0,
000528,crazing,0,0.0,NA,NA,NA,NA,NA,NA,NA,NA,NA,NA,NA,NA,NA,NA,NA,NA,NA,NA,NA,NA,NA,NA,NA,NA,NA,NA,NA,NA,NA,NA,NA,NA,NA,NA,NA,
000528,inclusion,0,0.0,0.0,0.0,0.0,0.0,0.0,0.0,0.0,0.0,0.0,0.0,0.0,0.0,0.0,0.0,0.0,0.0,0.0,0.0,0.0,0.0,0.0,0.0,0.0,0.0,0.0,0.0,0.0,0.0,0.0,0.0,0.0,0.0,0.0,0.0,0.0,
000528,patches,943,0.023575,0.8552631578947368,0.8660714285714286,0.9219858156028369,0.9282296650717703,0.010808270676691767,0.6968421052631579,0.7115384615384616,0.014696356275303635,0.99,0.9962198147614173,0.006219814761417308,0.9801980198019802,1.0,0.9975062344139651,0.9949367088607595,0.8249005116543491,0.8461984910040626,0.02129797934971356,0.9925187032418953,1.0,0.007481296758104716,0.9851485148514851,1.0,1.0,1.0,0.9044670499778859,0.92904953145917,0.02458248148128417,0.9937733499377335,1.0,0.0062266500622665255,0.9876237623762376,1.0,1.0,1.0,
000529,crazing,0,0.0,0.0,NA,0.0,NA,NA,0.0,NA,NA,0.0,NA,NA,0.0,0.0,NA,NA,0.0,NA,NA,0.0,NA,NA,0.0,0.0,NA,NA,0.0,NA,NA,0.0,NA,NA,0.0,0.0,NA,NA,
000529,inclusion,0,0.0,NA,NA,NA,NA,NA,NA,NA,NA,NA,NA,NA,NA,NA,NA,NA,NA,NA,NA,NA,NA,NA,NA,NA,NA,NA,NA,NA,NA,NA,NA,NA,NA,NA,NA,NA,
000529,patches,579,0.014475,0.6697860962566845,0.6333789329685362,0.8022417934347478,0.7755443886097152,-0.0364071632881483,0.38946015424164526,0.33902439024390246,-0.0504357639977428,0.8876571315450855,0.8951287999023319,0.0074716683572463305,0.8613138686131386,0.9156626506024096,0.8545454545454545,0.9397590361445783,0.6285930408472012,0.5951859956236324,-0.033407045223568854,0.9718574108818011,0.9642184557438794,-0.007638955137921677,0.9452554744525548,1.0,0.9309090909090909,1.0,0.7997601918465228,0.7562391178177598,-0.04352107402876304,0.9757009345794392,0.9681050656660413,-0.0075958689133979185,0.9525547445255474,1.0,0.9381818181818182,1.0,
000530,crazing,0,0.0,NA,NA,NA,NA,NA,NA,NA,NA,NA,NA,NA,NA,NA,NA,NA,NA,NA,NA,NA,NA,NA,NA,NA,NA,NA,NA,NA,NA,NA,NA,NA,NA,NA,NA,NA,
000530,inclusion,0,0.0,NA,NA,NA,NA,NA,NA,NA,NA,NA,NA,NA,NA,NA,NA,NA,NA,NA,NA,NA,NA,NA,NA,NA,NA,NA,NA,NA,NA,NA,NA,NA,NA,NA,NA,NA,
000530,patches,3027,0.075675,0.991779020059191,0.9888707037643207,0.9958725441637775,0.9944042132982225,-0.0029083162948703167,0.9791164658634538,0.9727673207849419,-0.00634914507851192,1.0,1.0,0.0,1.0,1.0,1.0,1.0,0.9888754045307443,0.9874620829120323,-0.0014133216187119935,1.0,1.0,0.0,1.0,1.0,1.0,1.0,0.9935820895522388,0.9931414939615327,-0.00044059559070608323,1.0,1.0,0.0,1.0,1.0,1.0,1.0,
000531,crazing,0,0.0,NA,NA,NA,NA,NA,NA,NA,NA,NA,NA,NA,NA,NA,NA,NA,NA,NA,NA,NA,NA,NA,NA,NA,NA,NA,NA,NA,NA,NA,NA,NA,NA,NA,NA,NA,
000531,inclusion,0,0.0,NA,NA,NA,NA,NA,NA,NA,NA,NA,NA,NA,NA,NA,NA,NA,NA,NA,NA,NA,NA,NA,NA,NA,NA,NA,NA,NA,NA,NA,NA,NA,NA,NA,NA,NA,
000531,patches,3531,0.088275,0.9526157217200767,0.9691752291030269,0.9757329218684248,0.9843463545339163,0.0165595073829502,0.8960962723803934,0.9327932793279328,0.03669700694753941,0.9996897300651567,1.0,0.000310269934843288,0.999379652605459,1.0,1.0,1.0,0.9622138601442458,0.980336187757691,0.018122327613445233,0.9996897300651567,1.0,0.000310269934843288,0.999379652605459,1.0,1.0,1.0,0.97753227408143,0.990454659633258,0.012922385551828008,0.9996897300651567,1.0,0.000310269934843288,0.999379652605459,1.0,1.0,1.0,
000532,crazing,0,0.0,NA,NA,NA,NA,NA,NA,NA,NA,NA,NA,NA,NA,NA,NA,NA,NA,NA,NA,NA,NA,NA,NA,NA,NA,NA,NA,NA,NA,NA,NA,NA,NA,NA,NA,NA,
000532,inclusion,0,0.0,NA,NA,NA,NA,NA,NA,NA,NA,NA,NA,NA,NA,NA,NA,NA,NA,NA,NA,NA,NA,NA,NA,NA,NA,NA,NA,NA,NA,NA,NA,NA,NA,NA,NA,NA,
000532,patches,1043,0.026075,0.8960802187784868,0.898458748866727,0.9451923076923077,0.9465138490926457,0.0023785300882402938,0.7715736040609137,0.7804878048780488,0.00891420081713512,0.9939505756710248,0.9963663407792603,0.0024157651082354903,0.9950980392156863,0.9928057553956835,0.9951338199513382,0.9976019184652278,0.8736383442265795,0.8839627805145046,0.01032443628792512,1.0,1.0,0.0,1.0,1.0,1.0,1.0,0.926975259377494,0.9270916334661354,0.0001163740886414022,1.0,1.0,0.0,1.0,1.0,1.0,1.0,
000533,crazing,0,0.0,NA,NA,NA,NA,NA,NA,NA,NA,NA,NA,NA,NA,NA,NA,NA,NA,NA,NA,NA,NA,NA,NA,NA,NA,NA,NA,NA,NA,NA,NA,NA,NA,NA,NA,NA,
000533,inclusion,0,0.0,NA,NA,NA,NA,NA,NA,NA,NA,NA,NA,NA,NA,NA,NA,NA,NA,NA,NA,NA,NA,NA,NA,NA,NA,NA,NA,NA,NA,NA,NA,NA,NA,NA,NA,NA,
000533,patches,1113,0.027825,0.9793536804308797,0.9785522788203753,0.9895691609977324,0.989159891598916,-0.0008014016105043487,0.9613564668769716,0.9629044988161011,0.0015480319391294461,0.9983766233766234,0.9991889699918897,0.0008123466152663017,1.0,0.9967585089141004,1.0,0.9983792544570502,0.9791492910758965,0.9857859531772575,0.006636662101360935,0.9991889699918897,1.0,0.0008110300081103361,1.0,0.9983792544570502,1.0,1.0,0.9846304774362329,0.9888597640891219,0.004229286652889019,1.0,1.0,0.0,1.0,1.0,1.0,1.0,
000534,crazing,0,0.0,NA,NA,NA,NA,NA,NA,NA,NA,NA,NA,NA,NA,NA,NA,NA,NA,NA,NA,NA,NA,NA,NA,NA,NA,NA,NA,NA,NA,NA,NA,NA,NA,NA,NA,NA,
000534,inclusion,0,0.0,NA,NA,NA,NA,NA,NA,NA,NA,NA,NA,NA,NA,NA,NA,NA,NA,NA,NA,NA,NA,NA,NA,NA,NA,NA,NA,NA,NA,NA,NA,NA,NA,NA,NA,NA,
000534,patches,1852,0.0463,0.9726247987117552,0.9739500265816056,0.9861224489795918,0.9868031241583625,0.0013252278698503428,0.9345549738219895,0.9354628422425033,0.0009078684205138243,1.0,1.0,0.0,1.0,1.0,1.0,1.0,0.9682167949146872,0.9670219853431046,-0.001194809571582578,1.0,1.0,0.0,1.0,1.0,1.0,1.0,0.9822966507177033,0.9812173086067523,-0.0010793421109510648,1.0,1.0,0.0,1.0,1.0,1.0,1.0,
000535,crazing,0,0.0,NA,NA,NA,NA,NA,NA,NA,NA,NA,NA,NA,NA,NA,NA,NA,NA,NA,NA,NA,NA,NA,NA,NA,NA,NA,NA,NA,NA,NA,NA,NA,NA,NA,NA,NA,
000535,inclusion,0,0.0,NA,NA,NA,NA,NA,NA,NA,NA,NA,NA,NA,NA,NA,NA,NA,NA,NA,NA,NA,NA,NA,NA,NA,NA,NA,NA,NA,NA,NA,NA,NA,NA,NA,NA,NA,
000535,patches,1218,0.03045,0.9691808596918086,0.9910130718954249,0.984349258649094,0.9954862535904802,0.021832212203616308,0.9372937293729373,0.9822934232715008,0.04499969389856351,0.9982905982905983,1.0,0.0017094017094017033,1.0,0.9965870307167235,1.0,1.0,0.9791222837665104,0.9918803418803419,0.01275805811383146,1.0,1.0,0.0,1.0,1.0,1.0,1.0,0.9880478087649402,0.9943502824858758,0.006302473720935509,1.0,1.0,0.0,1.0,1.0,1.0,1.0,
000536,crazing,0,0.0,NA,NA,NA,NA,NA,NA,NA,NA,NA,NA,NA,NA,NA,NA,NA,NA,NA,NA,NA,NA,NA,NA,NA,NA,NA,NA,NA,NA,NA,NA,NA,NA,NA,NA,NA,
000536,inclusion,0,0.0,NA,NA,NA,NA,NA,NA,NA,NA,NA,NA,NA,NA,NA,NA,NA,NA,NA,NA,NA,NA,NA,NA,NA,NA,NA,NA,NA,NA,NA,NA,NA,NA,NA,NA,NA,
000536,patches,1653,0.041325,0.9646070785842832,0.9623750734861846,0.9819847328244274,0.9808268424206111,-0.0022320050980986217,0.9101707498144024,0.9094922737306843,-0.0006784760837180714,0.9976359338061466,1.0,0.0023640661938534313,1.0,0.9952830188679245,1.0,1.0,0.9549689440993789,0.9573568958893585,0.0023879517899795255,1.0,1.0,0.0,1.0,1.0,1.0,1.0,0.9656531531531531,0.9687587168758717,0.0031055637227185295,1.0,1.0,0.0,1.0,1.0,1.0,1.0,
000537,crazing,0,0.0,NA,NA,NA,NA,NA,NA,NA,NA,NA,NA,NA,NA,NA,NA,NA,NA,NA,NA,NA,NA,NA,NA,NA,NA,NA,NA,NA,NA,NA,NA,NA,NA,NA,NA,NA,
000537,inclusion,0,0.0,NA,NA,NA,NA,NA,NA,NA,NA,NA,NA,NA,NA,NA,NA,NA,NA,NA,NA,NA,NA,NA,NA,NA,NA,NA,NA,NA,NA,NA,NA,NA,NA,NA,NA,NA,
000537,patches,2045,0.051125,0.9926864943929791,0.9893307468477207,0.9963298262784438,0.9946367625548513,-0.0033557475452583585,0.9811320754716981,0.9727602905569007,-0.008371784914797398,1.0,1.0,0.0,1.0,1.0,1.0,1.0,0.9904907975460123,0.9865484561296239,-0.003942341416388384,1.0,1.0,0.0,1.0,1.0,1.0,1.0,0.9946702198534311,0.9915929203539823,-0.0030772994994487934,1.0,1.0,0.0,1.0,1.0,1.0,1.0,
000538,crazing,0,0.0,NA,NA,NA,NA,NA,NA,NA,NA,NA,NA,NA,NA,NA,NA,NA,NA,NA,NA,NA,NA,NA,NA,NA,NA,NA,NA,NA,NA,NA,NA,NA,NA,NA,NA,NA,
000538,inclusion,0,0.0,NA,NA,NA,NA,NA,NA,NA,NA,NA,NA,NA,NA,NA,NA,NA,NA,NA,NA,NA,NA,NA,NA,NA,NA,NA,NA,NA,NA,NA,NA,NA,NA,NA,NA,NA,
000538,patches,2661,0.066525,0.948899664304364,0.9647577092511013,0.9737799043062201,0.9820627802690582,0.01585804494673726,0.8529895776193088,0.8935211267605634,0.040531549141254564,0.998219584569733,0.9946396664681357,-0.0035799181015973014,1.0,0.9964454976303317,1.0,0.9893364928909952,0.9354463506833381,0.9490876986462625,0.013641347962924377,1.0,0.997624703087886,-0.002375296912114022,1.0,1.0,1.0,0.995260663507109,0.9708154506437768,0.9727467811158799,0.0019313304721030322,1.0,0.9988137603795968,-0.0011862396204032066,1.0,1.0,1.0,0.9976303317535545,
000539,crazing,0,0.0,NA,NA,NA,NA,NA,NA,NA,NA,NA,NA,NA,NA,NA,NA,NA,NA,NA,NA,NA,NA,NA,NA,NA,NA,NA,NA,NA,NA,NA,NA,NA,NA,NA,NA,NA,
000539,inclusion,0,0.0,NA,NA,NA,NA,NA,NA,NA,NA,NA,NA,NA,NA,NA,NA,NA,NA,NA,NA,NA,NA,NA,NA,NA,NA,NA,NA,NA,NA,NA,NA,NA,NA,NA,NA,NA,
000539,patches,863,0.021575,0.9485714285714286,0.9481397970687712,0.9736070381231672,0.9733796296296297,-0.0004316315026574591,0.9042224510813595,0.901740020470829,-0.0024824306105304395,1.0,1.0,0.0,1.0,1.0,1.0,1.0,0.9527943570265871,0.946236559139785,-0.006557797886802108,1.0,1.0,0.0,1.0,1.0,1.0,1.0,0.9628857381150959,0.9578686493184635,-0.00501708879663243,1.0,1.0,0.0,1.0,1.0,1.0,1.0,
000540,crazing,0,0.0,NA,NA,NA,NA,NA,NA,NA,NA,NA,NA,NA,NA,NA,NA,NA,NA,NA,NA,NA,NA,NA,NA,NA,NA,NA,NA,NA,NA,NA,NA,NA,NA,NA,NA,NA,
000540,inclusion,0,0.0,NA,NA,NA,NA,NA,NA,NA,NA,NA,NA,NA,NA,NA,NA,NA,NA,NA,NA,NA,NA,NA,NA,NA,NA,NA,NA,NA,NA,NA,NA,NA,NA,NA,NA,NA,
000540,patches,2671,0.066775,0.9605407380343441,0.9560761346998536,0.9798732761833768,0.9775449101796407,-0.004464603334490502,0.8891224382553863,0.8758441558441559,-0.013278282411230413,0.9994410285075461,1.0,0.0005589714924538747,1.0,0.9988826815642458,1.0,1.0,0.9634216589861752,0.9561730163276998,-0.007248642658475357,1.0,1.0,0.0,1.0,1.0,1.0,1.0,0.9768306010928962,0.970806100217865,-0.006024500875031258,1.0,1.0,0.0,1.0,1.0,1.0,1.0,
000541,crazing,0,0.0,NA,NA,NA,NA,NA,NA,NA,NA,NA,NA,NA,NA,NA,NA,NA,NA,NA,NA,NA,NA,NA,NA,NA,NA,NA,NA,NA,NA,NA,NA,NA,NA,NA,NA,NA,
000541,inclusion,0,0.0,NA,NA,NA,NA,NA,NA,NA,NA,NA,NA,NA,NA,NA,NA,NA,NA,NA,NA,NA,NA,NA,NA,NA,NA,NA,NA,NA,NA,NA,NA,NA,NA,NA,NA,NA,
000541,patches,2745,0.068625,0.9545938275984391,0.9613063542776003,0.9767695099818512,0.9802714932126697,0.006712526679161113,0.8939974457215837,0.9093642611683849,0.015366815446801185,0.999096657633243,1.0,0.0009033423667570428,1.0,0.9981949458483754,1.0,1.0,0.9648114075436982,0.970228479113778,0.005417071570079757,1.0,1.0,0.0,1.0,1.0,1.0,1.0,0.9797200287150036,0.983824586628325,0.004104557913321316,1.0,1.0,0.0,1.0,1.0,1.0,1.0,
000542,crazing,0,0.0,NA,NA,NA,NA,NA,NA,NA,NA,NA,NA,NA,NA,NA,NA,NA,NA,NA,NA,NA,NA,NA,NA,NA,NA,NA,NA,NA,NA,NA,NA,NA,NA,NA,NA,NA,
000542,inclusion,0,0.0,NA,NA,NA,NA,NA,NA,NA,NA,NA,NA,NA,NA,NA,NA,NA,NA,NA,NA,NA,NA,NA,NA,NA,NA,NA,NA,NA,NA,NA,NA,NA,NA,NA,NA,NA,
000542,patches,866,0.02165,0.9369266055045872,0.9342825848849945,0.9674363528715216,0.9660249150622876,-0.0026440206195926796,0.8855421686746988,0.8851815505397449,-0.00036061813495391615,0.9956616052060737,0.9989373007438895,0.003275695537815815,1.0,0.9913606911447084,0.9978768577494692,1.0,0.9463013698630137,0.9515957446808511,0.005294374817837344,0.9978354978354979,1.0,0.0021645021645021467,1.0,0.9956803455723542,1.0,1.0,0.957065443934973,0.9646772228989038,0.0076117789639308375,0.9989189189189189,1.0,0.00108108108108107,1.0,0.9978401727861771,1.0,1.0,
000543,crazing,0,0.0,NA,NA,NA,NA,NA,NA,NA,NA,NA,NA,NA,NA,NA,NA,NA,NA,NA,NA,NA,NA,NA,NA,NA,NA,NA,NA,NA,NA,NA,NA,NA,NA,NA,NA,NA,
000543,inclusion,0,0.0,NA,NA,NA,NA,NA,NA,NA,NA,NA,NA,NA,NA,NA,NA,NA,NA,NA,NA,NA,NA,NA,NA,NA,NA,NA,NA,NA,NA,NA,NA,NA,NA,NA,NA,NA,
000543,patches,2330,0.05825,0.9711742263671047,0.9702127659574468,0.9853763440860215,0.9848812095032398,-0.0009614604096579438,0.9173652694610779,0.9179149191132414,0.0005496496521635308,1.0,1.0,0.0,1.0,1.0,1.0,1.0,0.9642409033877039,0.9660377358490566,0.0017968324613527598,1.0,1.0,0.0,1.0,1.0,1.0,1.0,0.974364896073903,0.9745547073791349,0.0001898113052318795,1.0,1.0,0.0,1.0,1.0,1.0,1.0,
000544,crazing,0,0.0,NA,NA,NA,NA,NA,NA,NA,NA,NA,NA,NA,NA,NA,NA,NA,NA,NA,NA,NA,NA,NA,NA,NA,NA,NA,NA,NA,NA,NA,NA,NA,NA,NA,NA,NA,
000544,inclusion,0,0.0,NA,NA,NA,NA,NA,NA,NA,NA,NA,NA,NA,NA,NA,NA,NA,NA,NA,NA,NA,NA,NA,NA,NA,NA,NA,NA,NA,NA,NA,NA,NA,NA,NA,NA,NA,
000544,patches,1921,0.048025,0.9901605385810461,0.9927423535510628,0.995055945875618,0.9963579604578564,0.002581814970016638,0.972972972972973,0.9798331015299027,0.006860128556929634,1.0,1.0,0.0,1.0,1.0,1.0,1.0,0.9901304194571731,0.9908289241622575,0.0006985047050844795,1.0,1.0,0.0,1.0,1.0,1.0,1.0,0.9931541582150102,0.9934060360131879,0.00025187779817770206,1.0,1.0,0.0,1.0,1.0,1.0,1.0,
000545,crazing,0,0.0,NA,NA,NA,NA,NA,NA,NA,NA,NA,NA,NA,NA,NA,NA,NA,NA,NA,NA,NA,NA,NA,NA,NA,NA,NA,NA,NA,NA,NA,NA,NA,NA,NA,NA,NA,
000545,inclusion,0,0.0,NA,NA,NA,NA,NA,NA,NA,NA,NA,NA,NA,NA,NA,NA,NA,NA,NA,NA,NA,NA,NA,NA,NA,NA,NA,NA,NA,NA,NA,NA,NA,NA,NA,NA,NA,
000545,patches,837,0.020925,0.9952267303102625,0.9952324195470799,0.9976076555023924,0.997610513739546,5.689236817318921e-06,0.9902200488997555,0.9902200488997555,0.0,1.0,1.0,0.0,1.0,1.0,1.0,1.0,0.9969268592501537,0.9969287469287469,1.8876785932153695e-06,1.0,1.0,0.0,1.0,1.0,1.0,1.0,0.9980573093734822,0.9980582524271845,9.430537022403485e-07,1.0,1.0,0.0,1.0,1.0,1.0,1.0,
000546,crazing,0,0.0,NA,NA,NA,NA,NA,NA,NA,NA,NA,NA,NA,NA,NA,NA,NA,NA,NA,NA,NA,NA,NA,NA,NA,NA,NA,NA,NA,NA,NA,NA,NA,NA,NA,NA,NA,
000546,inclusion,0,0.0,NA,NA,NA,NA,NA,NA,NA,NA,NA,NA,NA,NA,NA,NA,NA,NA,NA,NA,NA,NA,NA,NA,NA,NA,NA,NA,NA,NA,NA,NA,NA,NA,NA,NA,NA,
000546,patches,740,0.0185,0.973404255319149,0.9773635153129161,0.9865229110512129,0.9885521885521885,0.003959259993767117,0.9430122116689281,0.9522510231923602,0.009238811523432089,1.0,1.0,0.0,1.0,1.0,1.0,1.0,0.9723991507430998,0.9822064056939501,0.00980725495085033,1.0,1.0,0.0,1.0,1.0,1.0,1.0,0.9797225186766275,0.987680771290841,0.007958252614213457,1.0,1.0,0.0,1.0,1.0,1.0,1.0,
000547,crazing,0,0.0,NA,NA,NA,NA,NA,NA,NA,NA,NA,NA,NA,NA,NA,NA,NA,NA,NA,NA,NA,NA,NA,NA,NA,NA,NA,NA,NA,NA,NA,NA,NA,NA,NA,NA,NA,
000547,inclusion,0,0.0,NA,NA,NA,NA,NA,NA,NA,NA,NA,NA,NA,NA,NA,NA,NA,NA,NA,NA,NA,NA,NA,NA,NA,NA,NA,NA,NA,NA,NA,NA,NA,NA,NA,NA,NA,
000547,patches,999,0.024975,0.8880382775119617,0.8664772727272727,0.9406994424733908,0.928462709284627,-0.02156100478468903,0.776,0.7267441860465116,-0.049255813953488436,0.9907069413516814,0.9872271533054037,-0.0034797880462776876,0.9975247524752475,0.9839816933638444,0.9975490196078431,0.977116704805492,0.8747228381374723,0.8409951325040562,-0.033727705633416094,1.0,0.9988545246277205,-0.001145475372279492,1.0,1.0,1.0,0.9977116704805492,0.9219886822958772,0.9013861386138614,-0.02060254368201575,1.0,1.0,0.0,1.0,1.0,1.0,1.0,
000548,crazing,0,0.0,NA,NA,NA,NA,NA,NA,NA,NA,NA,NA,NA,NA,NA,NA,NA,NA,NA,NA,NA,NA,NA,NA,NA,NA,NA,NA,NA,NA,NA,NA,NA,NA,NA,NA,NA,
000548,inclusion,0,0.0,NA,NA,NA,NA,NA,NA,NA,NA,NA,NA,NA,NA,NA,NA,NA,NA,NA,NA,NA,NA,NA,NA,NA,NA,NA,NA,NA,NA,NA,NA,NA,NA,NA,NA,NA,
000548,patches,967,0.024175,0.9824742268041237,0.9715736040609138,0.9911596463858554,0.9855818743563337,-0.010900622743209909,0.964824120603015,0.941351888667992,-0.023472231935023014,1.0,0.9989615784008308,-0.0010384215991692258,1.0,1.0,1.0,0.9979253112033195,0.9873817034700315,0.9719188767550702,-0.015462826714961353,1.0,1.0,0.0,1.0,1.0,1.0,1.0,0.9891870244293152,0.9793486894360603,-0.009838334993254816,1.0,1.0,0.0,1.0,1.0,1.0,1.0,
000549,crazing,0,0.0,NA,NA,NA,NA,NA,NA,NA,NA,NA,NA,NA,NA,NA,NA,NA,NA,NA,NA,NA,NA,NA,NA,NA,NA,NA,NA,NA,NA,NA,NA,NA,NA,NA,NA,NA,
000549,inclusion,0,0.0,NA,NA,NA,NA,NA,NA,NA,NA,NA,NA,NA,NA,NA,NA,NA,NA,NA,NA,NA,NA,NA,NA,NA,NA,NA,NA,NA,NA,NA,NA,NA,NA,NA,NA,NA,
000549,patches,844,0.0211,0.9515366430260047,0.9788732394366197,0.9751665657177468,0.9893238434163701,0.027336596410615033,0.8937259923175416,0.9523809523809523,0.058654960063410755,1.0,1.0,0.0,1.0,1.0,1.0,1.0,0.9477513227513228,0.9758551307847082,0.028103808033385413,1.0,1.0,0.0,1.0,1.0,1.0,1.0,0.9797057331303907,0.9908952959028832,0.0111895627724925,1.0,1.0,0.0,1.0,1.0,1.0,1.0,
000550,crazing,0,0.0,NA,NA,NA,NA,NA,NA,NA,NA,NA,NA,NA,NA,NA,NA,NA,NA,NA,NA,NA,NA,NA,NA,NA,NA,NA,NA,NA,NA,NA,NA,NA,NA,NA,NA,NA,
000550,inclusion,0,0.0,NA,NA,NA,NA,NA,NA,NA,NA,NA,NA,NA,NA,NA,NA,NA,NA,NA,NA,NA,NA,NA,NA,NA,NA,NA,NA,NA,NA,NA,NA,NA,NA,NA,NA,NA,
000550,patches,1003,0.025075,0.9705304518664047,0.9733990147783251,0.9850448654037887,0.9865202196704943,0.0028685629119203915,0.9306818181818182,0.9384965831435079,0.007814764961689757,1.0,1.0,0.0,1.0,1.0,1.0,1.0,0.972336668628605,0.9741784037558685,0.0018417351272634885,1.0,1.0,0.0,1.0,1.0,1.0,1.0,0.9856083733100741,0.9873472949389179,0.0017389216288438147,1.0,1.0,0.0,1.0,1.0,1.0,1.0,
000551,crazing,0,0.0,NA,NA,NA,NA,NA,NA,NA,NA,NA,NA,NA,NA,NA,NA,NA,NA,NA,NA,NA,NA,NA,NA,NA,NA,NA,NA,NA,NA,NA,NA,NA,NA,NA,NA,NA,
000551,inclusion,0,0.0,NA,NA,NA,NA,NA,NA,NA,NA,NA,NA,NA,NA,NA,NA,NA,NA,NA,NA,NA,NA,NA,NA,NA,NA,NA,NA,NA,NA,NA,NA,NA,NA,NA,NA,NA,
000551,patches,2336,0.0584,0.8813697513249082,0.8798882681564246,0.9369447453954496,0.9361069836552749,-0.0014814831684836216,0.7859223300970873,0.769615192403798,-0.016307137693289286,0.9905718612524405,0.9641539168198332,-0.026417944432607254,0.9933407325194229,0.9878183831672204,0.9869203329369798,0.9424141749723145,0.9306666666666666,0.9186430501350946,-0.012023616531572023,1.0,0.9910614525139665,-0.00893854748603351,1.0,1.0,1.0,0.982281284606866,0.9697978596908442,0.9652611403929084,-0.004536719297935754,1.0,0.998891352549889,-0.0011086474501109667,1.0,1.0,1.0,0.9977851605758582,
000552,crazing,0,0.0,NA,NA,NA,NA,NA,NA,NA,NA,NA,NA,NA,NA,NA,NA,NA,NA,NA,NA,NA,NA,NA,NA,NA,NA,NA,NA,NA,NA,NA,NA,NA,NA,NA,NA,NA,
000552,inclusion,0,0.0,NA,NA,NA,NA,NA,NA,NA,NA,NA,NA,NA,NA,NA,NA,NA,NA,NA,NA,NA,NA,NA,NA,NA,NA,NA,NA,NA,NA,NA,NA,NA,NA,NA,NA,NA,
000552,patches,2270,0.05675,0.8538831064851882,0.8577423415862359,0.9211833297343986,0.9234244409306528,0.0038592351010476866,0.7367149758454107,0.7099161322150962,-0.026798843630314484,0.9679082401472237,0.9342382512523195,-0.033669988894904135,0.9657924743443558,0.9700332963374029,0.9912060301507538,0.8834628190899001,0.9224924012158054,0.8738574040219378,-0.04863499719386766,0.9983324068927182,0.9607843137254902,-0.03754809316722796,1.0,0.9966703662597114,1.0,0.9245283018867925,0.9584932821497121,0.9231877100336053,-0.03530557211610674,1.0,0.9807692307692307,-0.019230769230769273,1.0,1.0,1.0,0.9622641509433962,
000553,crazing,0,0.0,NA,NA,NA,NA,NA,NA,NA,NA,NA,NA,NA,NA,NA,NA,NA,NA,NA,NA,NA,NA,NA,NA,NA,NA,NA,NA,NA,NA,NA,NA,NA,NA,NA,NA,NA,
000553,inclusion,0,0.0,NA,NA,NA,NA,NA,NA,NA,NA,NA,NA,NA,NA,NA,NA,NA,NA,NA,NA,NA,NA,NA,NA,NA,NA,NA,NA,NA,NA,NA,NA,NA,NA,NA,NA,NA,
000553,patches,1380,0.0345,0.9430199430199431,0.9497167138810199,0.9706744868035191,0.9742099527787867,0.006696770861076784,0.903348073278585,0.9133205863607393,0.0099725130821543,1.0,1.0,0.0,1.0,1.0,1.0,1.0,0.9605672777585611,0.9618981641842743,0.001330886425713218,1.0,1.0,0.0,1.0,1.0,1.0,1.0,0.9760623991393222,0.9761330115312417,7.061239191941127e-05,1.0,1.0,0.0,1.0,1.0,1.0,1.0,
000554,crazing,0,0.0,NA,NA,NA,NA,NA,NA,NA,NA,NA,NA,NA,NA,NA,NA,NA,NA,NA,NA,NA,NA,NA,NA,NA,NA,NA,NA,NA,NA,NA,NA,NA,NA,NA,NA,NA,
000554,inclusion,0,0.0,NA,NA,NA,NA,NA,NA,NA,NA,NA,NA,NA,NA,NA,NA,NA,NA,NA,NA,NA,NA,NA,NA,NA,NA,NA,NA,NA,NA,NA,NA,NA,NA,NA,NA,NA,
000554,patches,861,0.021525,0.9529276693455798,0.9572553430821147,0.975896531452087,0.9781609195402299,0.004327673736534865,0.9080717488789237,0.9144144144144144,0.006342665535490677,1.0,1.0,0.0,1.0,1.0,1.0,1.0,0.965619442797866,0.9646017699115044,-0.0010176728863616757,1.0,1.0,0.0,1.0,1.0,1.0,1.0,0.9832167832167832,0.9833564493758669,0.0001396661590836734,1.0,1.0,0.0,1.0,1.0,1.0,1.0,
000555,crazing,0,0.0,NA,NA,NA,NA,NA,NA,NA,NA,NA,NA,NA,NA,NA,NA,NA,NA,NA,NA,NA,NA,NA,NA,NA,NA,NA,NA,NA,NA,NA,NA,NA,NA,NA,NA,NA,
000555,inclusion,0,0.0,NA,NA,NA,NA,NA,NA,NA,NA,NA,NA,NA,NA,NA,NA,NA,NA,NA,NA,NA,NA,NA,NA,NA,NA,NA,NA,NA,NA,NA,NA,NA,NA,NA,NA,NA,
000555,patches,3500,0.0875,0.9957191780821918,0.997432239657632,0.9978549978549979,0.9987144693615198,0.0017130615754401557,0.9639423076923077,0.9781287970838396,0.014186489391531887,1.0,1.0,0.0,1.0,1.0,1.0,1.0,0.9812007277137659,0.9890042761148442,0.007803548401078331,1.0,1.0,0.0,1.0,1.0,1.0,1.0,0.986212489862125,0.99265605875153,0.006443568889405005,1.0,1.0,0.0,1.0,1.0,1.0,1.0,
000556,crazing,0,0.0,NA,NA,NA,NA,NA,NA,NA,NA,NA,NA,NA,NA,NA,NA,NA,NA,NA,NA,NA,NA,NA,NA,NA,NA,NA,NA,NA,NA,NA,NA,NA,NA,NA,NA,NA,
000556,inclusion,0,0.0,NA,NA,NA,NA,NA,NA,NA,NA,NA,NA,NA,NA,NA,NA,NA,NA,NA,NA,NA,NA,NA,NA,NA,NA,NA,NA,NA,NA,NA,NA,NA,NA,NA,NA,NA,
000556,patches,3628,0.0907,0.9955922865013774,0.998347562654916,0.9977912755383765,0.9991730981256891,0.002755276153538544,0.9604790419161676,0.9842233009708737,0.02374425905470612,1.0,1.0,0.0,1.0,1.0,1.0,1.0,0.9788391777509069,0.9908647990255786,0.01202562127467166,1.0,1.0,0.0,1.0,1.0,1.0,1.0,0.9850384148807116,0.9930894308943089,0.008051016013597256,1.0,1.0,0.0,1.0,1.0,1.0,1.0,
000557,crazing,0,0.0,NA,NA,NA,NA,NA,NA,NA,NA,NA,NA,NA,NA,NA,NA,NA,NA,NA,NA,NA,NA,NA,NA,NA,NA,NA,NA,NA,NA,NA,NA,NA,NA,NA,NA,NA,
000557,inclusion,0,0.0,NA,NA,NA,NA,NA,NA,NA,NA,NA,NA,NA,NA,NA,NA,NA,NA,NA,NA,NA,NA,NA,NA,NA,NA,NA,NA,NA,NA,NA,NA,NA,NA,NA,NA,NA,
000557,patches,3590,0.08975,0.9947178204058938,0.9933259176863182,0.9973519163763066,0.9966517857142857,-0.0013919027195756772,0.9527744982290437,0.9413145539906104,-0.011459944238433328,1.0,1.0,0.0,1.0,1.0,1.0,1.0,0.9737313432835821,0.9678571428571429,-0.005874200426439269,1.0,1.0,0.0,1.0,1.0,1.0,1.0,0.9800239712345186,0.9776536312849162,-0.0023703399496023403,1.0,1.0,0.0,1.0,1.0,1.0,1.0,
000558,crazing,0,0.0,NA,NA,NA,NA,NA,NA,NA,NA,NA,NA,NA,NA,NA,NA,NA,NA,NA,NA,NA,NA,NA,NA,NA,NA,NA,NA,NA,NA,NA,NA,NA,NA,NA,NA,NA,
000558,inclusion,0,0.0,NA,NA,NA,NA,NA,NA,NA,NA,NA,NA,NA,NA,NA,NA,NA,NA,NA,NA,NA,NA,NA,NA,NA,NA,NA,NA,NA,NA,NA,NA,NA,NA,NA,NA,NA,
000558,patches,4138,0.10345,0.993987493987494,0.9973449191407193,0.9969846821855024,0.9986706948640484,0.0033574251532253463,0.9415204678362573,0.9714625445897741,0.02994207675351679,1.0,1.0,0.0,1.0,1.0,1.0,1.0,0.9703087885985748,0.983243566726511,0.012934778127936197,1.0,1.0,0.0,1.0,1.0,1.0,1.0,0.9797055312375647,0.9872,0.0074944687624353135,1.0,1.0,0.0,1.0,1.0,1.0,1.0,
000559,crazing,0,0.0,NA,NA,NA,NA,NA,NA,NA,NA,NA,NA,NA,NA,NA,NA,NA,NA,NA,NA,NA,NA,NA,NA,NA,NA,NA,NA,NA,NA,NA,NA,NA,NA,NA,NA,NA,
000559,inclusion,0,0.0,NA,NA,NA,NA,NA,NA,NA,NA,NA,NA,NA,NA,NA,NA,NA,NA,NA,NA,NA,NA,NA,NA,NA,NA,NA,NA,NA,NA,NA,NA,NA,NA,NA,NA,NA,
000559,patches,4120,0.103,0.9975751697381183,0.9966077053549794,0.9987861131342559,0.9983009708737864,-0.0009674643831388829,0.97352587244284,0.9688995215311005,-0.004626350911739463,1.0,1.0,0.0,1.0,1.0,1.0,1.0,0.9836561743341404,0.9837153196622437,5.914532810324946e-05,1.0,1.0,0.0,1.0,1.0,1.0,1.0,0.9870602507076426,0.9875,0.00043974929235746085,1.0,1.0,0.0,1.0,1.0,1.0,1.0,
000560,crazing,0,0.0,NA,NA,NA,NA,NA,NA,NA,NA,NA,NA,NA,NA,NA,NA,NA,NA,NA,NA,NA,NA,NA,NA,NA,NA,NA,NA,NA,NA,NA,NA,NA,NA,NA,NA,NA,
000560,inclusion,0,0.0,NA,NA,NA,NA,NA,NA,NA,NA,NA,NA,NA,NA,NA,NA,NA,NA,NA,NA,NA,NA,NA,NA,NA,NA,NA,NA,NA,NA,NA,NA,NA,NA,NA,NA,NA,
000560,patches,3878,0.09695,0.9966486207785512,0.9969080133986086,0.9983214977404777,0.9984516129032258,0.00025939262005736374,0.966785290628707,0.9691211401425178,0.002335849513810828,1.0,1.0,0.0,1.0,1.0,1.0,1.0,0.9808726838015541,0.9820574162679426,0.001184732466388505,1.0,1.0,0.0,1.0,1.0,1.0,1.0,0.9856172592888534,0.9864108713029577,0.0007936120141043279,1.0,1.0,0.0,1.0,1.0,1.0,1.0,
000561,crazing,0,0.0,NA,NA,NA,NA,NA,NA,NA,NA,NA,NA,NA,NA,NA,NA,NA,NA,NA,NA,NA,NA,NA,NA,NA,NA,NA,NA,NA,NA,NA,NA,NA,NA,NA,NA,NA,
000561,inclusion,0,0.0,NA,NA,NA,NA,NA,NA,NA,NA,NA,NA,NA,NA,NA,NA,NA,NA,NA,NA,NA,NA,NA,NA,NA,NA,NA,NA,NA,NA,NA,NA,NA,NA,NA,NA,NA,
000561,patches,3839,0.095975,0.996620743436444,0.9966145833333333,0.9983075120427027,0.9983044215468893,-6.1601031107194615e-06,0.9686746987951808,0.9686369119420989,-3.778685308186702e-05,1.0,1.0,0.0,1.0,1.0,1.0,1.0,0.98421372191864,0.98419452887538,-1.9193043260035125e-05,1.0,1.0,0.0,1.0,1.0,1.0,1.0,0.989448051948052,0.9894351889475823,-1.286300046965394e-05,1.0,1.0,0.0,1.0,1.0,1.0,1.0,
000562,crazing,0,0.0,NA,NA,NA,NA,NA,NA,NA,NA,NA,NA,NA,NA,NA,NA,NA,NA,NA,NA,NA,NA,NA,NA,NA,NA,NA,NA,NA,NA,NA,NA,NA,NA,NA,NA,NA,
000562,inclusion,0,0.0,NA,NA,NA,NA,NA,NA,NA,NA,NA,NA,NA,NA,NA,NA,NA,NA,NA,NA,NA,NA,NA,NA,NA,NA,NA,NA,NA,NA,NA,NA,NA,NA,NA,NA,NA,
000562,patches,4530,0.11325,0.9951499118165785,0.9940698440588623,0.9975690607734806,0.9970261041964974,-0.0010800677577161855,0.96484375,0.9573312645461598,-0.007512485453840201,1.0,1.0,0.0,1.0,1.0,1.0,1.0,0.9810800157666535,0.9768627450980392,-0.004217270668614326,1.0,1.0,0.0,1.0,1.0,1.0,1.0,0.9882094872497944,0.9831062670299727,-0.00510322021982168,1.0,1.0,0.0,1.0,1.0,1.0,1.0,
000563,crazing,0,0.0,NA,NA,NA,NA,NA,NA,NA,NA,NA,NA,NA,NA,NA,NA,NA,NA,NA,NA,NA,NA,NA,NA,NA,NA,NA,NA,NA,NA,NA,NA,NA,NA,NA,NA,NA,
000563,inclusion,0,0.0,NA,NA,NA,NA,NA,NA,NA,NA,NA,NA,NA,NA,NA,NA,NA,NA,NA,NA,NA,NA,NA,NA,NA,NA,NA,NA,NA,NA,NA,NA,NA,NA,NA,NA,NA,
000563,patches,4273,0.106825,0.9937018894331701,0.9941643323996265,0.9968409968409968,0.9970736275313122,0.00046244296645647776,0.9563145353455124,0.9609561752988047,0.004641639953292365,0.998371335504886,0.9991850040749797,0.0008136685700936841,0.9967479674796748,1.0,0.998371335504886,1.0,0.9793522267206478,0.979757085020243,0.0004048582995951344,1.0,1.0,0.0,1.0,1.0,1.0,1.0,0.9837421563034797,0.9840273816314888,0.00028522532800911993,1.0,1.0,0.0,1.0,1.0,1.0,1.0,
000564,crazing,0,0.0,NA,NA,NA,NA,NA,NA,NA,NA,NA,NA,NA,NA,NA,NA,NA,NA,NA,NA,NA,NA,NA,NA,NA,NA,NA,NA,NA,NA,NA,NA,NA,NA,NA,NA,NA,
000564,inclusion,0,0.0,NA,NA,NA,NA,NA,NA,NA,NA,NA,NA,NA,NA,NA,NA,NA,NA,NA,NA,NA,NA,NA,NA,NA,NA,NA,NA,NA,NA,NA,NA,NA,NA,NA,NA,NA,
000564,patches,3812,0.0953,0.9773555439875065,0.9792369582143784,0.9885481110964854,0.98950957251508,0.0018814142268719358,0.9272953884503531,0.9323651452282158,0.0050697567778626995,0.9982467672243664,0.9895504398209173,-0.008696327403449167,0.9973730297723292,0.9991220368744512,0.9835640138408305,0.9956101843722563,0.96280182727866,0.960856401384083,-0.0019454258945770242,1.0,0.9917268224098315,-0.008273177590168546,1.0,1.0,0.9852941176470589,0.9982440737489026,0.97265625,0.9677918860328275,-0.004864363967172491,1.0,0.9925925925925926,-0.007407407407407418,1.0,1.0,0.9852941176470589,1.0,
000565,crazing,0,0.0,NA,NA,NA,NA,NA,NA,NA,NA,NA,NA,NA,NA,NA,NA,NA,NA,NA,NA,NA,NA,NA,NA,NA,NA,NA,NA,NA,NA,NA,NA,NA,NA,NA,NA,NA,
000565,inclusion,0,0.0,NA,NA,NA,NA,NA,NA,NA,NA,NA,NA,NA,NA,NA,NA,NA,NA,NA,NA,NA,NA,NA,NA,NA,NA,NA,NA,NA,NA,NA,NA,NA,NA,NA,NA,NA,
000565,patches,3240,0.081,0.959830866807611,0.9634109464771696,0.9795037756202805,0.9813645464346219,0.0035800796695586445,0.8660076880834706,0.8850252383623107,0.019017550278840112,0.9994065281899109,0.9886022795440912,-0.010804248645819747,1.0,0.9988137603795967,1.0,0.9774614472123369,0.9361393323657474,0.9410384276914051,0.0048990953256576875,1.0,0.9952324195470799,-0.004767580452920139,1.0,1.0,1.0,0.9905100830367735,0.9560975609756097,0.9623798814148435,0.006282320439233824,1.0,0.9976218787158145,-0.0023781212841854638,1.0,1.0,1.0,0.9952550415183867,
000566,crazing,0,0.0,NA,NA,NA,NA,NA,NA,NA,NA,NA,NA,NA,NA,NA,NA,NA,NA,NA,NA,NA,NA,NA,NA,NA,NA,NA,NA,NA,NA,NA,NA,NA,NA,NA,NA,NA,
000566,inclusion,0,0.0,NA,NA,NA,NA,NA,NA,NA,NA,NA,NA,NA,NA,NA,NA,NA,NA,NA,NA,NA,NA,NA,NA,NA,NA,NA,NA,NA,NA,NA,NA,NA,NA,NA,NA,NA,
000566,patches,1287,0.032175,0.9561538461538461,0.9558052434456928,0.9775855289028706,0.9774032937571812,-0.0003486027081532894,0.8841698841698842,0.8859060402684564,0.0017361560985722502,0.9989806320081549,1.0,0.0010193679918450993,1.0,0.9979633401221996,1.0,1.0,0.9357569721115537,0.9391390400791687,0.0033820679676149767,1.0,1.0,0.0,1.0,1.0,1.0,1.0,0.9536063791228706,0.9661627069834413,0.012556327860570704,1.0,1.0,0.0,1.0,1.0,1.0,1.0,
000567,crazing,0,0.0,NA,NA,NA,NA,NA,NA,NA,NA,NA,NA,NA,NA,NA,NA,NA,NA,NA,NA,NA,NA,NA,NA,NA,NA,NA,NA,NA,NA,NA,NA,NA,NA,NA,NA,NA,
000567,inclusion,0,0.0,NA,NA,NA,NA,NA,NA,NA,NA,NA,NA,NA,NA,NA,NA,NA,NA,NA,NA,NA,NA,NA,NA,NA,NA,NA,NA,NA,NA,NA,NA,NA,NA,NA,NA,NA,
000567,patches,1089,0.027225,0.9454049135577798,0.9483526268922529,0.9719363891487371,0.973491773308958,0.002947713334473079,0.8743343982960596,0.884698275862069,0.010363877566009316,1.0,1.0,0.0,1.0,1.0,1.0,1.0,0.9439679817038308,0.9436539556061468,-0.0003140260976839393,1.0,1.0,0.0,1.0,1.0,1.0,1.0,0.9623360135421075,0.9651260504201681,0.0027900368780605644,1.0,1.0,0.0,1.0,1.0,1.0,1.0,
000568,crazing,0,0.0,NA,NA,NA,NA,NA,NA,NA,NA,NA,NA,NA,NA,NA,NA,NA,NA,NA,NA,NA,NA,NA,NA,NA,NA,NA,NA,NA,NA,NA,NA,NA,NA,NA,NA,NA,
000568,inclusion,0,0.0,NA,NA,NA,NA,NA,NA,NA,NA,NA,NA,NA,NA,NA,NA,NA,NA,NA,NA,NA,NA,NA,NA,NA,NA,NA,NA,NA,NA,NA,NA,NA,NA,NA,NA,NA,
000568,patches,1485,0.037125,0.9865951742627346,0.9846768820786143,0.9932523616734144,0.9922792883517959,-0.0019182921841203182,0.9625531914893617,0.9594594594594594,-0.003093732029902263,0.997398091934085,1.0,0.002601908065914982,1.0,0.9948096885813149,1.0,1.0,0.9789010989010989,0.978583916083916,-0.00031718281718284835,0.9991341991341991,1.0,0.0008658008658009031,1.0,0.9982698961937716,1.0,1.0,0.9822706065318818,0.9845153298234748,0.002244723291592976,1.0,1.0,0.0,1.0,1.0,1.0,1.0,
000569,crazing,0,0.0,NA,NA,NA,NA,NA,NA,NA,NA,NA,NA,NA,NA,NA,NA,NA,NA,NA,NA,NA,NA,NA,NA,NA,NA,NA,NA,NA,NA,NA,NA,NA,NA,NA,NA,NA,
000569,inclusion,0,0.0,NA,NA,NA,NA,NA,NA,NA,NA,NA,NA,NA,NA,NA,NA,NA,NA,NA,NA,NA,NA,NA,NA,NA,NA,NA,NA,NA,NA,NA,NA,NA,NA,NA,NA,NA,
000569,patches,1715,0.042875,0.9579067121729238,0.9626696832579186,0.9785008715862871,0.9809798270893372,0.004762971084994794,0.911509900990099,0.9208722741433022,0.009362373153203207,1.0,1.0,0.0,1.0,1.0,1.0,1.0,0.9579941387170303,0.9656638325703074,0.007669693853277093,1.0,1.0,0.0,1.0,1.0,1.0,1.0,0.9747695293546822,0.9796165979131278,0.004847068558445633,1.0,1.0,0.0,1.0,1.0,1.0,1.0,
000570,crazing,0,0.0,NA,NA,NA,NA,NA,NA,NA,NA,NA,NA,NA,NA,NA,NA,NA,NA,NA,NA,NA,NA,NA,NA,NA,NA,NA,NA,NA,NA,NA,NA,NA,NA,NA,NA,NA,
000570,inclusion,0,0.0,NA,NA,NA,NA,NA,NA,NA,NA,NA,NA,NA,NA,NA,NA,NA,NA,NA,NA,NA,NA,NA,NA,NA,NA,NA,NA,NA,NA,NA,NA,NA,NA,NA,NA,NA,
000570,patches,1883,0.047075,0.963254593175853,0.9702970297029703,0.9812834224598931,0.9849246231155779,0.007042436527117224,0.9165227403569373,0.9352226720647774,0.018699931707840123,0.9987834549878346,0.9957446808510638,-0.0030387741367707832,1.0,0.9975698663426489,0.9915254237288136,1.0,0.9556828459451311,0.9697793895436688,0.014096543598537736,1.0,0.9987878787878788,-0.00121212121212122,1.0,1.0,0.9975786924939467,1.0,0.9738695750965689,0.9818346957311535,0.007965120634584544,1.0,1.0,0.0,1.0,1.0,1.0,1.0,
000571,crazing,0,0.0,NA,NA,NA,NA,NA,NA,NA,NA,NA,NA,NA,NA,NA,NA,NA,NA,NA,NA,NA,NA,NA,NA,NA,NA,NA,NA,NA,NA,NA,NA,NA,NA,NA,NA,NA,
000571,inclusion,0,0.0,NA,NA,NA,NA,NA,NA,NA,NA,NA,NA,NA,NA,NA,NA,NA,NA,NA,NA,NA,NA,NA,NA,NA,NA,NA,NA,NA,NA,NA,NA,NA,NA,NA,NA,NA,
000571,patches,2984,0.0746,0.9777630268835048,0.9788848564830089,0.9887565027689209,0.9893297765921975,0.0011218295995041316,0.9268423883808499,0.9289176090468497,0.002075220665999855,1.0,1.0,0.0,1.0,1.0,1.0,1.0,0.9643547941420282,0.9610604805302403,-0.0032943136117878913,1.0,1.0,0.0,1.0,1.0,1.0,1.0,0.9768728997825658,0.9736116581331232,-0.0032612416494425256,1.0,1.0,0.0,1.0,1.0,1.0,1.0,
000572,crazing,0,0.0,NA,NA,NA,NA,NA,NA,NA,NA,NA,NA,NA,NA,NA,NA,NA,NA,NA,NA,NA,NA,NA,NA,NA,NA,NA,NA,NA,NA,NA,NA,NA,NA,NA,NA,NA,
000572,inclusion,0,0.0,NA,NA,NA,NA,NA,NA,NA,NA,NA,NA,NA,NA,NA,NA,NA,NA,NA,NA,NA,NA,NA,NA,NA,NA,NA,NA,NA,NA,NA,NA,NA,NA,NA,NA,NA,
000572,patches,1740,0.0435,0.9545454545454546,0.9707042253521126,0.9767441860465116,0.985134362492853,0.016158770806658063,0.8910478834142956,0.9309608540925267,0.039912970678231074,1.0,1.0,0.0,1.0,1.0,1.0,1.0,0.9453551912568307,0.966789667896679,0.02143447663984832,1.0,1.0,0.0,1.0,1.0,1.0,1.0,0.9671436142024378,0.9773272872766071,0.010183673074169342,1.0,1.0,0.0,1.0,1.0,1.0,1.0,
000573,crazing,0,0.0,NA,NA,NA,NA,NA,NA,NA,NA,NA,NA,NA,NA,NA,NA,NA,NA,NA,NA,NA,NA,NA,NA,NA,NA,NA,NA,NA,NA,NA,NA,NA,NA,NA,NA,NA,
000573,inclusion,0,0.0,NA,NA,NA,NA,NA,NA,NA,NA,NA,NA,NA,NA,NA,NA,NA,NA,NA,NA,NA,NA,NA,NA,NA,NA,NA,NA,NA,NA,NA,NA,NA,NA,NA,NA,NA,
000573,patches,4382,0.10955,0.9906839354692115,0.9875452898550725,0.9953201689304874,0.9937336219665034,-0.003138645614139013,0.965847563515202,0.95848899958489,-0.007358563930311979,1.0,0.9987141020145734,-0.001285897985426554,1.0,1.0,1.0,0.997431506849315,0.9839357429718876,0.9820447824250106,-0.0018909605468769852,1.0,1.0,0.0,1.0,1.0,1.0,1.0,0.989086996618506,0.9900153609831029,0.0009283643645969786,1.0,1.0,0.0,1.0,1.0,1.0,1.0,
000574,crazing,0,0.0,NA,NA,NA,NA,NA,NA,NA,NA,NA,NA,NA,NA,NA,NA,NA,NA,NA,NA,NA,NA,NA,NA,NA,NA,NA,NA,NA,NA,NA,NA,NA,NA,NA,NA,NA,
000574,inclusion,0,0.0,NA,NA,NA,NA,NA,NA,NA,NA,NA,NA,NA,NA,NA,NA,NA,NA,NA,NA,NA,NA,NA,NA,NA,NA,NA,NA,NA,NA,NA,NA,NA,NA,NA,NA,NA,
000574,patches,5888,0.1472,0.979012760241773,0.9726712214630895,0.9893950962925256,0.9861463084980571,-0.0063415387786834865,0.9136107193229901,0.8893116568661363,-0.02429906245685376,0.993673744289067,0.9974102167360838,0.003736472447016803,0.9970282317979198,0.9903417533432393,0.9977924944812362,0.9970282317979198,0.9589893811790553,0.9499457896638959,-0.009043591515159433,0.9966455460305628,0.999631947000368,0.0029864009698051808,1.0,0.9933135215453195,0.9992641648270787,1.0,0.9746646795827124,0.9692947170823277,-0.005369962500384684,0.9977661950856292,1.0,0.0022338049143707517,1.0,0.9955423476968797,1.0,1.0,
000575,crazing,0,0.0,NA,NA,NA,NA,NA,NA,NA,NA,NA,NA,NA,NA,NA,NA,NA,NA,NA,NA,NA,NA,NA,NA,NA,NA,NA,NA,NA,NA,NA,NA,NA,NA,NA,NA,NA,
000575,inclusion,0,0.0,NA,NA,NA,NA,NA,NA,NA,NA,NA,NA,NA,NA,NA,NA,NA,NA,NA,NA,NA,NA,NA,NA,NA,NA,NA,NA,NA,NA,NA,NA,NA,NA,NA,NA,NA,
000575,patches,5262,0.13155,0.9735599622285175,0.9838132881611142,0.9866028708133971,0.9918406072106262,0.010253325932596757,0.9017341040462428,0.9382352941176471,0.03650119007140429,0.997686077557099,0.9984555984555985,0.000769520898499465,0.9976851851851852,0.9976869699306091,1.0,0.9969159599074788,0.9599380685117089,0.9722868217054264,0.012348753193717421,1.0,0.9992283950617284,-0.0007716049382715529,1.0,1.0,1.0,0.9984579799537394,0.9739782209022769,0.9836158192090395,0.009637598306762585,1.0,1.0,0.0,1.0,1.0,1.0,1.0,
000576,crazing,0,0.0,NA,NA,NA,NA,NA,NA,NA,NA,NA,NA,NA,NA,NA,NA,NA,NA,NA,NA,NA,NA,NA,NA,NA,NA,NA,NA,NA,NA,NA,NA,NA,NA,NA,NA,NA,
000576,inclusion,0,0.0,NA,NA,NA,NA,NA,NA,NA,NA,NA,NA,NA,NA,NA,NA,NA,NA,NA,NA,NA,NA,NA,NA,NA,NA,NA,NA,NA,NA,NA,NA,NA,NA,NA,NA,NA,
000576,patches,3857,0.096425,0.9906808180170852,0.9891919711785898,0.9953185955786736,0.9945666235446313,-0.0014888468384953724,0.9488795518207283,0.9409722222222222,-0.007907329598506041,0.9978339350180505,1.0,0.0021660649819494893,1.0,0.9956772334293948,1.0,1.0,0.972202166064982,0.9687724335965542,-0.003429732468427815,1.0,1.0,0.0,1.0,1.0,1.0,1.0,0.9788293897882939,0.9776951672862454,-0.001134222502048532,1.0,1.0,0.0,1.0,1.0,1.0,1.0,
000577,crazing,0,0.0,NA,NA,NA,NA,NA,NA,NA,NA,NA,NA,NA,NA,NA,NA,NA,NA,NA,NA,NA,NA,NA,NA,NA,NA,NA,NA,NA,NA,NA,NA,NA,NA,NA,NA,NA,
000577,inclusion,0,0.0,NA,NA,NA,NA,NA,NA,NA,NA,NA,NA,NA,NA,NA,NA,NA,NA,NA,NA,NA,NA,NA,NA,NA,NA,NA,NA,NA,NA,NA,NA,NA,NA,NA,NA,NA,
000577,patches,3487,0.087175,0.9911225658648339,0.9891799544419134,0.9955414928807709,0.9945605496707701,-0.001942611422920515,0.9492697924673328,0.9414448669201521,-0.007824925547180728,1.0,0.9984051036682616,-0.0015948963317383713,1.0,1.0,0.9968152866242038,1.0,0.9751675206937328,0.968421052631579,-0.006746468062153843,1.0,1.0,0.0,1.0,1.0,1.0,1.0,0.9796591533809785,0.9735838779956427,-0.00607527538533581,1.0,1.0,0.0,1.0,1.0,1.0,1.0,
000578,crazing,0,0.0,NA,NA,NA,NA,NA,NA,NA,NA,NA,NA,NA,NA,NA,NA,NA,NA,NA,NA,NA,NA,NA,NA,NA,NA,NA,NA,NA,NA,NA,NA,NA,NA,NA,NA,NA,
000578,inclusion,0,0.0,NA,NA,NA,NA,NA,NA,NA,NA,NA,NA,NA,NA,NA,NA,NA,NA,NA,NA,NA,NA,NA,NA,NA,NA,NA,NA,NA,NA,NA,NA,NA,NA,NA,NA,NA,
000578,patches,4425,0.110625,0.9876070301937809,0.9867653656348138,0.9937648792653894,0.99333860223552,-0.0008416645589671701,0.9552941176470588,0.9531066822977726,-0.0021874353492862264,0.9983838375904059,1.0,0.0016161624095940574,0.9991902834008097,0.9975786924939467,1.0,1.0,0.9776447105788423,0.9767117834394905,-0.0009329271393517802,0.9995962858296327,1.0,0.0004037141703673308,1.0,0.9991928974979822,1.0,1.0,0.9841063430140153,0.9848659556068031,0.0007596125927877839,1.0,1.0,0.0,1.0,1.0,1.0,1.0,
000579,crazing,0,0.0,NA,NA,NA,NA,NA,NA,NA,NA,NA,NA,NA,NA,NA,NA,NA,NA,NA,NA,NA,NA,NA,NA,NA,NA,NA,NA,NA,NA,NA,NA,NA,NA,NA,NA,NA,
000579,inclusion,0,0.0,NA,NA,NA,NA,NA,NA,NA,NA,NA,NA,NA,NA,NA,NA,NA,NA,NA,NA,NA,NA,NA,NA,NA,NA,NA,NA,NA,NA,NA,NA,NA,NA,NA,NA,NA,
000579,patches,4308,0.1077,0.9810754673436418,0.9882298638356797,0.9904473438956197,0.9940800928612884,0.007154396492037862,0.9119627136198861,0.9450897571277719,0.033127043507885756,1.0,1.0,0.0,1.0,1.0,1.0,1.0,0.953556263269639,0.9715588945532599,0.018002631283620896,1.0,1.0,0.0,1.0,1.0,1.0,1.0,0.9712971481140754,0.9805771365149833,0.009279988400907935,1.0,1.0,0.0,1.0,1.0,1.0,1.0,
000580,crazing,0,0.0,NA,NA,NA,NA,NA,NA,NA,NA,NA,NA,NA,NA,NA,NA,NA,NA,NA,NA,NA,NA,NA,NA,NA,NA,NA,NA,NA,NA,NA,NA,NA,NA,NA,NA,NA,
000580,inclusion,0,0.0,NA,NA,NA,NA,NA,NA,NA,NA,NA,NA,NA,NA,NA,NA,NA,NA,NA,NA,NA,NA,NA,NA,NA,NA,NA,NA,NA,NA,NA,NA,NA,NA,NA,NA,NA,
000580,patches,5361,0.134025,0.957072994022822,0.9791132282887505,0.9780657103192967,0.9894463988150343,0.022040234265928493,0.8478419897585955,0.9260223048327137,0.07818031507411827,0.9732006553405697,0.9984496124031007,0.025248957062531052,0.9894991922455574,0.9574303405572755,1.0,0.9969040247678018,0.9366937884500893,0.972244250594766,0.03555046214467672,0.9921996879875196,1.0,0.007800312012480437,1.0,0.9845201238390093,1.0,1.0,0.9618992639630538,0.9844492440604752,0.022549980097421374,0.9937694704049844,1.0,0.006230529595015577,1.0,0.9876160990712074,1.0,1.0,
000581,crazing,0,0.0,NA,NA,NA,NA,NA,NA,NA,NA,NA,NA,NA,NA,NA,NA,NA,NA,NA,NA,NA,NA,NA,NA,NA,NA,NA,NA,NA,NA,NA,NA,NA,NA,NA,NA,NA,
000581,inclusion,0,0.0,NA,NA,NA,NA,NA,NA,NA,NA,NA,NA,NA,NA,NA,NA,NA,NA,NA,NA,NA,NA,NA,NA,NA,NA,NA,NA,NA,NA,NA,NA,NA,NA,NA,NA,NA,
000581,patches,1375,0.034375,0.9676258992805755,0.965149359886202,0.9835466179159049,0.9822656532754253,-0.0024765393943735337,0.9319412219644239,0.9256704980842911,-0.0062707238801327225,1.0,1.0,0.0,1.0,1.0,1.0,1.0,0.9717356687898089,0.9659540775930324,-0.005781591196776459,1.0,1.0,0.0,1.0,1.0,1.0,1.0,0.9852515905147484,0.9773379231210556,-0.007913667393692814,1.0,1.0,0.0,1.0,1.0,1.0,1.0,
000582,crazing,0,0.0,NA,NA,NA,NA,NA,NA,NA,NA,NA,NA,NA,NA,NA,NA,NA,NA,NA,NA,NA,NA,NA,NA,NA,NA,NA,NA,NA,NA,NA,NA,NA,NA,NA,NA,NA,
000582,inclusion,0,0.0,NA,NA,NA,NA,NA,NA,NA,NA,NA,NA,NA,NA,NA,NA,NA,NA,NA,NA,NA,NA,NA,NA,NA,NA,NA,NA,NA,NA,NA,NA,NA,NA,NA,NA,NA,
000582,patches,1636,0.0409,0.9762917933130699,0.9866747425802543,0.9880036911719471,0.9932926829268293,0.010382949267184416,0.9195046439628483,0.9527806925498427,0.0332760485869944,1.0,1.0,0.0,1.0,1.0,1.0,1.0,0.9588173178458289,0.975557917109458,0.01674059926362914,1.0,1.0,0.0,1.0,1.0,1.0,1.0,0.9717902350813743,0.9862119013062409,0.014421666224866625,1.0,1.0,0.0,1.0,1.0,1.0,1.0,
000583,crazing,0,0.0,NA,NA,NA,NA,NA,NA,NA,NA,NA,NA,NA,NA,NA,NA,NA,NA,NA,NA,NA,NA,NA,NA,NA,NA,NA,NA,NA,NA,NA,NA,NA,NA,NA,NA,NA,
000583,inclusion,0,0.0,NA,NA,NA,NA,NA,NA,NA,NA,NA,NA,NA,NA,NA,NA,NA,NA,NA,NA,NA,NA,NA,NA,NA,NA,NA,NA,NA,NA,NA,NA,NA,NA,NA,NA,NA,
000583,patches,2092,0.0523,0.9763593380614657,0.9806603773584905,0.9880382775119617,0.9902357704215289,0.004301039297024856,0.9303415941058272,0.9460916442048517,0.015750050099024526,1.0,0.9993031358885017,-0.0006968641114982743,1.0,1.0,1.0,0.9986072423398329,0.9641515875725504,0.9726308587068081,0.008479271134257726,1.0,1.0,0.0,1.0,1.0,1.0,1.0,0.9791513367672308,0.9857912787849094,0.006639942017678591,1.0,1.0,0.0,1.0,1.0,1.0,1.0,
000584,crazing,0,0.0,NA,NA,NA,NA,NA,NA,NA,NA,NA,NA,NA,NA,NA,NA,NA,NA,NA,NA,NA,NA,NA,NA,NA,NA,NA,NA,NA,NA,NA,NA,NA,NA,NA,NA,NA,
000584,inclusion,0,0.0,NA,NA,NA,NA,NA,NA,NA,NA,NA,NA,NA,NA,NA,NA,NA,NA,NA,NA,NA,NA,NA,NA,NA,NA,NA,NA,NA,NA,NA,NA,NA,NA,NA,NA,NA,
000584,patches,1100,0.0275,0.9757194244604317,0.9765765765765766,0.9877105143377333,0.9881494986326345,0.0008571521161448992,0.9251040221914009,0.9253112033195021,0.00020718112810125255,1.0,1.0,0.0,1.0,1.0,1.0,1.0,0.961020552799433,0.9603960396039604,-0.0006245131954726313,1.0,1.0,0.0,1.0,1.0,1.0,1.0,0.975826344351258,0.9763313609467456,0.0005050165954875174,1.0,1.0,0.0,1.0,1.0,1.0,1.0,
000585,crazing,0,0.0,NA,NA,NA,NA,NA,NA,NA,NA,NA,NA,NA,NA,NA,NA,NA,NA,NA,NA,NA,NA,NA,NA,NA,NA,NA,NA,NA,NA,NA,NA,NA,NA,NA,NA,NA,
000585,inclusion,0,0.0,NA,NA,NA,NA,NA,NA,NA,NA,NA,NA,NA,NA,NA,NA,NA,NA,NA,NA,NA,NA,NA,NA,NA,NA,NA,NA,NA,NA,NA,NA,NA,NA,NA,NA,NA,
000585,patches,1407,0.035175,0.971106412966878,0.9671558350803634,0.985341437254201,0.983303730017762,-0.00395057788651465,0.9079956188389924,0.8996728462377317,-0.008322772601260686,1.0,1.0,0.0,1.0,1.0,1.0,1.0,0.9488476672287802,0.9433856502242153,-0.005462017004564945,1.0,1.0,0.0,1.0,1.0,1.0,1.0,0.9676923076923077,0.966589861751152,-0.0011024459411557164,1.0,1.0,0.0,1.0,1.0,1.0,1.0,
000586,crazing,0,0.0,NA,NA,NA,NA,NA,NA,NA,NA,NA,NA,NA,NA,NA,NA,NA,NA,NA,NA,NA,NA,NA,NA,NA,NA,NA,NA,NA,NA,NA,NA,NA,NA,NA,NA,NA,
000586,inclusion,0,0.0,NA,NA,NA,NA,NA,NA,NA,NA,NA,NA,NA,NA,NA,NA,NA,NA,NA,NA,NA,NA,NA,NA,NA,NA,NA,NA,NA,NA,NA,NA,NA,NA,NA,NA,NA,
000586,patches,1372,0.0343,0.9511494252873564,0.9617292700212615,0.9749631811487481,0.9804913294797688,0.010579844733905164,0.8329326923076923,0.85995085995086,0.027018167643167668,0.9973261265394485,0.9919641556170772,-0.00536197092237134,0.9973118279569892,0.9973404255319149,0.9972826086956522,0.9867021276595744,0.9109848484848485,0.9286632390745502,0.017678390589701665,1.0,0.9959946595460614,-0.004005340453938633,1.0,1.0,1.0,0.9920212765957447,0.9436867575890893,0.9477644975652944,0.004077739976205086,1.0,1.0,0.0,1.0,1.0,1.0,1.0,
000587,crazing,0,0.0,NA,NA,NA,NA,NA,NA,NA,NA,NA,NA,NA,NA,NA,NA,NA,NA,NA,NA,NA,NA,NA,NA,NA,NA,NA,NA,NA,NA,NA,NA,NA,NA,NA,NA,NA,
000587,inclusion,0,0.0,NA,NA,NA,NA,NA,NA,NA,NA,NA,NA,NA,NA,NA,NA,NA,NA,NA,NA,NA,NA,NA,NA,NA,NA,NA,NA,NA,NA,NA,NA,NA,NA,NA,NA,NA,
000587,patches,3677,0.091925,0.9849137931034483,0.9790378930395055,0.992399565689468,0.9894079304725693,-0.005875900063942785,0.8859198355601233,0.8444666001994018,-0.04145323536072154,0.9967707212055974,0.9946108711252445,-0.0021598500803529097,1.0,0.9935622317596566,0.9978260869565218,0.9914163090128756,0.9379639448568399,0.9173166926677067,-0.020647252189133214,1.0,1.0,0.0,1.0,1.0,1.0,1.0,0.9549194991055456,0.9421516754850088,-0.012767823620536856,1.0,1.0,0.0,1.0,1.0,1.0,1.0,
000588,crazing,0,0.0,NA,NA,NA,NA,NA,NA,NA,NA,NA,NA,NA,NA,NA,NA,NA,NA,NA,NA,NA,NA,NA,NA,NA,NA,NA,NA,NA,NA,NA,NA,NA,NA,NA,NA,NA,
000588,inclusion,0,0.0,NA,NA,NA,NA,NA,NA,NA,NA,NA,NA,NA,NA,NA,NA,NA,NA,NA,NA,NA,NA,NA,NA,NA,NA,NA,NA,NA,NA,NA,NA,NA,NA,NA,NA,NA,
000588,patches,2656,0.0664,0.9805097451274363,0.9795081967213115,0.9901589704769115,0.989648033126294,-0.0010015484061247637,0.8898305084745762,0.8829113924050633,-0.006919116069512898,1.0,1.0,0.0,1.0,1.0,1.0,1.0,0.9427168576104746,0.9380097879282219,-0.0047070696822527625,1.0,1.0,0.0,1.0,1.0,1.0,1.0,0.9613686534216336,0.9574468085106383,-0.003921844910995231,1.0,1.0,0.0,1.0,1.0,1.0,1.0,
000589,crazing,0,0.0,NA,NA,NA,NA,NA,NA,NA,NA,NA,NA,NA,NA,NA,NA,NA,NA,NA,NA,NA,NA,NA,NA,NA,NA,NA,NA,NA,NA,NA,NA,NA,NA,NA,NA,NA,
000589,inclusion,0,0.0,NA,NA,NA,NA,NA,NA,NA,NA,NA,NA,NA,NA,NA,NA,NA,NA,NA,NA,NA,NA,NA,NA,NA,NA,NA,NA,NA,NA,NA,NA,NA,NA,NA,NA,NA,
000589,patches,1937,0.048425,0.9847172694854814,0.981237322515213,0.992299794661191,0.9905298182748912,-0.0034799469702684327,0.9309551208285386,0.9143835616438356,-0.01657155918470299,1.0,1.0,0.0,1.0,1.0,1.0,1.0,0.9642857142857143,0.9551020408163265,-0.009183673469387754,1.0,1.0,0.0,1.0,1.0,1.0,1.0,0.9756480754124116,0.9686765857478465,-0.006971489664565067,1.0,1.0,0.0,1.0,1.0,1.0,1.0,
000590,crazing,0,0.0,NA,NA,NA,NA,NA,NA,NA,NA,NA,NA,NA,NA,NA,NA,NA,NA,NA,NA,NA,NA,NA,NA,NA,NA,NA,NA,NA,NA,NA,NA,NA,NA,NA,NA,NA,
000590,inclusion,0,0.0,NA,NA,NA,NA,NA,NA,NA,NA,NA,NA,NA,NA,NA,NA,NA,NA,NA,NA,NA,NA,NA,NA,NA,NA,NA,NA,NA,NA,NA,NA,NA,NA,NA,NA,NA,
000590,patches,1933,0.048325,0.987146529562982,0.9831804281345565,0.9935316946959897,0.9915188897455667,-0.003966101428425461,0.9641288433382138,0.9522431259044862,-0.011885717433727572,0.9992531740104555,1.0,0.0007468259895444529,1.0,0.9985074626865672,1.0,1.0,0.9847809948032665,0.9761117236310181,-0.008669271172248472,1.0,1.0,0.0,1.0,1.0,1.0,1.0,0.9907356948228883,0.9854132901134521,-0.005322404709436124,1.0,1.0,0.0,1.0,1.0,1.0,1.0,
000591,crazing,0,0.0,NA,NA,NA,NA,NA,NA,NA,NA,NA,NA,NA,NA,NA,NA,NA,NA,NA,NA,NA,NA,NA,NA,NA,NA,NA,NA,NA,NA,NA,NA,NA,NA,NA,NA,NA,
000591,inclusion,0,0.0,NA,NA,NA,NA,NA,NA,NA,NA,NA,NA,NA,NA,NA,NA,NA,NA,NA,NA,NA,NA,NA,NA,NA,NA,NA,NA,NA,NA,NA,NA,NA,NA,NA,NA,NA,
000591,patches,2912,0.0728,0.9810169491525423,0.9897993879632778,0.9904175222450377,0.9948735475051265,0.008782438810735482,0.8721973094170403,0.9314750290360047,0.05927771961896433,1.0,1.0,0.0,1.0,1.0,1.0,1.0,0.9305555555555556,0.9662921348314607,0.03573657927590512,1.0,1.0,0.0,1.0,1.0,1.0,1.0,0.9508580343213728,0.9781832606108687,0.027325226289495852,1.0,1.0,0.0,1.0,1.0,1.0,1.0,
000592,crazing,0,0.0,NA,NA,NA,NA,NA,NA,NA,NA,NA,NA,NA,NA,NA,NA,NA,NA,NA,NA,NA,NA,NA,NA,NA,NA,NA,NA,NA,NA,NA,NA,NA,NA,NA,NA,NA,
000592,inclusion,0,0.0,NA,NA,NA,NA,NA,NA,NA,NA,NA,NA,NA,NA,NA,NA,NA,NA,NA,NA,NA,NA,NA,NA,NA,NA,NA,NA,NA,NA,NA,NA,NA,NA,NA,NA,NA,
000592,patches,2501,0.062525,0.9097195543603535,0.9184060721062619,0.9527258096962382,0.9574678536102869,0.00868651774590845,0.8416477702191988,0.8553940321346595,0.013746261915460689,0.9987628865979382,0.9975227085053675,-0.0012401780925707095,1.0,0.9975288303130149,1.0,0.9950576606260296,0.9399563318777293,0.947044605581191,0.007088273703461656,1.0,1.0,0.0,1.0,1.0,1.0,1.0,0.9678027059427984,0.9687126004445205,0.000909894501722075,1.0,1.0,0.0,1.0,1.0,1.0,1.0,
000593,crazing,0,0.0,NA,NA,NA,NA,NA,NA,NA,NA,NA,NA,NA,NA,NA,NA,NA,NA,NA,NA,NA,NA,NA,NA,NA,NA,NA,NA,NA,NA,NA,NA,NA,NA,NA,NA,NA,
000593,inclusion,0,0.0,NA,NA,NA,NA,NA,NA,NA,NA,NA,NA,NA,NA,NA,NA,NA,NA,NA,NA,NA,NA,NA,NA,NA,NA,NA,NA,NA,NA,NA,NA,NA,NA,NA,NA,NA,
000593,patches,816,0.0204,0.9258823529411765,0.9325443786982248,0.9615149664019548,0.9650949173300674,0.006662025757048329,0.8773307163886163,0.887240356083086,0.009909639694469785,0.9988901220865705,0.9988901220865705,0.0,1.0,0.9977827050997783,1.0,0.9977827050997783,0.9408346539883783,0.9401483050847458,-0.0006863489036325054,1.0,1.0,0.0,1.0,1.0,1.0,1.0,0.9493720565149136,0.9492725127801809,-9.954373473275435e-05,1.0,1.0,0.0,1.0,1.0,1.0,1.0,
000594,crazing,0,0.0,NA,NA,NA,NA,NA,NA,NA,NA,NA,NA,NA,NA,NA,NA,NA,NA,NA,NA,NA,NA,NA,NA,NA,NA,NA,NA,NA,NA,NA,NA,NA,NA,NA,NA,NA,
000594,inclusion,0,0.0,NA,NA,NA,NA,NA,NA,NA,NA,NA,NA,NA,NA,NA,NA,NA,NA,NA,NA,NA,NA,NA,NA,NA,NA,NA,NA,NA,NA,NA,NA,NA,NA,NA,NA,NA,
000594,patches,3037,0.075925,0.9414602766162753,0.9413434247871334,0.9698475811795891,0.969785575048733,-0.00011685182914189518,0.8731424429140993,0.8713049747656814,-0.0018374681484178979,0.9968676585747847,0.9960815047021944,-0.0007861538725902895,1.0,0.9937548790007806,1.0,0.9921935987509758,0.9486875863430038,0.9396551724137931,-0.009032413929210614,0.9996095275283092,1.0,0.0003904724716907726,1.0,0.9992193598750976,1.0,1.0,0.9706144256455922,0.9660344067048964,-0.004580018940695818,1.0,1.0,0.0,1.0,1.0,1.0,1.0,
000595,crazing,0,0.0,NA,NA,NA,NA,NA,NA,NA,NA,NA,NA,NA,NA,NA,NA,NA,NA,NA,NA,NA,NA,NA,NA,NA,NA,NA,NA,NA,NA,NA,NA,NA,NA,NA,NA,NA,
000595,inclusion,0,0.0,NA,NA,NA,NA,NA,NA,NA,NA,NA,NA,NA,NA,NA,NA,NA,NA,NA,NA,NA,NA,NA,NA,NA,NA,NA,NA,NA,NA,NA,NA,NA,NA,NA,NA,NA,
000595,patches,3236,0.0809,0.9220933690157598,0.9130811435171816,0.9594678217821783,0.954566037735849,-0.009012225498578164,0.8451984247197819,0.8260999700688416,-0.01909845465094029,0.9980000000000001,0.9983327656611004,0.00033276566110029826,1.0,0.9960079840319361,0.9993288590604027,0.9973386560212908,0.94026284348865,0.9375,-0.0027628434886499686,1.0,1.0,0.0,1.0,1.0,1.0,1.0,0.9608689962046852,0.9612936745031823,0.00042467829849701655,1.0,1.0,0.0,1.0,1.0,1.0,1.0,
000596,crazing,0,0.0,NA,NA,NA,NA,NA,NA,NA,NA,NA,NA,NA,NA,NA,NA,NA,NA,NA,NA,NA,NA,NA,NA,NA,NA,NA,NA,NA,NA,NA,NA,NA,NA,NA,NA,NA,
000596,inclusion,0,0.0,NA,NA,NA,NA,NA,NA,NA,NA,NA,NA,NA,NA,NA,NA,NA,NA,NA,NA,NA,NA,NA,NA,NA,NA,NA,NA,NA,NA,NA,NA,NA,NA,NA,NA,NA,
000596,patches,1962,0.04905,0.9165009940357853,0.917953667953668,0.9564315352697096,0.9572219426270759,0.0014526739178826187,0.8368,0.8336886993603412,-0.0031113006396588094,0.9988249118683901,0.9946902654867256,-0.004134646381664497,1.0,0.9976525821596244,1.0,0.9894366197183099,0.9194354601587769,0.9176161262050833,-0.0018193339536936026,1.0,1.0,0.0,1.0,1.0,1.0,1.0,0.9490821678321678,0.9521022973558735,0.0030201295237056724,1.0,1.0,0.0,1.0,1.0,1.0,1.0,
000597,crazing,0,0.0,0.0,NA,0.0,NA,NA,0.0,NA,NA,0.0,NA,NA,0.0,0.0,NA,NA,0.0,NA,NA,0.0,NA,NA,0.0,0.0,NA,NA,0.0,NA,NA,0.0,NA,NA,0.0,0.0,NA,NA,
000597,inclusion,0,0.0,NA,NA,NA,NA,NA,NA,NA,NA,NA,NA,NA,NA,NA,NA,NA,NA,NA,NA,NA,NA,NA,NA,NA,NA,NA,NA,NA,NA,NA,NA,NA,NA,NA,NA,NA,
000597,patches,676,0.0169,0.9676945668135095,0.9653179190751445,0.9835820895522388,0.9823529411764705,-0.0023766477383649898,0.9307568438003221,0.9265175718849841,-0.0042392719153380165,1.0,1.0,0.0,1.0,1.0,1.0,1.0,0.9692946058091286,0.9670781893004116,-0.0022164165087170673,1.0,1.0,0.0,1.0,1.0,1.0,1.0,0.9804758999389872,0.9794685990338164,-0.0010073009051707604,1.0,1.0,0.0,1.0,1.0,1.0,1.0,
000598,crazing,0,0.0,NA,NA,NA,NA,NA,NA,NA,NA,NA,NA,NA,NA,NA,NA,NA,NA,NA,NA,NA,NA,NA,NA,NA,NA,NA,NA,NA,NA,NA,NA,NA,NA,NA,NA,NA,
000598,inclusion,0,0.0,NA,NA,NA,NA,NA,NA,NA,NA,NA,NA,NA,NA,NA,NA,NA,NA,NA,NA,NA,NA,NA,NA,NA,NA,NA,NA,NA,NA,NA,NA,NA,NA,NA,NA,NA,
000598,patches,2067,0.051675,0.92,0.9288040949278734,0.9583333333333334,0.9630880579010856,0.008804094927873374,0.8276923076923077,0.8508002065049045,0.023107898812596783,0.9948623870211574,0.9965870307167235,0.0017246436955661304,0.9976771196283392,0.9920634920634921,1.0,0.9931972789115646,0.9343345111896348,0.9398826979472141,0.005548186757579288,0.9994327850255247,1.0,0.0005672149744753163,1.0,0.9988662131519275,1.0,1.0,0.9616247755834829,0.9676122403395131,0.005987464756030181,1.0,1.0,0.0,1.0,1.0,1.0,1.0,
000599,crazing,0,0.0,NA,NA,NA,NA,NA,NA,NA,NA,NA,NA,NA,NA,NA,NA,NA,NA,NA,NA,NA,NA,NA,NA,NA,NA,NA,NA,NA,NA,NA,NA,NA,NA,NA,NA,NA,
000599,inclusion,0,0.0,NA,NA,NA,NA,NA,NA,NA,NA,NA,NA,NA,NA,NA,NA,NA,NA,NA,NA,NA,NA,NA,NA,NA,NA,NA,NA,NA,NA,NA,NA,NA,NA,NA,NA,NA,
000599,patches,2108,0.0527,0.9037675896504767,0.9074239713774598,0.9494515975202671,0.9514654161781946,0.0036563817269831267,0.8144428503108561,0.8164739884393064,0.0020311381284503494,0.9989401139054245,0.9904129250699248,-0.008527188835499633,0.9989384288747346,0.9989417989417989,0.9946178686759957,0.9862433862433863,0.9290502793296089,0.9305905401623286,0.001540260832719631,1.0,0.9973474801061007,-0.0026525198938992522,1.0,1.0,1.0,0.9947089947089947,0.9585617189212892,0.962606603979882,0.004044885058592795,1.0,0.9989406779661016,-0.0010593220338983578,1.0,1.0,1.0,0.9978835978835979,
000600,crazing,0,0.0,NA,NA,NA,NA,NA,NA,NA,NA,NA,NA,NA,NA,NA,NA,NA,NA,NA,NA,NA,NA,NA,NA,NA,NA,NA,NA,NA,NA,NA,NA,NA,NA,NA,NA,NA,
000600,inclusion,0,0.0,NA,NA,NA,NA,NA,NA,NA,NA,NA,NA,NA,NA,NA,NA,NA,NA,NA,NA,NA,NA,NA,NA,NA,NA,NA,NA,NA,NA,NA,NA,NA,NA,NA,NA,NA,
000600,patches,1655,0.041375,0.9000581057524695,0.9047078842881452,0.9474006116207951,0.9499702203692674,0.004649778535675719,0.812258064516129,0.8104658583280153,-0.0017922061881137097,0.9899856938483548,0.9899958946883902,1.0200840035445857e-05,1.0,0.9801699716713881,0.9985507246376811,0.9815864022662889,0.9238931577021589,0.916154680159017,-0.007738477543141831,0.9971590909090908,0.9964380406545434,-0.000721050254547384,1.0,0.9943342776203966,0.9985507246376811,0.9943342776203966,0.9579035405631446,0.9453402569007926,-0.012563283662352043,0.9992912827781716,0.9985671467513084,-0.0007241360268631647,1.0,0.9985835694050992,0.9985507246376811,0.9985835694050992,
000601,crazing,1251,0.031275,0.6511965192168238,0.6506646971935007,0.7887571365832236,0.7883668903803132,-0.0005318220233230253,0.2971996386630533,0.2774869109947644,-0.01971272766828891,0.6889432392084618,0.6527259244105763,-0.03621731479788548,0.7758620689655172,0.6195372750642674,0.7245901639344262,0.5938303341902313,0.48872180451127817,0.5029490616621984,0.01422725715092027,0.8243581682350559,0.8561348490787927,0.03177668084373675,0.9103448275862069,0.7532133676092545,0.9180327868852459,0.8020565552699229,0.6004794246903715,0.6206342834203131,0.020154858729941605,0.8836411464350192,0.9297078208474507,0.04606667441243151,0.9344827586206896,0.8380462724935732,0.9737704918032787,0.8894601542416453,10.998183121516957
000601,inclusion,3004,0.0751,0.7374835309617919,0.7071805006587615,0.848909952606635,0.8284777156087209,-0.030303030303030387,0.033707865168539325,0.026054590570719603,-0.007653274597819722,0.10268948655256724,0.07334963325183375,-0.029339853300733493,0.13291139240506328,0.08366533864541832,0.0949367088607595,0.05976095617529881,0.0944558521560575,0.0690348525469169,-0.0254209996091406,0.21324316708932092,0.15944436056167902,-0.05379880652764191,0.2721518987341772,0.1752988047808765,0.20253164556962025,0.13147410358565736,0.20235053653551355,0.15240904621435594,-0.049941490321157606,0.3667481662591687,0.2748673885406164,-0.0918807777185523,0.47468354430379744,0.29880478087649404,0.34810126582278483,0.22709163346613545,
000601,patches,0,0.0,NA,NA,NA,NA,NA,NA,NA,NA,NA,NA,NA,NA,NA,NA,NA,NA,NA,NA,NA,NA,NA,NA,NA,NA,NA,NA,NA,NA,NA,NA,NA,NA,NA,NA,NA,
000602,crazing,2450,0.06125,0.735632183908046,0.7247956403269755,0.847682119205298,0.8404423380726699,-0.010836543581070446,0.3539778449144008,0.3617433414043584,0.007765496489957557,0.7644365465073318,0.7786746580308376,0.014238111523505736,0.8218954248366013,0.7144866385372715,0.8035714285714286,0.7552742616033755,0.5919975750227342,0.6256364180892483,0.0336388430665141,0.9240972733971997,0.9567888073597121,0.03269153396251234,0.9705882352941176,0.8818565400843882,0.9747023809523809,0.939521800281294,0.7348891481913652,0.7627906976744186,0.027901549483053456,0.9582154747827629,0.9907369266030821,0.03252145182031918,0.988562091503268,0.929676511954993,0.9970238095238095,0.9845288326300985,14.364369183532437
000602,inclusion,3757,0.093925,0.6247674727610949,0.555880787653007,0.7690546287209683,0.7145544723789978,-0.06888668510808793,0.02315963606286187,0.020729684908789386,-0.0024299511540724836,0.07403072421360643,0.05271828665568369,-0.02131243755792274,0.08088235294117647,0.06824925816023739,0.05925925925925926,0.04747774480712166,0.08538732394366197,0.06211989574283232,-0.02326742820082965,0.1909524892020914,0.10394509351914916,-0.08700739568294225,0.20588235294117646,0.17804154302670624,0.11481481481481481,0.09495548961424333,0.1724467069678651,0.14730878186968838,-0.025137925098176722,0.35238594651284744,0.2875328734230285,-0.06485307308981891,0.375,0.3323442136498516,0.3037037037037037,0.27299703264094954,
000602,patches,0,0.0,NA,NA,NA,NA,NA,NA,NA,NA,NA,NA,NA,NA,NA,NA,NA,NA,NA,NA,NA,NA,NA,NA,NA,NA,NA,NA,NA,NA,NA,NA,NA,NA,NA,NA,NA,
000603,crazing,1768,0.0442,0.7258414766558089,0.6725333333333333,0.8411450141553948,0.8042091836734694,-0.053308143322475576,0.40862173649058897,0.3331418724870764,-0.07547986400351259,0.8230926025372298,0.7304536982178149,-0.0926389043194149,0.867816091954023,0.7827529021558872,0.7782026768642447,0.6882255389718076,0.6469298245614035,0.5912305516265912,-0.05569927293481225,0.9744897959183674,0.9594540385005869,-0.015035757417780515,1.0,0.9502487562189055,0.9904397705544933,0.9303482587064676,0.780016792611251,0.743949394939494,-0.03606739767175704,0.9916387959866221,0.9865546218487394,-0.005084174137882647,1.0,0.9834162520729685,1.0,0.9734660033167496,14.340892548757996
000603,inclusion,2459,0.061475,0.7043073341094296,0.5532520325203252,0.8265027322404371,0.7123789583878566,-0.1510553015891044,0.11653386454183266,0.04559585492227979,-0.07093800961955288,0.32304900181488205,0.13385826771653542,-0.18919073409834664,0.3371212121212121,0.31010452961672474,0.15384615384615385,0.11846689895470383,0.25957207207207206,0.13472378804960541,-0.12484828402246664,0.5280486892319972,0.27760513776672885,-0.25044355146526837,0.553030303030303,0.5052264808362369,0.32211538461538464,0.24390243902439024,0.384297520661157,0.2290730910575745,-0.15522442960358251,0.7151966385315691,0.5079672279207793,-0.2072294106107898,0.7424242424242424,0.6898954703832753,0.5961538461538461,0.4425087108013937,
000603,patches,0,0.0,NA,NA,NA,NA,NA,NA,NA,NA,NA,NA,NA,NA,NA,NA,NA,NA,NA,NA,NA,NA,NA,NA,NA,NA,NA,NA,NA,NA,NA,NA,NA,NA,NA,NA,NA,
000604,crazing,1371,0.034275,0.5761024182076814,0.49714285714285716,0.7310469314079422,0.6641221374045801,-0.07895956106482421,0.30950861518825784,0.24010056568196103,-0.06940804950629681,0.6920959787206531,0.5703978535711498,-0.12169812514950329,0.8169014084507042,0.6003717472118959,0.6997389033942559,0.48141263940520446,0.573220064724919,0.48748510131108463,-0.08573496341383441,0.9241291195370336,0.8497033693192693,-0.07442575021776432,0.9953051643192489,0.862453531598513,0.9660574412532638,0.758364312267658,0.6837920489296636,0.613089802130898,-0.07070224679876558,0.9791271347248577,0.9502439024390245,-0.028883232285833227,1.0,0.9591078066914498,1.0,0.9052044609665427,14.529930878025684
000604,inclusion,6429,0.160725,0.7620374671001703,0.654127156847505,0.8649503558562517,0.790903110609905,-0.10791031025266529,0.13316326530612244,0.06562955760816723,-0.0675337076979552,0.37502763101435077,0.19940900925101998,-0.1756186217633308,0.3935969868173258,0.35813148788927335,0.20736434108527133,0.19204152249134948,0.2625,0.15942810898300513,-0.10307189101699488,0.5457310890285946,0.3448771486840827,-0.20085394034451187,0.5630885122410546,0.5294117647058824,0.35658914728682173,0.33391003460207613,0.36817305632897834,0.24847290640394087,-0.11970014992503747,0.6558399479602451,0.5039884696364881,-0.151851478323757,0.6704331450094162,0.6418685121107266,0.5251937984496124,0.4844290657439446,
000604,patches,0,0.0,NA,NA,NA,NA,NA,NA,NA,NA,NA,NA,NA,NA,NA,NA,NA,NA,NA,NA,NA,NA,NA,NA,NA,NA,NA,NA,NA,NA,NA,NA,NA,NA,NA,NA,NA,
000605,crazing,1306,0.03265,0.6409295352323838,0.6372980910425844,0.7811786203746003,0.7784753363228699,-0.0036314441897994376,0.2902208201892745,0.29772191673212883,0.0075010965428543575,0.7235212837084912,0.6981544746308046,-0.025366809077686625,0.8028985507246377,0.6584269662921348,0.7705382436260623,0.6382022471910113,0.5507174666006928,0.5483244293346284,-0.002393037266064324,0.9239555344818503,0.915324704121511,-0.008630830360339292,0.9826086956521739,0.8719101123595505,0.9745042492917847,0.8629213483146068,0.6818352764197066,0.6807563959955506,-0.001078880424156048,0.9651162790697675,0.9722863741339491,0.0071700950641816474,1.0,0.9325842696629213,1.0,0.946067415730337,12.313695857302802
000605,inclusion,1650,0.04125,0.827072152653548,0.7866108786610879,0.9053524804177546,0.8805620608899297,-0.040461273992460134,0.17373737373737375,0.10131332082551595,-0.0724240529118578,0.423121387283237,0.3008905852417303,-0.12223080204150671,0.4178082191780822,0.42857142857142855,0.28859060402684567,0.3142857142857143,0.3591549295774648,0.27838427947598254,-0.08077065010148227,0.6327508891294262,0.5641461342395921,-0.06860475488983409,0.636986301369863,0.6285714285714286,0.5570469798657718,0.5714285714285714,0.4973913043478261,0.41205211726384366,-0.08533918708398242,0.8846366552372524,0.8126931794766125,-0.07194347576063997,0.8835616438356164,0.8857142857142857,0.7785234899328859,0.85,
000605,patches,0,0.0,NA,NA,NA,NA,NA,NA,NA,NA,NA,NA,NA,NA,NA,NA,NA,NA,NA,NA,NA,NA,NA,NA,NA,NA,NA,NA,NA,NA,NA,NA,NA,NA,NA,NA,NA,
000606,crazing,1708,0.0427,0.5270425776754891,0.5321100917431193,0.6902788244159759,0.6946107784431138,0.005067514067630174,0.23474436503573393,0.24134139637163277,0.00659703133589884,0.586380392547574,0.6061526708063499,0.01977227825877592,0.7563451776649747,0.47878787878787876,0.7805486284289277,0.4954545454545455,0.4463390170511535,0.45472769796191115,0.008388680910757673,0.8114820567093202,0.8232382353924881,0.011756178683167917,0.9923857868020305,0.6863636363636364,0.9900249376558603,0.7045454545454546,0.5463218679387396,0.5560312263913372,0.009709358452597572,0.855160450997398,0.8601036269430052,0.0049431759456072255,1.0,0.746969696969697,1.0,0.7545454545454545,15.969819310362299
000606,inclusion,6152,0.1538,0.7119297163995068,0.6938712657838004,0.8317277392635275,0.8192727272727273,-0.018058450615706323,0.07770961145194274,0.06653326663331666,-0.011176344818626088,0.22486074464966282,0.19658632348129568,-0.028274421168367148,0.22957198443579765,0.22033898305084745,0.1954459203036053,0.1977401129943503,0.17652050919377651,0.1693548387096774,-0.007165670484099107,0.37226514443186853,0.37145674499146203,-0.0008083994404065042,0.3735408560311284,0.3709981167608286,0.3719165085388994,0.3709981167608286,0.28936966923236945,0.2730042656916514,-0.016365403540718026,0.5319676193622996,0.5282505842207967,-0.0037170351415029,0.5447470817120622,0.519774011299435,0.5218216318785579,0.5348399246704332,
000606,patches,0,0.0,NA,NA,NA,NA,NA,NA,NA,NA,NA,NA,NA,NA,NA,NA,NA,NA,NA,NA,NA,NA,NA,NA,NA,NA,NA,NA,NA,NA,NA,NA,NA,NA,NA,NA,NA,
000607,crazing,674,0.01685,0.4582743988684583,0.2599431818181818,0.6285160038797284,0.41262683201803835,-0.19833121705027645,0.33994334277620397,0.26126126126126126,-0.07868208151494271,0.7034726656515545,0.61179261267367,-0.09168005297788451,0.889344262295082,0.5818639798488665,0.9745222929936306,0.44584382871536526,0.5186480186480187,0.38287752675386444,-0.13577049189415424,0.8226378312519036,0.681063122923588,-0.14157470832831565,0.9918032786885246,0.7027707808564232,1.0,0.5163727959697733,0.5851721094439541,0.4450841452612932,-0.14008796418266095,0.8863955119214587,0.7356687898089173,-0.15072672211254146,1.0,0.7959697732997482,1.0,0.5818639798488665,15.291868633061204
000607,inclusion,7162,0.17905,0.8124151045911437,0.7418909592822637,0.8965000374728322,0.8518225039619651,-0.07052414530888007,0.13895907023749368,0.08186046511627906,-0.05709860512121462,0.3582887700534759,0.24258289703315883,-0.1157058730203171,0.37781954887218044,0.34067796610169493,0.25,0.23559322033898306,0.288728323699422,0.20426428007370362,-0.08446404362571835,0.5883220512044776,0.4476704929101958,-0.14065155829428178,0.618421052631579,0.5610169491525424,0.4642857142857143,0.4322033898305085,0.41853932584269665,0.31948818897637793,-0.09905113686631872,0.7214076246334312,0.594671547691682,-0.12673607694174926,0.75,0.6949152542372882,0.6142857142857143,0.576271186440678,
000607,patches,0,0.0,NA,NA,NA,NA,NA,NA,NA,NA,NA,NA,NA,NA,NA,NA,NA,NA,NA,NA,NA,NA,NA,NA,NA,NA,NA,NA,NA,NA,NA,NA,NA,NA,NA,NA,NA,
000608,crazing,1098,0.02745,0.6779374471682164,0.6916890080428955,0.8080604534005038,0.8177496038034865,0.013751560874679103,0.4396887159533074,0.4741100323624595,0.034421316409152136,0.8756000773726136,0.866814235259492,-0.008785842113121611,0.9232613908872902,0.8326180257510729,0.927860696517413,0.8133047210300429,0.6933848382423949,0.7145698657384386,0.021185027496043674,0.982532751091703,0.9780701754385965,-0.004462575653106482,1.0,0.9656652360515021,1.0,0.9570815450643777,0.7911602209944751,0.8011342155009452,0.009973994506470074,0.9956896551724138,0.9978494623655914,0.002159807193177543,1.0,0.9914163090128756,1.0,0.9957081545064378,14.063219218604544
000608,inclusion,8885,0.222125,0.8955616438356164,0.8812256267409471,0.9449037405330404,0.9368633025349443,-0.014336017094669362,0.19291109819872168,0.17736289381563594,-0.01554820438308574,0.4882747165284394,0.4612384574060836,-0.0270362591223558,0.4446428571428571,0.5414012738853503,0.4288354898336414,0.4989384288747346,0.3956082258626699,0.34425110883657456,-0.051357117026095356,0.7174972808438382,0.6502121556206298,-0.0672851252232084,0.6446428571428572,0.8089171974522293,0.5914972273567468,0.721868365180467,0.5144660704892162,0.46795865633074935,-0.046507414158466875,0.8317458035297077,0.756144425838613,-0.07560137769109476,0.7428571428571429,0.9447983014861996,0.6913123844731978,0.8343949044585988,
000608,patches,0,0.0,NA,NA,NA,NA,NA,NA,NA,NA,NA,NA,NA,NA,NA,NA,NA,NA,NA,NA,NA,NA,NA,NA,NA,NA,NA,NA,NA,NA,NA,NA,NA,NA,NA,NA,NA,
000609,crazing,6370,0.15925,0.7227584277521332,0.6880470655761228,0.8390711269892822,0.815198911934716,-0.03471136217601034,0.2892966360856269,0.27517468146321417,-0.014121954622412725,0.662091396535826,0.640252003040585,-0.021839393495241,0.6495619524405507,0.6751137102014295,0.6391820580474934,0.6413255360623782,0.5611695306488843,0.5299987207368556,-0.031170809912028696,0.9026852028185106,0.8664506264292962,-0.03623457638921446,0.8823529411764706,0.9239766081871345,0.866754617414248,0.866146848602989,0.7256078950045783,0.6999393203883495,-0.025668574616228845,0.9512765621484456,0.9357888758610583,-0.015487686287387281,0.9367959949937422,0.9662118258609487,0.9313984168865436,0.940220922677063,19.282747024478827
000609,inclusion,8282,0.20705,0.8486927717969952,0.820334928229665,0.9181544762270429,0.9013010908135103,-0.028357843567330177,0.1982896846606093,0.1420335429769392,-0.0562561416836701,0.47541791415045936,0.3836707273378717,-0.09174718681258764,0.4851301115241636,0.46608695652173915,0.401980198019802,0.36695652173913046,0.3162079510703364,0.27703115455100796,-0.03917679651932843,0.5652659959229303,0.542230260339822,-0.02303573558310823,0.570631970260223,0.56,0.5584158415841585,0.5269565217391304,0.42573579739904177,0.37055492638731596,-0.05518087101172581,0.6448728359046846,0.6451222438478151,0.0002494079431305529,0.6394052044609665,0.6504347826086957,0.6673267326732674,0.6243478260869565,
000609,patches,0,0.0,NA,NA,NA,NA,NA,NA,NA,NA,NA,NA,NA,NA,NA,NA,NA,NA,NA,NA,NA,NA,NA,NA,NA,NA,NA,NA,NA,NA,NA,NA,NA,NA,NA,NA,NA,
000610,crazing,2262,0.05655,0.80375,0.822986577181208,0.8911988911988912,0.902899217671422,0.01923657718120808,0.4677804295942721,0.5162650602409639,0.048484630646691784,0.9084791013696607,0.9070567277900914,-0.0014223735795693138,0.9471830985915493,0.8728139904610492,0.9261744966442953,0.8887122416534181,0.6935256861365235,0.7267625394598387,0.03323685332331516,0.9813765182186235,0.9911788291900561,0.009802310971432582,1.0,0.9634340222575517,1.0,0.9825119236883942,0.7912684060966159,0.817364500385307,0.026096094288691085,0.989558232931727,0.9952076677316294,0.005649434799902431,1.0,0.9793322734499205,1.0,0.9904610492845787,13.225263849555612
000610,inclusion,1254,0.03135,0.8671383647798742,0.8670382165605095,0.9288421052631579,0.9287846481876333,-0.00010014821936465967,0.3318872017353579,0.310126582278481,-0.021760619456876906,0.6512529419908626,0.6945734461479738,0.043320504157111195,0.676056338028169,0.6282051282051282,0.7103448275862069,0.6794871794871795,0.5617834394904458,0.5705209656925032,0.008737526202057366,0.8964614687673025,0.9562484110291909,0.05978694226188841,0.9154929577464789,0.8782051282051282,0.9448275862068966,0.967948717948718,0.6816102470265325,0.6894977168949772,0.007887469868444685,1.0,1.0,0.0,1.0,1.0,1.0,1.0,
000610,patches,0,0.0,NA,NA,NA,NA,NA,NA,NA,NA,NA,NA,NA,NA,NA,NA,NA,NA,NA,NA,NA,NA,NA,NA,NA,NA,NA,NA,NA,NA,NA,NA,NA,NA,NA,NA,NA,
000611,crazing,1214,0.03035,0.7459708365310821,0.7423780487804879,0.8545054945054945,0.8521434820647419,-0.0035927877505942396,0.4071363220494053,0.396709323583181,-0.010426998466224302,0.8567397880074222,0.8496125510058063,-0.007127237001615883,0.901685393258427,0.8160621761658031,0.886039886039886,0.8160621761658031,0.6590145576707727,0.650642817216322,-0.00837174045445066,0.9788336194659354,0.978814341872675,-1.9277593260369486e-05,0.9971910112359551,0.961139896373057,0.9971509971509972,0.961139896373057,0.752278376139188,0.7489677952105698,-0.0033105809286182453,0.9895287958115184,0.985545335085414,-0.003983460726104449,1.0,0.9792746113989638,1.0,0.9715025906735751,11.078423454054626
000611,inclusion,2207,0.055175,0.8299412030755314,0.8269143633892161,0.9070687098368759,0.9052579365079365,-0.0030268396863153413,0.1747700394218134,0.16103896103896104,-0.013731078382852369,0.45902831432077446,0.4179313099041534,-0.041097004416621064,0.4854368932038835,0.4353448275862069,0.441747572815534,0.39655172413793105,0.4025157232704403,0.39733542319749215,-0.0051803000729481186,0.7629901223082606,0.7625570776255708,-0.00043304468268978713,0.8009708737864077,0.728448275862069,0.8106796116504854,0.7198275862068966,0.5523255813953488,0.5490423679628554,-0.0032832134324933815,0.9527358821466152,0.9688282531733011,0.016092371026685925,0.9951456310679612,0.9137931034482759,0.9902912621359223,0.9482758620689655,
000611,patches,0,0.0,NA,NA,NA,NA,NA,NA,NA,NA,NA,NA,NA,NA,NA,NA,NA,NA,NA,NA,NA,NA,NA,NA,NA,NA,NA,NA,NA,NA,NA,NA,NA,NA,NA,NA,NA,
000612,crazing,1257,0.031425,0.7350689127105666,0.7257575757575757,0.8473080317740512,0.8410886742756805,-0.009311336952990912,0.38868274582560297,0.37522768670309653,-0.013455059122506441,0.7528242571747287,0.7719599204647355,0.01913566329000682,0.8171091445427728,0.6979166666666666,0.8372093023255814,0.7161458333333334,0.6346696781479391,0.6398876404494382,0.005217962301499179,0.9493844049247606,0.9621621621621621,0.012777757237401488,1.0,0.9036458333333334,1.0,0.9270833333333334,0.7324653506929861,0.7385129490392648,0.00604759834627866,0.9635627530364372,0.9732620320855615,0.009699279049124265,1.0,0.9296875,1.0,0.9479166666666666,10.83087604466915
000612,inclusion,5320,0.133,0.8799403430275914,0.8763690365695193,0.9361364537881793,0.9341115947764147,-0.003571306458072132,0.25675675675675674,0.23602892833662065,-0.020727828420136096,0.5967725967725968,0.5827415195397737,-0.014031077232823042,0.6157303370786517,0.5789473684210527,0.5978021978021978,0.5684210526315789,0.4857372438730414,0.47204724409448817,-0.01368999977855323,0.8349443642232227,0.8420040388498894,0.007059674626666679,0.8561797752808988,0.8147368421052632,0.8461538461538461,0.8378947368421052,0.6194664321313398,0.6084701815038893,-0.010996250627450466,0.9687329891496711,0.9667141301616551,-0.0020188589880160146,0.9865168539325843,0.9515789473684211,0.9692307692307692,0.9642105263157895,
000612,patches,0,0.0,NA,NA,NA,NA,NA,NA,NA,NA,NA,NA,NA,NA,NA,NA,NA,NA,NA,NA,NA,NA,NA,NA,NA,NA,NA,NA,NA,NA,NA,NA,NA,NA,NA,NA,NA,
000613,crazing,1040,0.026,0.6685340802987861,0.6084949215143121,0.8013430330162283,0.756601607347876,-0.06003915878447408,0.35985533453887886,0.31233362910381546,-0.0475217054350634,0.7237775093229686,0.6709231404757855,-0.052854368847183086,0.7636887608069164,0.6878306878306878,0.7360248447204969,0.6164021164021164,0.6375143843498274,0.6084234490608993,-0.029090935288928144,0.9906542056074767,0.965698984145875,-0.024955221461601784,1.0,0.9814814814814815,0.9937888198757764,0.9391534391534392,0.7733634311512415,0.7600896860986547,-0.013273745052586827,0.9946808510638299,0.9946808510638299,0.0,1.0,0.9894179894179894,1.0,0.9894179894179894,11.7212824186802
000613,inclusion,2685,0.067125,0.7817314746881878,0.7797421731123388,0.8774963969528515,0.8762417218543046,-0.0019893015758489785,0.15579710144927536,0.16,0.004202898550724643,0.4323901264298615,0.42580645161290326,-0.006583674816958263,0.45084745762711864,0.4153846153846154,0.44745762711864406,0.40615384615384614,0.359508547008547,0.365343347639485,0.005834800630937997,0.6967741935483871,0.7132403417804718,0.0164661482320847,0.7322033898305085,0.6646153846153846,0.7389830508474576,0.6892307692307692,0.519744714798564,0.5237904838064774,0.0040457690079134245,0.8972935300267162,0.8811594202898552,-0.016134109736861024,0.9220338983050848,0.8738461538461538,0.9016949152542373,0.8615384615384616,
000613,patches,0,0.0,NA,NA,NA,NA,NA,NA,NA,NA,NA,NA,NA,NA,NA,NA,NA,NA,NA,NA,NA,NA,NA,NA,NA,NA,NA,NA,NA,NA,NA,NA,NA,NA,NA,NA,NA,
000614,crazing,1031,0.025775,0.6371923427529627,0.5902085222121487,0.7783964365256125,0.74230330672748,-0.04698382054081396,0.34615384615384615,0.30861040068201195,-0.03754344547183419,0.7389398956949376,0.705540855623379,-0.03339904007155858,0.768361581920904,0.7116883116883117,0.7514285714285714,0.6649350649350649,0.6278026905829597,0.5978924015529673,-0.029910289029992376,0.9435202523678916,0.9106227106227106,-0.032897541745181,0.9717514124293786,0.9168831168831169,0.9428571428571428,0.8805194805194805,0.7672759696834597,0.745374449339207,-0.021901520344252634,0.9908256880733944,0.9828269484808455,-0.007998739592548931,1.0,0.9818181818181818,1.0,0.9662337662337662,11.990337202387767
000614,inclusion,3911,0.097775,0.7491582491582491,0.7279358132749818,0.8565928777670837,0.8425495989869143,-0.021222435883267332,0.1481028151774786,0.14250614250614252,-0.005596672671336067,0.409168489902519,0.4026869724902349,-0.006481517412284088,0.42437923250564336,0.39501039501039503,0.4176334106728538,0.3887733887733888,0.3080198722498226,0.29960951366702165,-0.008410358582800925,0.6019286643454148,0.5823986515795605,-0.01953001276585431,0.6207674943566591,0.5841995841995842,0.6125290023201856,0.5550935550935551,0.45408435664709024,0.43190249072602016,-0.022181865921070076,0.7589759436367288,0.747052625813166,-0.011923317823562818,0.7765237020316027,0.7422037422037422,0.7819025522041764,0.7151767151767152,
000614,patches,0,0.0,NA,NA,NA,NA,NA,NA,NA,NA,NA,NA,NA,NA,NA,NA,NA,NA,NA,NA,NA,NA,NA,NA,NA,NA,NA,NA,NA,NA,NA,NA,NA,NA,NA,NA,NA,
000615,crazing,1181,0.029525,0.5526518063028439,0.4712202609363008,0.7118811881188118,0.640584246218049,-0.08143154536654312,0.28757721345229925,0.22145804676753783,-0.06611916668476142,0.6783093191145194,0.5635114681569449,-0.11479785095757455,0.7551020408163265,0.6156941649899397,0.668693009118541,0.4869215291750503,0.5625278148642635,0.4803010181496237,-0.08222679671463978,0.9074322632202441,0.827174145550919,-0.08025811766932511,0.9770408163265306,0.8470824949698189,0.9604863221884499,0.7263581488933601,0.7126315789473684,0.6317260656883298,-0.08090551325903861,0.9656607700312175,0.9300322927879441,-0.03562847724327345,1.0,0.9336016096579477,1.0,0.869215291750503,14.462102655186237
000615,inclusion,2340,0.0585,0.8421906693711968,0.8456512862392813,0.9143360493283418,0.9163716814159292,0.0034606168680845206,0.33156216790648246,0.3230932203389831,-0.008468947567499385,0.70941451064768,0.6606626347620299,-0.04875187588565011,0.7214765100671141,0.6977491961414791,0.6756756756756757,0.6463022508038585,0.5296636085626911,0.5385564466378778,0.008892838075186704,0.8506321409097249,0.8847732837497008,0.034141142839975824,0.8657718120805369,0.8360128617363344,0.902027027027027,0.8681672025723473,0.6554472984942427,0.6617647058823529,0.006317407388110263,0.9245452530131727,0.9424799921639577,0.01793473915078503,0.9395973154362416,0.909967845659164,0.956081081081081,0.9292604501607717,
000615,patches,0,0.0,NA,NA,NA,NA,NA,NA,NA,NA,NA,NA,NA,NA,NA,NA,NA,NA,NA,NA,NA,NA,NA,NA,NA,NA,NA,NA,NA,NA,NA,NA,NA,NA,NA,NA,NA,
000616,crazing,1130,0.02825,0.6869118905047049,0.6394271272114574,0.8144016227180527,0.7800616649537513,-0.04748476329324747,0.4288224956063269,0.38623005877413935,-0.04259243683218755,0.8042912387209448,0.7720827692578512,-0.032208469463093525,0.8440860215053764,0.7680798004987531,0.7948051948051948,0.7506234413965087,0.6530069185737094,0.6283048211508554,-0.024702097422854008,0.9271910989654499,0.9186321170456547,-0.008558981919795206,0.9193548387096774,0.9351620947630923,0.922077922077922,0.9152119700748129,0.7495954692556634,0.7434052757793765,-0.006190193476286909,0.9444783404514948,0.949380683038591,0.004902342587096209,0.9247311827956989,0.9650872817955112,0.9272727272727272,0.972568578553616,11.929030552040029
000616,inclusion,1386,0.03465,0.778880226789511,0.7590361445783133,0.8756972111553785,0.863013698630137,-0.01984408221119771,0.2152317880794702,0.2233502538071066,0.008118465727636415,0.45810055865921784,0.4652450844641373,0.007144525804919477,0.49101796407185627,0.4293193717277487,0.49382716049382713,0.4397905759162304,0.41723136495643753,0.3827751196172249,-0.034456245339212654,0.7435983685826011,0.6262823143208863,-0.11731605426171476,0.7844311377245509,0.7068062827225131,0.6790123456790124,0.581151832460733,0.5598290598290598,0.5218309859154929,-0.03799807391356691,0.911632379709448,0.8824819118614339,-0.029150467848014117,0.9461077844311377,0.8795811518324608,0.9259259259259259,0.8429319371727748,
000616,patches,0,0.0,NA,NA,NA,NA,NA,NA,NA,NA,NA,NA,NA,NA,NA,NA,NA,NA,NA,NA,NA,NA,NA,NA,NA,NA,NA,NA,NA,NA,NA,NA,NA,NA,NA,NA,NA,
000617,crazing,4361,0.109025,0.8200480454247653,0.7855688758199503,0.9011279097672186,0.8799087914872055,-0.03447916960481501,0.4013735215566578,0.3615710435117443,-0.03980247804491349,0.824376531007168,0.752156937262194,-0.072219593744974,0.813273340832396,0.8357870894677236,0.7512019230769231,0.753114382785957,0.6392318244170097,0.5930098873304208,-0.04622193708658884,0.966914994067271,0.9153492065498395,-0.05156578751743146,0.9471316085489314,0.9875424688561721,0.9122596153846154,0.9184597961494904,0.7592243006692981,0.7262423714036618,-0.03298192926563637,0.9740334679746104,0.9628117631758992,-0.011221704798711207,0.9493813273340832,1.0,0.9519230769230769,0.9739524348810872,13.37111611493737
000617,inclusion,1697,0.042425,0.8685878962536023,0.8193883439122909,0.9296730413325108,0.9007294640025373,-0.04919955234131146,0.31862745098039214,0.24175824175824176,-0.07686920922215038,0.665883666750101,0.5790190421234853,-0.0868646246266157,0.6822916666666666,0.6502463054187192,0.6032608695652174,0.5566502463054187,0.5606207565470417,0.44862385321100917,-0.11199690333603252,0.9291775321826234,0.8014079103207835,-0.12776962186183993,0.953125,0.9064039408866995,0.8315217391304348,0.7733990147783252,0.6827393431167016,0.5837801608579088,-0.09895918225879274,0.9824561403508771,0.8971644950654463,-0.08529164528543087,1.0,0.9655172413793104,0.9239130434782609,0.8719211822660099,
000617,patches,0,0.0,NA,NA,NA,NA,NA,NA,NA,NA,NA,NA,NA,NA,NA,NA,NA,NA,NA,NA,NA,NA,NA,NA,NA,NA,NA,NA,NA,NA,NA,NA,NA,NA,NA,NA,NA,
000618,crazing,5455,0.136375,0.8330935251798561,0.7971825898500994,0.9089481946624803,0.8871470203999599,-0.035910935329756755,0.28167687235044747,0.24307417336907952,-0.03860269898136795,0.6765541074514112,0.5909471796304191,-0.08560692782099211,0.6904024767801857,0.6632503660322109,0.599406528189911,0.582723279648609,0.5092883681051729,0.4557713052858684,-0.05351706281930446,0.8694127935087598,0.8142565811396202,-0.05515621236913959,0.8591331269349846,0.8799414348462665,0.7922848664688428,0.8374816983894583,0.61531932951411,0.5628404276780311,-0.05247890183607884,0.8926566436717416,0.856264260001014,-0.03639238367072761,0.8808049535603715,0.9048316251830161,0.8338278931750742,0.8799414348462665,9.247478413703687
000618,inclusion,4385,0.109625,0.8811881188118812,0.8852716659182757,0.9368421052631579,0.9391449327140645,0.0040835471063944695,0.21092278719397364,0.2467411545623836,0.03581836736840996,0.5503840939900588,0.5894736842105263,0.03908959022046743,0.5833333333333334,0.5209580838323353,0.5921450151057401,0.5868263473053892,0.4288116591928251,0.4417211328976035,0.012909473704778407,0.8094945119850371,0.7608818407146974,-0.048612671270339636,0.8466666666666667,0.7754491017964071,0.7583081570996979,0.7634730538922155,0.5745650372825186,0.5761349939734833,0.0015699566909647134,0.8902029297137481,0.8630444920693974,-0.027158437644350775,0.92,0.8622754491017964,0.8549848942598187,0.8712574850299402,
000618,patches,0,0.0,NA,NA,NA,NA,NA,NA,NA,NA,NA,NA,NA,NA,NA,NA,NA,NA,NA,NA,NA,NA,NA,NA,NA,NA,NA,NA,NA,NA,NA,NA,NA,NA,NA,NA,NA,
000619,crazing,6594,0.16485,0.8370001383700014,0.8315054835493519,0.911268454353721,0.9080021774632553,-0.0054946548206494805,0.35272108843537414,0.3568640208197788,0.004142932384404663,0.7254455115869768,0.7476137384445818,0.022168226857605,0.8080924855491329,0.6581352833638026,0.7960251046025104,0.7047531992687386,0.5750103605470369,0.5977933801404213,0.022783019593384357,0.8688777708550256,0.8832299826992982,0.0143522118442726,0.9433526011560693,0.8053016453382084,0.9288702928870293,0.8418647166361974,0.6887531328320802,0.7222820236813778,0.033528890849297666,0.9373312932060839,0.9503357823008902,0.013004489094806337,0.9895953757225433,0.8903107861060329,0.9801255230125523,0.9223034734917733,13.472334293857445
000619,inclusion,4191,0.104775,0.9021059939828744,0.9021108791463698,0.9485338849008396,0.9485365853658536,4.885163495393918e-06,0.3601312551271534,0.3785357737104825,0.018404518583329144,0.7261286088702257,0.7635619641465317,0.03743335527630598,0.7449494949494949,0.7082352941176471,0.7873417721518987,0.7411764705882353,0.594412331406551,0.5964233929434509,0.002011061536899894,0.9247668234024513,0.9136472466081405,-0.01111957679431086,0.9393939393939394,0.9105882352941177,0.9392405063291139,0.8894117647058823,0.7112262521588947,0.7142857142857143,0.003059462126819623,1.0,0.9759192017819547,-0.02408079821804532,1.0,1.0,0.9898734177215189,0.9623529411764706,
000619,patches,0,0.0,NA,NA,NA,NA,NA,NA,NA,NA,NA,NA,NA,NA,NA,NA,NA,NA,NA,NA,NA,NA,NA,NA,NA,NA,NA,NA,NA,NA,NA,NA,NA,NA,NA,NA,NA,
000620,crazing,3786,0.09465,0.874405804353265,0.8752205697000252,0.9329951948745329,0.933458798225568,0.0008147653467601712,0.43309859154929575,0.44582593250444047,0.012727340955144717,0.8542032158921528,0.8476637932750691,-0.006539422617083623,0.9244935543278084,0.7938461538461539,0.9154411764705882,0.7892307692307692,0.6590348714336034,0.6630088495575222,0.003973978123918753,0.9456609894566099,0.9388761130491693,-0.006784876407440632,1.0,0.8969230769230769,0.9963235294117647,0.8876923076923077,0.754979035639413,0.7538097740409879,-0.0011692615984251198,0.9591673338670936,0.9524576954069298,-0.006709638460163814,1.0,0.9215384615384615,1.0,0.9092307692307692,10.563870090749978
000620,inclusion,2863,0.071575,0.8995342648037259,0.887504210171775,0.9471103327495621,0.9403997144896502,-0.012030054631950837,0.40416210295728366,0.37365010799136067,-0.030511994965922995,0.816295375220836,0.7792658404195197,-0.03702953480131621,0.839344262295082,0.7944785276073619,0.8127090301003345,0.7484662576687117,0.6107255520504732,0.5844806007509387,-0.026244951299534525,0.9192704775125842,0.9087999999999999,-0.010470477512584231,0.9475409836065574,0.8926380368098159,0.9498327759197325,0.8711656441717791,0.7209407507914971,0.6992345790184602,-0.02170617177303691,0.9764521193092622,0.9584664536741214,-0.017985665635140813,1.0,0.9539877300613497,1.0,0.9202453987730062,
000620,patches,0,0.0,NA,NA,NA,NA,NA,NA,NA,NA,NA,NA,NA,NA,NA,NA,NA,NA,NA,NA,NA,NA,NA,NA,NA,NA,NA,NA,NA,NA,NA,NA,NA,NA,NA,NA,NA,
000621,crazing,2057,0.051425,0.7232409381663113,0.6881670533642691,0.8393961890621133,0.8152831225948324,-0.03507388480204221,0.3131253678634491,0.2877906976744186,-0.02533467018903046,0.6994535519125682,0.6816353400867583,-0.017818211825809893,0.7314285714285714,0.6701570680628273,0.7196078431372549,0.6474694589877836,0.5855888807607901,0.5902366863905325,0.00464780562974243,0.9245963052243488,0.9463186193738617,0.021722314149512978,0.9295238095238095,0.9197207678883071,0.9725490196078431,0.9214659685863874,0.7258426966292135,0.7416378316032295,0.015795134974015967,0.9629019758111147,0.986737400530504,0.023835424719389264,0.9695238095238096,0.956369982547993,1.0,0.9738219895287958,12.633901195074435
000621,inclusion,2613,0.065325,0.7590476190476191,0.7422680412371134,0.863021115322144,0.8520710059171598,-0.016779577810505653,0.20365296803652969,0.2209737827715356,0.017320814735005907,0.5190968095804004,0.521573248050272,0.002476438469871667,0.4692737430167598,0.5807560137457045,0.47564469914040114,0.5773195876288659,0.36905384213277576,0.37420382165605093,0.005149979523275172,0.692757534862798,0.6919856711385826,-0.0007718637242154491,0.6145251396648045,0.7938144329896907,0.6217765042979942,0.7800687285223368,0.48,0.48532289628180036,0.005322896281800382,0.7601249200623359,0.7429239888378415,-0.017200931224494398,0.6731843575418994,0.872852233676976,0.664756446991404,0.8419243986254296,
000621,patches,0,0.0,NA,NA,NA,NA,NA,NA,NA,NA,NA,NA,NA,NA,NA,NA,NA,NA,NA,NA,NA,NA,NA,NA,NA,NA,NA,NA,NA,NA,NA,NA,NA,NA,NA,NA,NA,
000622,crazing,1535,0.038375,0.7790404040404041,0.7312379730596537,0.8757984386089425,0.8447573175250093,-0.04780243098075043,0.44279835390946504,0.375,-0.06779835390946504,0.8627753789908286,0.7797715198343099,-0.08300385915651864,0.8859223300970874,0.8408071748878924,0.8269720101781171,0.7376681614349776,0.6786407766990291,0.6168987037926068,-0.06174207290642231,0.97356744492752,0.9458983687360639,-0.027669076191456088,0.9902912621359223,0.9573991031390134,0.9923664122137404,0.9035874439461884,0.7952671208318394,0.7445360085990684,-0.050731112232770936,0.9966254218222722,0.9817351598173517,-0.014890262004920496,1.0,0.9932735426008968,1.0,0.9641255605381166,11.383627307850476
000622,inclusion,4651,0.116275,0.8822060353798127,0.8576158940397351,0.9374170720919947,0.9233511586452763,-0.02459014134007753,0.29160063391442154,0.24496124031007752,-0.04663939360434402,0.7009564965350057,0.5957691570269061,-0.10518733950809955,0.7219387755102041,0.6811594202898551,0.6210526315789474,0.572463768115942,0.5097493036211699,0.45224083295608875,-0.057508470665081135,0.8773223237982896,0.8214666728512454,-0.055855650947044144,0.8928571428571429,0.8623188405797102,0.8473684210526315,0.7971014492753623,0.6273001003680161,0.5708210664049722,-0.05647903396304388,0.9207670382314764,0.8870546105640109,-0.03371242766746552,0.9336734693877551,0.9082125603864735,0.9078947368421053,0.8671497584541062,
000622,patches,0,0.0,NA,NA,NA,NA,NA,NA,NA,NA,NA,NA,NA,NA,NA,NA,NA,NA,NA,NA,NA,NA,NA,NA,NA,NA,NA,NA,NA,NA,NA,NA,NA,NA,NA,NA,NA,
000623,crazing,4044,0.1011,0.8088301210219633,0.8089810804650103,0.8943129723702143,0.8944052419354839,0.00015095944304699405,0.37079510703363916,0.37158469945355194,0.0007895924199127768,0.7944849518758381,0.8110128984566597,0.016527946580821573,0.8161057692307693,0.7739801543550165,0.8544542032622334,0.7717750826901875,0.6099158091674463,0.6203016519032799,0.01038584273583365,0.9399339412914859,0.951109102757555,0.011175161466069117,0.9495192307692307,0.9305402425578831,0.9824341279799247,0.9217199558985667,0.7296961080504709,0.745298521088187,0.015602413037716034,0.9620753561784312,0.9726962942533703,0.010620938074939135,0.9627403846153846,0.9614112458654906,0.9924717691342535,0.9536934950385888,14.262698889906304
000623,inclusion,1101,0.027525,0.8118811881188119,0.8559322033898306,0.8961748633879781,0.9223744292237442,0.04405101527101862,0.14423076923076922,0.2740899357601713,0.1298591665294021,0.42558937714510775,0.7162582327571796,0.29066885561207184,0.4236111111111111,0.42758620689655175,0.7152777777777778,0.7172413793103448,0.44878048780487806,0.5583224115334207,0.1095419237285426,0.9653974947290092,1.0,0.034602505270990846,0.9652777777777778,0.9655172413793104,1.0,1.0,0.5983827493261455,0.6824196597353497,0.08403691040920414,1.0,1.0,0.0,1.0,1.0,1.0,1.0,
000623,patches,0,0.0,NA,NA,NA,NA,NA,NA,NA,NA,NA,NA,NA,NA,NA,NA,NA,NA,NA,NA,NA,NA,NA,NA,NA,NA,NA,NA,NA,NA,NA,NA,NA,NA,NA,NA,NA,
000624,crazing,5491,0.137275,0.814009275547737,0.7984471044969266,0.8974698051661818,0.8879294837200935,-0.01556217105081048,0.20179180887372014,0.1982646420824295,-0.0035271667912906424,0.5350376925598165,0.5133804918439313,-0.021657200715885172,0.4973190348525469,0.5789473684210527,0.4853146853146853,0.544891640866873,0.4231071522137805,0.41122475740886444,-0.011882394804916041,0.7779649729775623,0.7643838708767178,-0.013581102100844511,0.725201072386059,0.8390092879256966,0.7202797202797203,0.8142414860681114,0.5316782522343595,0.531812725090036,0.00013447285567647072,0.8544096778170759,0.8589352930632731,0.004525615246197212,0.8002680965147453,0.9164086687306502,0.8,0.9272445820433437,8.717797887081348
000624,inclusion,4726,0.11815,0.8383458646616542,0.849616471538151,0.9120654396728016,0.9186947506275237,0.011270606876496836,0.185473411154345,0.1916445623342175,0.006171151179872492,0.46575040075683916,0.5017607232587001,0.03601032250186098,0.4717832957110609,0.4598698481561822,0.5186915887850467,0.48590021691973967,0.3896946564885496,0.4223898372369988,0.03269518074844918,0.72887157180525,0.8214301134295955,0.09255854162434551,0.7246049661399548,0.7331887201735358,0.8364485981308412,0.806941431670282,0.5378745053702657,0.5646715328467153,0.02679702747644963,0.8916322977819027,0.9158419265854515,0.02420962880354882,0.8939051918735892,0.8893709327548807,0.9228971962616822,0.9088937093275488,
000624,patches,0,0.0,NA,NA,NA,NA,NA,NA,NA,NA,NA,NA,NA,NA,NA,NA,NA,NA,NA,NA,NA,NA,NA,NA,NA,NA,NA,NA,NA,NA,NA,NA,NA,NA,NA,NA,NA,
000625,crazing,3781,0.094525,0.7012298558100085,0.6797715791785636,0.8243799077651751,0.8093619246861925,-0.02145827663144495,0.22098710538016897,0.2209995414947272,1.2436114558228573e-05,0.5345303757471567,0.5116629044394282,-0.022867471307728482,0.5644171779141104,0.5076495132127955,0.5573770491803278,0.4728789986091794,0.3958875585632483,0.38292230177671704,-0.012965256786531265,0.7128315352226068,0.7011931559809108,-0.011638379241695973,0.7438650306748467,0.6842837273991655,0.7524590163934426,0.6564673157162726,0.5240546426450208,0.49629332799038267,-0.027761314654638103,0.8217427241597214,0.7625296871414823,-0.0592130370182391,0.8358895705521472,0.808066759388039,0.8098360655737705,0.7204450625869263,11.692989284743154
000625,inclusion,4526,0.11315,0.851913133402275,0.8289029535864979,0.9200357382175564,0.9064482639289422,-0.023010179815777132,0.2832590706556333,0.26062846580406657,-0.02263060485156676,0.6560774252862138,0.6053074641225046,-0.05076996116370924,0.7612293144208038,0.5764499121265377,0.704225352112676,0.5307557117750439,0.4820279984865683,0.46755162241887904,-0.014476376067689256,0.8311146775892796,0.8214024112604676,-0.009712266328811947,0.9479905437352246,0.7398945518453427,0.9342723004694836,0.7328646748681898,0.5825458588104503,0.5852723788666849,0.002726520056234638,0.8628262723370603,0.8652846069915404,0.0024583346544800877,0.9621749408983451,0.7820738137082601,0.9577464788732394,0.789103690685413,
000625,patches,0,0.0,NA,NA,NA,NA,NA,NA,NA,NA,NA,NA,NA,NA,NA,NA,NA,NA,NA,NA,NA,NA,NA,NA,NA,NA,NA,NA,NA,NA,NA,NA,NA,NA,NA,NA,NA,
000626,crazing,4237,0.105925,0.8372662511130899,0.8283482142857143,0.9114261480673694,0.9061164692955683,-0.008918036827375686,0.270042194092827,0.2658959537572254,-0.00414624033560157,0.6539391293582585,0.6437046152481679,-0.010234514110090576,0.7371428571428571,0.5876132930513596,0.7351247600767754,0.5725075528700906,0.5334912043301759,0.5274133871510259,-0.0060778171791500135,0.8640672234462264,0.8523199355531323,-0.011747287893094094,0.9447619047619048,0.7960725075528701,0.9424184261036468,0.7779456193353474,0.6272264631043257,0.6248409264443879,-0.0023855366599377925,0.9110049289867777,0.9065821493115216,-0.004422779675256061,0.9828571428571429,0.8489425981873112,0.982725527831094,0.8413897280966768,10.17018276227052
000626,inclusion,2998,0.07495,0.8777498428661219,0.8826291079812206,0.9348953974895398,0.9376558603491272,0.00487926511509873,0.30373360242179614,0.3380710659898477,0.03433746356805156,0.6766522904767456,0.6686736722522011,-0.007978618224544487,0.6957928802588996,0.6585365853658537,0.6791277258566978,0.6585365853658537,0.533969010727056,0.5511531638083974,0.017184153081341358,0.8667546774707515,0.8567026194144839,-0.010052058056267632,0.8802588996763754,0.8536585365853658,0.8660436137071651,0.8475609756097561,0.6598962834917891,0.670794192997438,0.01089790950564895,0.9906579288090352,0.9783813693417336,-0.012276559467301662,0.9935275080906149,0.9878048780487805,0.9750778816199377,0.9817073170731707,
000626,patches,0,0.0,NA,NA,NA,NA,NA,NA,NA,NA,NA,NA,NA,NA,NA,NA,NA,NA,NA,NA,NA,NA,NA,NA,NA,NA,NA,NA,NA,NA,NA,NA,NA,NA,NA,NA,NA,
000627,crazing,679,0.016975,0.6732186732186732,0.6371794871794871,0.8046989720998532,0.7783868441660141,-0.0360391860391861,0.3046979865771812,0.2650918635170604,-0.039606123060120846,0.7527409589265259,0.6761304729244757,-0.07661048600205023,0.7575757575757576,0.7479674796747967,0.6946902654867256,0.6585365853658537,0.5909849749582637,0.5775356244761106,-0.013449350482153122,0.9728869354459457,0.9831875891844425,0.010300653738496757,0.9783549783549783,0.967479674796748,0.9867256637168141,0.9796747967479674,0.7445442875481386,0.7359843546284224,-0.00855993291971624,0.9937668224961042,0.9957550578034682,0.001988235307364028,0.9956709956709957,0.991869918699187,0.995575221238938,0.9959349593495935,9.440613544376037
000627,inclusion,1113,0.027825,0.8991452991452992,0.8864628820960698,0.946894689468947,0.9398148148148148,-0.012682417049229344,0.45083932853717024,0.4075829383886256,-0.043256390148544654,0.7986348122866894,0.8646658484882294,0.06603103620153994,0.8068965517241379,0.7905405405405406,0.8857142857142857,0.8445945945945946,0.669432918395574,0.640387275242047,-0.02904564315352698,0.9793103448275862,0.9723655487199842,-0.006944796107602014,1.0,0.9594594594594594,0.9928571428571429,0.9527027027027027,0.7673509286412512,0.7455795677799607,-0.0217713608612905,1.0,1.0,0.0,1.0,1.0,1.0,1.0,
000627,patches,0,0.0,NA,NA,NA,NA,NA,NA,NA,NA,NA,NA,NA,NA,NA,NA,NA,NA,NA,NA,NA,NA,NA,NA,NA,NA,NA,NA,NA,NA,NA,NA,NA,NA,NA,NA,NA,
000628,crazing,2296,0.0574,0.6755590427618674,0.6425670186839968,0.8063685319597284,0.7823936696340257,-0.03299202407787061,0.2981462409886715,0.2905263157894737,-0.007619925199197797,0.7132751616763776,0.6665096530653635,-0.04676550861101414,0.8232044198895028,0.6292466765140325,0.8109756097560976,0.5657311669128509,0.5335655478150728,0.5020866773675763,-0.03147887044749653,0.8839678946285243,0.8337205676932046,-0.05024732693531975,0.9779005524861878,0.8064992614475628,0.9776422764227642,0.7267355982274741,0.6397784733927282,0.6087381010495484,-0.0310403723431798,0.9056645363653016,0.8964955175224124,-0.009169018842889232,0.996316758747698,0.8301329394387001,1.0,0.8124076809453471,14.128717018869873
000628,inclusion,2263,0.056575,0.7251483679525222,0.7674044265593561,0.8406794237798323,0.8683970856102003,0.0422560586068339,0.17567567567567569,0.28313253012048195,0.10745685444480627,0.469365254370767,0.6303869760724718,0.16102172170170487,0.47619047619047616,0.46273291925465837,0.6466666666666666,0.6149068322981367,0.3443469282395457,0.4479818078453667,0.10363487960582096,0.6529318541996831,0.7494132265635787,0.09648137236389553,0.6666666666666666,0.639751552795031,0.7666666666666667,0.7329192546583851,0.47593582887700536,0.5588477366255145,0.0829119077485091,0.8079187643996928,0.8504224153649791,0.0425036509652863,0.834920634920635,0.782608695652174,0.8833333333333333,0.8198757763975155,
000628,patches,0,0.0,NA,NA,NA,NA,NA,NA,NA,NA,NA,NA,NA,NA,NA,NA,NA,NA,NA,NA,NA,NA,NA,NA,NA,NA,NA,NA,NA,NA,NA,NA,NA,NA,NA,NA,NA,
000629,crazing,2034,0.05085,0.7180825818699573,0.7078269324258629,0.8359116022099448,0.8289211500142328,-0.010255649444094406,0.2922033898305085,0.28214037526059765,-0.010063014569910822,0.6361957966274342,0.6046040402082654,-0.03159175641916878,0.7188328912466844,0.5705996131528046,0.7329545454545454,0.5145067698259188,0.5259165613147914,0.49850746268656715,-0.027409098628224215,0.8925214548426645,0.8487876975050146,-0.04373375733764995,0.9655172413793104,0.8297872340425532,0.9517045454545454,0.7659574468085106,0.6297348484848485,0.6010841836734694,-0.028650664811379123,0.9372288174189554,0.908130939809926,-0.029097877609029377,0.9973474801061007,0.8839458413926499,1.0,0.8317214700193424,11.463442813597041
000629,inclusion,4708,0.1177,0.8209414024975985,0.8291666666666667,0.9016670183583034,0.9066059225512528,0.008225264169068214,0.24439584472389284,0.23154362416107382,-0.012852220562819011,0.6130636497701805,0.5647475765261805,-0.048316073244,0.6028622540250447,0.6236162361623616,0.574468085106383,0.5553505535055351,0.4342105263157895,0.42729970326409494,-0.006910823051694548,0.7856623839184835,0.7828351289347364,-0.0028272549837471406,0.774597495527728,0.7970479704797048,0.8007736943907157,0.7656826568265682,0.5424086223055296,0.5466634429400387,0.004254820634509104,0.8374446353419606,0.8631906138721085,0.025745978530147928,0.8264758497316637,0.8487084870848709,0.8762088974854932,0.8505535055350554,
000629,patches,0,0.0,NA,NA,NA,NA,NA,NA,NA,NA,NA,NA,NA,NA,NA,NA,NA,NA,NA,NA,NA,NA,NA,NA,NA,NA,NA,NA,NA,NA,NA,NA,NA,NA,NA,NA,NA,
000630,crazing,900,0.0225,0.670490093847758,0.6120777891504606,0.8027465667915106,0.7593650793650794,-0.05841230469729741,0.4068627450980392,0.32492997198879553,-0.08193277310924368,0.8343412924773894,0.70264447806354,-0.1316968144138494,0.8626865671641791,0.807799442896936,0.754601226993865,0.6573816155988857,0.6632530120481928,0.6036406341749854,-0.05961237787320739,0.9700065566464253,0.9610581239277873,-0.008948432718637989,0.982089552238806,0.958217270194986,0.9754601226993865,0.947075208913649,0.7848568790397045,0.7489693082913422,-0.03588757074836224,0.99860529986053,0.9958041958041958,-0.0028011040563342693,1.0,0.9972144846796658,1.0,0.9916434540389972,11.966666666666667
000630,inclusion,5954,0.14885,0.9263258177199111,0.9231378763866878,0.9617540389053743,0.9600329625051504,-0.0031879413332233097,0.4570446735395189,0.43087248322147653,-0.026172190318042354,0.8813650217276057,0.8527807932932147,-0.028584228434391012,0.9168316831683169,0.8485401459854015,0.8806262230919765,0.8266423357664233,0.6656176239181747,0.64847077042199,-0.017146853496184722,0.962286481690928,0.9633775479588549,0.0010910662679268768,0.994059405940594,0.9324817518248175,0.9902152641878669,0.9379562043795621,0.754016620498615,0.7443135105508358,-0.00970310994777912,0.9728209934395502,0.976657329598506,0.0038363361589558442,1.0,0.9470802919708029,1.0,0.9543795620437956,
000630,patches,0,0.0,NA,NA,NA,NA,NA,NA,NA,NA,NA,NA,NA,NA,NA,NA,NA,NA,NA,NA,NA,NA,NA,NA,NA,NA,NA,NA,NA,NA,NA,NA,NA,NA,NA,NA,NA,
000631,crazing,847,0.021175,0.6663254861821903,0.5784797630799605,0.7997542997542998,0.7329580988117573,-0.08784572310222982,0.3474088291746641,0.22670250896057348,-0.12070632021409061,0.8216604594443164,0.6373705215012779,-0.1842899379430385,0.7959770114942529,0.8490566037735849,0.6272727272727273,0.6477987421383647,0.5750577367205543,0.503370786516854,-0.0716869502037003,0.9173473299324743,0.9120992761116857,-0.005248053820788523,0.8764367816091954,0.9622641509433962,0.9,0.9245283018867925,0.6829584775086506,0.6417846417846418,-0.04117383572400879,0.9244315800758217,0.9300911854103344,0.005659605334512707,0.8764367816091954,0.9779874213836478,0.9,0.9622641509433962,10.926609310630388
000631,inclusion,5119,0.127975,0.8220870206489675,0.7930193282041659,0.9023575837296367,0.8845630559916274,-0.029067692444801674,0.20053120849933598,0.18330071754729288,-0.017230490952043098,0.4698230399624985,0.44702523556327706,-0.022797804399221466,0.4647577092511013,0.475,0.4335511982570806,0.46136363636363636,0.3675018982536067,0.3230769230769231,-0.04442497517668359,0.7024887603223346,0.5794430829398253,-0.12304567738250938,0.6938325991189427,0.7113636363636363,0.5642701525054467,0.5954545454545455,0.4806158922188617,0.4361362426822778,-0.0444796495365839,0.7662570956384278,0.7464609854526524,-0.01979611018577543,0.7577092511013216,0.775,0.7363834422657952,0.7568181818181818,
000631,patches,0,0.0,NA,NA,NA,NA,NA,NA,NA,NA,NA,NA,NA,NA,NA,NA,NA,NA,NA,NA,NA,NA,NA,NA,NA,NA,NA,NA,NA,NA,NA,NA,NA,NA,NA,NA,NA,
000632,crazing,444,0.0111,0.5773420479302832,0.5659574468085107,0.7320441988950276,0.7228260869565217,-0.01138460112177253,0.2719665271966527,0.21669980119284293,-0.055266726003809774,0.6493657628302107,0.5547232804006335,-0.09464248242957729,0.788135593220339,0.5521472392638037,0.6377952755905512,0.49079754601226994,0.506953223767383,0.5044359949302915,-0.0025172288370916007,0.8952107004170862,0.9412457739985657,0.04603507358147951,0.9915254237288136,0.8159509202453987,0.984251968503937,0.901840490797546,0.6305970149253731,0.6656976744186046,0.03510065949323149,0.9445588598731361,0.9780564263322884,0.03349756645915225,0.9915254237288136,0.901840490797546,1.0,0.9570552147239264,7.735637665382868
000632,inclusion,4314,0.10785,0.8541125541125542,0.8572982379812921,0.9213168339948634,0.923167018037011,0.003185683868737965,0.2980828695114409,0.31340465701699183,0.01532178750555091,0.6660360929280227,0.6709046454767726,0.00486855254874996,0.6673151750972762,0.6647619047619048,0.6751968503937008,0.6666666666666666,0.5230825154489277,0.528613352898019,0.00553083744909133,0.8854640760852506,0.858707280118417,-0.026756795966833558,0.8852140077821011,0.8857142857142857,0.8622047244094488,0.8552380952380952,0.6454998688008396,0.6560509554140127,0.010551086613173055,0.9506669654775941,0.956189311109412,0.00552234563181786,0.9396887159533074,0.9619047619047619,0.9468503937007874,0.9657142857142857,
000632,patches,0,0.0,NA,NA,NA,NA,NA,NA,NA,NA,NA,NA,NA,NA,NA,NA,NA,NA,NA,NA,NA,NA,NA,NA,NA,NA,NA,NA,NA,NA,NA,NA,NA,NA,NA,NA,NA,
000633,crazing,918,0.02295,0.7005813953488372,0.6516634050880626,0.8239316239316239,0.7890995260663507,-0.04891799026077459,0.39549180327868855,0.3346573982125124,-0.060834405066176156,0.8133872443408199,0.7469981207345621,-0.06638912360625782,0.8774834437086093,0.7580174927113703,0.8129251700680272,0.6909620991253644,0.6325263811297331,0.5748175182481752,-0.057708862881557965,0.9652728844645008,0.9370215598535557,-0.02825132461094504,0.9900662251655629,0.9416909620991254,0.9761904761904762,0.9008746355685131,0.7434842249657064,0.7037374658158614,-0.039746759149845046,0.9806835066864785,0.9730538922155688,-0.007629614470909707,1.0,0.9620991253644315,1.0,0.9475218658892128,11.320686908033311
000633,inclusion,3100,0.0775,0.9109712230215827,0.9032450133968443,0.9534117647058824,0.9491631471922415,-0.007726209624738467,0.37599093997734995,0.3561030235162374,-0.019887916461112543,0.804710772428126,0.7603314321973246,-0.04437934023080148,0.7960526315789473,0.8135593220338984,0.7450331125827815,0.7762711864406779,0.6054196959682749,0.5751463890696161,-0.030273306898658814,0.9465997691564789,0.9061749188814306,-0.040424850275048274,0.9342105263157895,0.9593220338983051,0.8940397350993378,0.9186440677966101,0.7175860443187175,0.6943537097526832,-0.02323233456603435,0.9866666666666666,0.9731768070482956,-0.013489859618371014,0.9736842105263158,1.0,0.9602649006622517,0.9864406779661017,
000633,patches,0,0.0,NA,NA,NA,NA,NA,NA,NA,NA,NA,NA,NA,NA,NA,NA,NA,NA,NA,NA,NA,NA,NA,NA,NA,NA,NA,NA,NA,NA,NA,NA,NA,NA,NA,NA,NA,
000634,crazing,1569,0.039225,0.7052325581395349,0.6914956011730206,0.8271394476645073,0.8176144244105409,-0.013736956966514335,0.34854497354497355,0.33134920634920634,-0.01719576719576721,0.7652155156918431,0.7409657151425522,-0.024249800549290934,0.8101545253863135,0.725,0.7995444191343963,0.6903846153846154,0.6023558082859464,0.5855745721271394,-0.016781236158807,0.9670846532524856,0.9558265452474248,-0.011258108005060774,0.9889624724061811,0.9461538461538461,0.9977220956719818,0.9173076923076923,0.7263893106589736,0.7059002433090025,-0.020489067349971135,0.9912706110572259,0.9743589743589743,-0.016911636698251575,1.0,0.9826923076923076,1.0,0.95,13.127797586457548
000634,inclusion,1133,0.028325,0.8967254408060453,0.8994132439228835,0.9455511288180611,0.9470432480141218,0.002687803116838139,0.41706161137440756,0.44364508393285373,0.026583472558446175,0.8172506111046444,0.8252145739782869,0.007963962873642538,0.8194444444444444,0.815068493150685,0.815068493150685,0.8356164383561644,0.6583333333333333,0.6736401673640168,0.015306834030683447,1.0,0.9897141773711902,-0.010285822628809838,1.0,1.0,0.9863013698630136,0.9931506849315068,0.7590953785644051,0.7714285714285715,0.012333192864166342,1.0,1.0,0.0,1.0,1.0,1.0,1.0,
000634,patches,0,0.0,NA,NA,NA,NA,NA,NA,NA,NA,NA,NA,NA,NA,NA,NA,NA,NA,NA,NA,NA,NA,NA,NA,NA,NA,NA,NA,NA,NA,NA,NA,NA,NA,NA,NA,NA,
000635,crazing,287,0.007175,0.46105919003115264,0.42729970326409494,0.6311300639658849,0.5987525987525988,-0.0337594867670577,0.24719101123595505,0.18393782383419688,-0.06325318740175817,0.6914092914611992,0.5562310030395138,-0.13517828842168544,0.972972972972973,0.5362318840579711,0.75,0.4420289855072464,0.39186991869918697,0.3887147335423197,-0.003155185156867246,0.7281105990783411,0.7281105990783411,0.0,1.0,0.572463768115942,1.0,0.572463768115942,0.4758961681087763,0.47115384615384615,-0.004742321954930129,0.7281105990783411,0.7281105990783411,0.0,1.0,0.572463768115942,1.0,0.572463768115942,8.145882438193183
000635,inclusion,5599,0.139975,0.6634600220785365,0.6850025079418157,0.7976867652635571,0.8130581464576305,0.021542485863279226,0.14160206718346252,0.19776536312849163,0.05616329594502911,0.36953735861671894,0.4779868964653841,0.10844953784866518,0.4078674948240166,0.3377926421404682,0.5609756097560976,0.41638795986622074,0.27882660470519893,0.35723350253807107,0.07840689783287214,0.5560635870719833,0.6783866748525212,0.12232308778053791,0.6211180124223602,0.5033444816053512,0.8004434589800443,0.5886287625418061,0.38906480895081275,0.4507713248638838,0.06170651591307108,0.691317445920932,0.7584740904922042,0.06715664457127213,0.7805383022774327,0.6204013377926422,0.893569844789357,0.6588628762541806,
000635,patches,0,0.0,NA,NA,NA,NA,NA,NA,NA,NA,NA,NA,NA,NA,NA,NA,NA,NA,NA,NA,NA,NA,NA,NA,NA,NA,NA,NA,NA,NA,NA,NA,NA,NA,NA,NA,NA,
000636,crazing,384,0.0096,0.5285996055226825,0.5189075630252101,0.6916129032258065,0.6832641770401107,-0.009692042497472353,0.29566563467492263,0.29079159935379645,-0.00487403532112618,0.754193502724892,0.7179916317991633,-0.036201870925728796,0.7309644670050761,0.7789473684210526,0.7428571428571429,0.6947368421052632,0.5456349206349206,0.5380658436213992,-0.007569077013521386,0.934570103460578,0.91735781019505,-0.017212293265527978,0.8984771573604061,0.9736842105263158,0.9085714285714286,0.9263157894736842,0.6397331356560415,0.6325115562403698,-0.007221579415671697,0.9528183014588525,0.9528994082840236,8.110682517115109e-05,0.9187817258883249,0.9894736842105263,0.9428571428571428,0.9631578947368421,9.695896898516747
000636,inclusion,8183,0.204575,0.855540750610704,0.8536911257098319,0.9221470887439411,0.9210716001922152,-0.0018496249008721488,0.21464393179538616,0.2288855572213893,0.014241625426003157,0.5345422503735298,0.574152616635704,0.03961036626217429,0.5136,0.5572649572649573,0.5518867924528302,0.5982905982905983,0.4039580908032596,0.4147826086956522,0.010824517892392582,0.7497434777862679,0.7504284490145672,0.0006849712282992471,0.7136,0.7897435897435897,0.710691823899371,0.7948717948717948,0.5239820933702836,0.5285138859444563,0.004531792574172688,0.8405679513184584,0.8351467337119077,-0.005421217606550677,0.8,0.8854700854700854,0.7971698113207547,0.8769230769230769,
000636,patches,0,0.0,NA,NA,NA,NA,NA,NA,NA,NA,NA,NA,NA,NA,NA,NA,NA,NA,NA,NA,NA,NA,NA,NA,NA,NA,NA,NA,NA,NA,NA,NA,NA,NA,NA,NA,NA,
000637,crazing,512,0.0128,0.5658627087198516,0.5028142589118199,0.7227488151658767,0.6691635455680399,-0.0630484498080317,0.30743243243243246,0.23500810372771475,-0.07242432870471771,0.7192712449565326,0.661477878156127,-0.05779336680040559,0.9632352941176471,0.5739130434782609,0.9307692307692308,0.5130434782608696,0.45849802371541504,0.408243375858685,-0.05025464785673006,0.7733333333333333,0.7634408602150538,-0.009892473118279566,1.0,0.6304347826086957,1.0,0.6173913043478261,0.520909757887014,0.479502196193265,-0.041407561693748984,0.7830687830687831,0.7733333333333333,-0.00973544973544982,1.0,0.6434782608695652,1.0,0.6304347826086957,10.16465997955662
000637,inclusion,6716,0.1679,0.8912826366100728,0.8897343862167982,0.9425165962582981,0.9416502051359976,-0.0015482503932745528,0.2515687393040502,0.25142857142857145,-0.0001401678754787694,0.5836146057072721,0.5709473308974246,-0.012667274809847529,0.6,0.568100358422939,0.5852272727272727,0.557347670250896,0.4852292020373514,0.48067796610169494,-0.0045512359356564835,0.8346372515671315,0.8306176953421704,-0.004019556224961085,0.8528301886792453,0.8172043010752689,0.8522727272727273,0.8100358422939068,0.6212914485165794,0.6203128880059597,-0.0009785605106196194,0.9624387588459444,0.952165177617236,-0.010273581228708473,0.9811320754716981,0.9444444444444444,0.9772727272727273,0.9283154121863799,
000637,patches,0,0.0,NA,NA,NA,NA,NA,NA,NA,NA,NA,NA,NA,NA,NA,NA,NA,NA,NA,NA,NA,NA,NA,NA,NA,NA,NA,NA,NA,NA,NA,NA,NA,NA,NA,NA,NA,
000638,crazing,1074,0.02685,0.6110615521855486,0.5684870188003581,0.7585825027685493,0.7248858447488584,-0.04257453338519046,0.3139635732870772,0.27512776831345825,-0.03883580497361894,0.7250914257149623,0.6723008261323711,-0.05279059958259125,0.8414239482200647,0.6370192307692307,0.8054607508532423,0.5769230769230769,0.5584,0.5320954907161803,-0.026304509283819666,0.9067017082785809,0.8877005347593583,-0.01900117351922259,1.0,0.8293269230769231,1.0,0.7980769230769231,0.6771653543307087,0.6673553719008265,-0.00980998242988218,0.9292149292149292,0.9264516129032259,-0.0027633163117033455,1.0,0.8677884615384616,1.0,0.8629807692307693,12.69378651210495
000638,inclusion,8359,0.208975,0.8874580067189249,0.852964697817891,0.9403737763274993,0.920648621986559,-0.03449330890103397,0.3334776959722824,0.2311377245508982,-0.10233997142138418,0.6889086227681561,0.5641650974913442,-0.12474352527681187,0.6786632390745502,0.699468085106383,0.5579896907216495,0.5704787234042553,0.5239282153539382,0.4395009416195857,-0.08442727373435249,0.8346511180355659,0.7897850488367655,-0.04486606919880043,0.8213367609254498,0.848404255319149,0.7719072164948454,0.8085106382978723,0.6398982558139535,0.5711790393013101,-0.06871921651264346,0.9013508773592955,0.877485770501019,-0.023865106858276586,0.8894601542416453,0.913563829787234,0.8582474226804123,0.8976063829787234,
000638,patches,0,0.0,NA,NA,NA,NA,NA,NA,NA,NA,NA,NA,NA,NA,NA,NA,NA,NA,NA,NA,NA,NA,NA,NA,NA,NA,NA,NA,NA,NA,NA,NA,NA,NA,NA,NA,NA,
000639,crazing,1029,0.025725,0.6288659793814433,0.5998248686514887,0.7721518987341772,0.7498631636562672,-0.029041110729954633,0.3707865168539326,0.34646302250803857,-0.024323494345894037,0.7988379172711351,0.7478105659999666,-0.05102735127116842,0.862796833773087,0.7437070938215103,0.8453038674033149,0.6704805491990846,0.5950413223140496,0.5713585090730751,-0.023682813240974543,0.9342885280089598,0.9158133268425799,-0.018475201166379907,0.9973614775725593,0.8787185354691075,0.9972375690607734,0.8466819221967964,0.7184718100890207,0.701386286998876,-0.017085523090144772,0.9393203883495145,0.9262899262899262,-0.013030462059588244,1.0,0.88558352402746,1.0,0.8627002288329519,13.623031147589808
000639,inclusion,6303,0.157575,0.8548214011957688,0.8381494005533354,0.9217290685180594,0.9119491596287315,-0.01667200064243335,0.17159763313609466,0.15553388590931252,-0.016063747226782138,0.45470085470085475,0.42708146016903437,-0.027619394531820385,0.49906191369606,0.4175824175824176,0.4752851711026616,0.3877551020408163,0.398796992481203,0.36070381231671556,-0.03809318016448743,0.765442622574831,0.702467932078052,-0.06297469049677895,0.8330206378986866,0.7080062794348508,0.7642585551330798,0.6499215070643642,0.5330220146764509,0.5012027115678985,-0.03181930310855241,0.8981029376450813,0.8518177081245741,-0.046285229520507176,0.9568480300187617,0.8461538461538461,0.9182509505703422,0.7943485086342229,
000639,patches,0,0.0,NA,NA,NA,NA,NA,NA,NA,NA,NA,NA,NA,NA,NA,NA,NA,NA,NA,NA,NA,NA,NA,NA,NA,NA,NA,NA,NA,NA,NA,NA,NA,NA,NA,NA,NA,
000640,crazing,1350,0.03375,0.4954427083333333,0.49052906596995427,0.6626033957335655,0.6581945661700263,-0.004913642363379045,0.20307692307692307,0.19879518072289157,-0.004281742354031504,0.5499999999999999,0.5381986577846016,-0.011801342215398303,0.6075581395348837,0.5024038461538461,0.5893854748603352,0.4951923076923077,0.4152503445107947,0.42007266121707537,0.004822316706280694,0.7637943519188993,0.758503550643856,-0.005290801275043333,0.8517441860465116,0.6923076923076923,0.835195530726257,0.6947115384615384,0.5890947968638631,0.6004258339247693,0.011331037060906213,0.8863125526800487,0.9055861062377449,0.01927355355769622,0.9854651162790697,0.8052884615384616,0.9804469273743017,0.8413461538461539,11.3220859221978
000640,inclusion,5093,0.127325,0.8872631776402176,0.8426118135497264,0.9402643872378491,0.9145841868086849,-0.0446513640904912,0.32706766917293234,0.26795413397706697,-0.059113535195865374,0.7143350657136034,0.6581080739799141,-0.05622699173368928,0.7189922480620154,0.7097378277153558,0.6627218934911243,0.653558052434457,0.5589535740604274,0.458405847546119,-0.10054772651430843,0.9114495610105715,0.8175477811268781,-0.09390177988369341,0.9127906976744186,0.9101123595505618,0.8362919132149902,0.799625468164794,0.6840425531914893,0.5815244825845532,-0.10251807060693607,0.9714900484131253,0.8560054173190309,-0.11548463109409435,0.9767441860465116,0.9662921348314607,0.873767258382643,0.8389513108614233,
000640,patches,0,0.0,NA,NA,NA,NA,NA,NA,NA,NA,NA,NA,NA,NA,NA,NA,NA,NA,NA,NA,NA,NA,NA,NA,NA,NA,NA,NA,NA,NA,NA,NA,NA,NA,NA,NA,NA,
000641,crazing,342,0.00855,0.5284552845528455,0.5124653739612188,0.6914893617021277,0.6776556776556777,-0.015989910591626688,0.32661290322580644,0.31666666666666665,-0.009946236559139787,0.6880973066898349,0.6872407732864675,-0.0008565334033674432,0.7557251908396947,0.631578947368421,0.7899159663865546,0.6081871345029239,0.5961038961038961,0.5543905635648755,-0.04171333253902065,0.9345794392523363,0.9038461538461539,-0.030733285406182476,1.0,0.8771929824561403,1.0,0.8245614035087719,0.6976284584980237,0.651394422310757,-0.046234036187266736,0.9573170731707318,0.9245283018867925,-0.03278877128393931,1.0,0.9181286549707602,1.0,0.8596491228070176,9.246621004453464
000641,inclusion,4831,0.120775,0.8596190476190476,0.8487712665406427,0.9245109085322134,0.918200408997955,-0.010847781078404894,0.3308641975308642,0.2973293768545994,-0.03353482067626479,0.6969266237060326,0.6451189871151055,-0.05180763659092713,0.7072243346007605,0.6869244935543278,0.6402214022140221,0.6500920810313076,0.5357271095152604,0.5186997553303041,-0.017027354184956267,0.8708698929594453,0.8707610381250548,-0.0001088548343904927,0.8688212927756654,0.8729281767955801,0.8579335793357934,0.8839779005524862,0.6444444444444445,0.6305292763998978,-0.013915168044546733,0.9156457903188804,0.9313345099698062,0.015688719650925775,0.908745247148289,0.9226519337016574,0.9114391143911439,0.9521178637200737,
000641,patches,0,0.0,NA,NA,NA,NA,NA,NA,NA,NA,NA,NA,NA,NA,NA,NA,NA,NA,NA,NA,NA,NA,NA,NA,NA,NA,NA,NA,NA,NA,NA,NA,NA,NA,NA,NA,NA,
000642,crazing,2596,0.0649,0.7735449735449735,0.8034641215977377,0.8723150357995226,0.8910231281850255,0.02991914805276419,0.20702267739575714,0.25595238095238093,0.048929703556623794,0.524244805509973,0.5889616935483871,0.06471688803841413,0.5687830687830688,0.4861751152073733,0.6129032258064516,0.5668202764976958,0.43593130779392336,0.4879248658318426,0.05199355803791922,0.8160231861598296,0.8329954897017714,0.01697230354194179,0.8597883597883598,0.7764976958525346,0.8535980148883374,0.8133640552995391,0.5722222222222222,0.617169373549884,0.044947151327661805,0.9296515966848659,0.9585117166537475,0.028860119968881603,0.9682539682539683,0.8940092165898618,0.9776674937965261,0.9400921658986175,8.517995090970627
000642,inclusion,4184,0.1046,0.9138965835641736,0.9244537424453743,0.9550114582076951,0.9607440512139147,0.010557158881200679,0.3696969696969697,0.4381818181818182,0.06848484848484848,0.7826068786827699,0.8196878291678636,0.037080950485093744,0.7831632653061225,0.782051282051282,0.8163265306122449,0.823076923076923,0.6196098562628337,0.66070489216202,0.04109503589918628,0.9769414631860148,0.9616227025997525,-0.015318760586262359,0.9821428571428571,0.9717948717948718,0.9642857142857143,0.958974358974359,0.7292048369366069,0.761372110365399,0.03216727342879211,1.0,0.9974424552429668,-0.002557544757033181,1.0,1.0,0.9948979591836735,1.0,
000642,patches,0,0.0,NA,NA,NA,NA,NA,NA,NA,NA,NA,NA,NA,NA,NA,NA,NA,NA,NA,NA,NA,NA,NA,NA,NA,NA,NA,NA,NA,NA,NA,NA,NA,NA,NA,NA,NA,
000643,crazing,888,0.0222,0.5332871012482663,0.5914826498422713,0.6956128448665763,0.7433102081268583,0.058195548594005,0.3041289023162135,0.38387096774193546,0.07974206542572199,0.716323296354992,0.7247758916650773,0.008452595310085242,0.7084639498432602,0.7243589743589743,0.7284345047923323,0.7211538461538461,0.4923529411764706,0.5354282193468884,0.04307527817041784,0.7891755661061823,0.7999820801146873,0.010806514008504964,0.7774294670846394,0.8012820512820513,0.7955271565495208,0.8044871794871795,0.5647007042253521,0.5947682423129876,0.030067538087635515,0.830309188561475,0.8446755513536117,0.014366362792136766,0.8150470219435737,0.8461538461538461,0.8338658146964856,0.8557692307692307,10.470034461338779
000643,inclusion,7397,0.184925,0.8314553990610328,0.8246813441483198,0.9079723147910792,0.9039182066425351,-0.00677405491271299,0.22633895818048422,0.24771313574826198,0.021374177567777763,0.5357374648449851,0.5792813605977192,0.043543895752734096,0.5110081112398609,0.5629820051413882,0.5439377085650723,0.6195372750642674,0.4235218508997429,0.4259882253994954,0.002466374499752455,0.7762219903260393,0.7526988643076908,-0.023523126018348495,0.7358053302433372,0.8213367609254498,0.7041156840934372,0.8084832904884319,0.5459383315072781,0.5431021283111315,-0.002836203196146636,0.8771045796262629,0.8532341630167718,-0.023870416609491074,0.8377752027809965,0.9203084832904884,0.8031145717463849,0.910025706940874,
000643,patches,0,0.0,NA,NA,NA,NA,NA,NA,NA,NA,NA,NA,NA,NA,NA,NA,NA,NA,NA,NA,NA,NA,NA,NA,NA,NA,NA,NA,NA,NA,NA,NA,NA,NA,NA,NA,NA,
000644,crazing,847,0.021175,0.7128378378378378,0.7110091743119266,0.8323471400394478,0.8310991957104558,-0.0018286635259112671,0.3969849246231156,0.3911392405063291,-0.005845684116786487,0.7875824231994684,0.7903525046382189,0.0027700814387505712,0.7955390334572491,0.779783393501805,0.8129770992366412,0.7689530685920578,0.6319702602230484,0.6289355322338831,-0.0030347279891652645,0.9395733497118289,0.9555355275965247,0.015962177884695783,0.9405204460966543,0.9386281588447654,0.9580152671755725,0.9530685920577617,0.7615298087739033,0.7681324957167333,0.0066026869428299495,1.0,1.0,0.0,1.0,1.0,1.0,1.0,9.517832638505086
000644,inclusion,5622,0.14055,0.8314751979318145,0.852760736196319,0.9079841199823555,0.9205298013245033,0.021285538264504522,0.24879923150816521,0.30921704658077304,0.06041781507260782,0.6248840960269286,0.6943281309478493,0.06944403492092066,0.6378205128205128,0.6124620060790273,0.6956521739130435,0.6930091185410334,0.46129677235075695,0.5222873900293256,0.060990617678568615,0.8105891753227638,0.8524590163934426,0.041869841070678815,0.8237179487179487,0.7978723404255319,0.8478260869565217,0.8571428571428571,0.5802957717142262,0.6350629938073884,0.054767222093162204,0.9009680183601807,0.9307505279784194,0.029782509618238695,0.9022435897435898,0.8996960486322189,0.9239130434782609,0.9376899696048632,
000644,patches,0,0.0,NA,NA,NA,NA,NA,NA,NA,NA,NA,NA,NA,NA,NA,NA,NA,NA,NA,NA,NA,NA,NA,NA,NA,NA,NA,NA,NA,NA,NA,NA,NA,NA,NA,NA,NA,
000645,crazing,397,0.009925,0.7445544554455445,0.7854166666666667,0.8535754824063564,0.8798133022170361,0.0408622112211221,0.49065420560747663,0.5045871559633027,0.01393295035582609,0.8556043079377742,0.8723835246455097,0.016779216707735523,0.7831325301204819,0.9428571428571428,0.7916666666666666,0.9714285714285714,0.6323337679269883,0.6375321336760925,0.005198365749104261,0.880255146419252,0.8837209302325582,0.0034657838133062002,0.7951807228915663,0.9857142857142858,0.7916666666666666,1.0,0.6946778711484594,0.6821917808219178,-0.012486090326541577,0.8859060402684563,0.8837209302325582,-0.0021851100358981634,0.7951807228915663,1.0,0.7916666666666666,1.0,7.026398585198939
000645,inclusion,4332,0.1083,0.7526683842473316,0.7468825609529127,0.8588828223435532,0.8551033454080545,-0.005785823294418901,0.25985844287158744,0.2469257255287752,-0.012932717342812233,0.5968403839829901,0.5670332091127716,-0.029807174870218556,0.5362962962962963,0.6727941176470589,0.5057471264367817,0.6452205882352942,0.4530564492541679,0.4453998280309544,-0.007656621223213478,0.8081267116669887,0.8139758480116914,0.005849136344702743,0.7303703703703703,0.9044117647058824,0.7327586206896551,0.9154411764705882,0.5514214046822743,0.5446520221720386,-0.006769382510235733,0.8673680034219613,0.8729643151150721,0.0055963116931108114,0.7792592592592592,0.9779411764705882,0.7801724137931034,0.9908088235294118,
000645,patches,0,0.0,NA,NA,NA,NA,NA,NA,NA,NA,NA,NA,NA,NA,NA,NA,NA,NA,NA,NA,NA,NA,NA,NA,NA,NA,NA,NA,NA,NA,NA,NA,NA,NA,NA,NA,NA,
000646,crazing,5180,0.1295,0.8377337733773378,0.8449848024316109,0.9117030829093086,0.9159802306425041,0.007251029054273106,0.31327287716405605,0.3664188893747267,0.05314601221067067,0.7048626275793024,0.7863361102042106,0.08147348262490817,0.6886446886446886,0.7218628719275549,0.7797695262483995,0.7930142302716688,0.5651412853213303,0.5888860303576022,0.023744745036271886,0.9505557710404376,0.92596968312073,-0.024586087919707622,0.9328449328449329,0.9689521345407504,0.9180537772087067,0.9340232858990944,0.691714128238104,0.7038771305487919,0.012163002310687898,0.9757053665721188,0.9497525469009943,-0.025952819671124505,0.960927960927961,0.9909443725743855,0.939820742637644,0.9598965071151359,10.740255527830277
000646,inclusion,5630,0.14075,0.8880131362889984,0.8747566515249838,0.9406853365802749,0.9331948771201107,-0.013256484764014531,0.3487261146496815,0.2967479674796748,-0.051978147170006705,0.7350228351392496,0.6733472554377694,-0.06167557970148019,0.7612687813021702,0.7105263157894737,0.6947194719471947,0.653250773993808,0.5748180955393862,0.5324754901960784,-0.042342605343307804,0.8805170128666768,0.8584800534878538,-0.022036959378822996,0.9081803005008348,0.8544891640866873,0.8910891089108911,0.8281733746130031,0.6869983948635634,0.6542850749608413,-0.03271331990272208,0.9617497784580681,0.9562162465195373,-0.005533531938530789,0.986644407345576,0.9380804953560371,0.9818481848184818,0.9318885448916409,
000646,patches,0,0.0,NA,NA,NA,NA,NA,NA,NA,NA,NA,NA,NA,NA,NA,NA,NA,NA,NA,NA,NA,NA,NA,NA,NA,NA,NA,NA,NA,NA,NA,NA,NA,NA,NA,NA,NA,
000647,crazing,2098,0.05245,0.8793879387938794,0.8384512683578104,0.935823754789272,0.9121278140885984,-0.04093667043606908,0.4767123287671233,0.38487394957983195,-0.09183837918729132,0.8942414779551461,0.831802680387699,-0.06243879756744708,0.823943661971831,0.9776536312849162,0.7522522522522522,0.9301675977653632,0.6477987421383647,0.5867933966983492,-0.06100534544001557,0.9164165943708845,0.8939327347690504,-0.022483859601834078,0.8497652582159625,0.994413407821229,0.8175675675675675,0.9860335195530726,0.7262801204819277,0.682232761765779,-0.04404735871614873,0.9311149906400521,0.9213386960893551,-0.009776294550696951,0.8732394366197183,0.9972067039106145,0.8603603603603603,0.9916201117318436,7.815923225232347
000647,inclusion,4664,0.1166,0.8952879581151832,0.8834508502695977,0.9447513812154696,0.9381193569698304,-0.01183710784558556,0.37301038062283737,0.3174193548387097,-0.05559102578412767,0.7878791108647805,0.7078763708873379,-0.08000273997744256,0.8122362869198312,0.7649402390438247,0.7085828343313373,0.7071713147410359,0.5965266558966075,0.5724777734827986,-0.02404888241380887,0.9406735010983908,0.9461169944528491,0.005443493354458373,0.9641350210970464,0.9183266932270916,0.9401197604790419,0.952191235059761,0.7067055393586006,0.6927864214992928,-0.013919117859307772,0.9560946033224518,0.9950029470823885,0.03890834375993668,0.9767932489451476,0.9362549800796812,0.9920159680638723,0.99800796812749,
000647,patches,0,0.0,NA,NA,NA,NA,NA,NA,NA,NA,NA,NA,NA,NA,NA,NA,NA,NA,NA,NA,NA,NA,NA,NA,NA,NA,NA,NA,NA,NA,NA,NA,NA,NA,NA,NA,NA,
000648,crazing,2470,0.06175,0.7706422018348624,0.7001862197392924,0.8704663212435233,0.823658269441402,-0.07045598209557002,0.36561479869423286,0.34087054833239117,-0.02474425036184169,0.7675695461200585,0.7369337979094077,-0.030635748210650737,0.8218694885361552,0.72,0.8493975903614458,0.6507692307692308,0.6120546120546121,0.5435516542876435,-0.06850295776696858,0.9418615183550937,0.8663360246329487,-0.07552549372214501,0.9841269841269841,0.9030769230769231,0.9839357429718876,0.7738461538461539,0.7321296067276775,0.6290083867784904,-0.1031212199491871,0.9755713159968479,0.8869863013698631,-0.08858501462698476,1.0,0.9523076923076923,1.0,0.796923076923077,13.078709094514922
000648,inclusion,5444,0.1361,0.9037489102005231,0.9128594108308343,0.9494412896134823,0.9544448542973073,0.009110500630311269,0.35924112607099146,0.3959261616804583,0.03668503560946684,0.7819895314467996,0.7810512901645811,-0.0009382412822185326,0.7743682310469314,0.7897623400365631,0.7814814814814814,0.7806215722120659,0.6059398768562115,0.6325009317927693,0.026561054936557804,0.9618512578157834,0.9668799042006744,0.005028646384890978,0.9620938628158845,0.9616087751371115,0.9666666666666667,0.9670932358318098,0.720695020746888,0.7399150743099787,0.019220053563090755,0.9927335824169979,0.9963199940195656,0.003586411602567674,0.9927797833935018,0.9926873857404022,0.9962962962962963,0.9963436928702011,
000648,patches,0,0.0,NA,NA,NA,NA,NA,NA,NA,NA,NA,NA,NA,NA,NA,NA,NA,NA,NA,NA,NA,NA,NA,NA,NA,NA,NA,NA,NA,NA,NA,NA,NA,NA,NA,NA,NA,
000649,crazing,2204,0.0551,0.780811232449298,0.7614862165401518,0.876916338151555,0.8645951462916761,-0.019325015909146148,0.37037037037037035,0.37670384138785623,0.006333471017485881,0.7931654676258992,0.7876627449780457,-0.005502722647853564,0.7889087656529516,0.7974683544303798,0.8038095238095239,0.7721518987341772,0.6113505747126436,0.6082283172720534,-0.003122257440590248,0.9451359237423738,0.9499518035614632,0.004815879819089486,0.9463327370304114,0.9439421338155516,0.9733333333333334,0.9276672694394213,0.7304025423728814,0.7177814029363785,-0.012621139436502893,0.9874097007223942,0.9693074878793957,-0.01810221284299851,0.9874776386404294,0.9873417721518988,0.9980952380952381,0.9421338155515371,11.779296026589732
000649,inclusion,4940,0.1235,0.9024875621890547,0.9123537576839184,0.948744769874477,0.9541683948569059,0.009866195494863672,0.2942664418212479,0.3244406196213425,0.030174177800094626,0.6823869300726333,0.7174770039421814,0.0350900738695481,0.7065217391304348,0.659846547314578,0.7378378378378379,0.6982097186700768,0.5198216055500495,0.5517415446744068,0.03191993912435731,0.8749632852005621,0.901594114040466,0.026630828839903864,0.8967391304347826,0.8542199488491049,0.918918918918919,0.8849104859335039,0.6479024740050198,0.673328488372093,0.025426014367073257,0.954089694392462,0.9712730571514968,0.01718336275903476,0.9728260869565217,0.9360613810741688,0.9864864864864865,0.9565217391304348,
000649,patches,0,0.0,NA,NA,NA,NA,NA,NA,NA,NA,NA,NA,NA,NA,NA,NA,NA,NA,NA,NA,NA,NA,NA,NA,NA,NA,NA,NA,NA,NA,NA,NA,NA,NA,NA,NA,NA,
000650,crazing,1195,0.029875,0.7734254992319508,0.7576687116564417,0.8722390645300996,0.8621291448516579,-0.015756787575509135,0.45161290322580644,0.41932457786116323,-0.03228832536464321,0.8429985251052733,0.8129521184981053,-0.030046406607167953,0.8575342465753425,0.8289473684210527,0.8263305322128851,0.8,0.6785515320334262,0.6487831858407079,-0.029768346192718287,0.9851991437823596,0.978268732292483,-0.006930411489876609,0.9835616438356164,0.9868421052631579,0.9775910364145658,0.9789473684210527,0.7988505747126436,0.767318663406683,-0.03153191130596067,1.0,0.9973614775725593,-0.0026385224274406704,1.0,1.0,1.0,0.9947368421052631,10.992580228667062
000650,inclusion,2786,0.06965,0.8059520194351655,0.8387606702497629,0.8925508659828485,0.9123108665749656,0.032808650814597384,0.2879177377892031,0.31436077057793343,0.026443032788730336,0.6136116809460601,0.6784483230289434,0.06483664208288331,0.6108108108108108,0.6164383561643836,0.6720867208672087,0.684931506849315,0.46885728298185386,0.5131578947368421,0.044300611754988284,0.8135790671217293,0.8596191965037593,0.04604012938202995,0.8162162162162162,0.810958904109589,0.8644986449864499,0.8547945205479452,0.5675485008818342,0.6266960029336267,0.05914750205179253,0.8516734764843954,0.8991825613079019,0.047509084823506464,0.8432432432432433,0.8602739726027397,0.8943089430894309,0.9041095890410958,
000650,patches,0,0.0,NA,NA,NA,NA,NA,NA,NA,NA,NA,NA,NA,NA,NA,NA,NA,NA,NA,NA,NA,NA,NA,NA,NA,NA,NA,NA,NA,NA,NA,NA,NA,NA,NA,NA,NA,
000651,crazing,5396,0.1349,0.8496110630942092,0.8162114537444934,0.9186915887850468,0.8988066362666149,-0.03339960934971575,0.4060441689267726,0.3371882905674015,-0.06885587835937107,0.8400764125678882,0.7423386236561273,-0.09773778891176088,0.8538812785388128,0.826710816777042,0.7497219132369299,0.7350993377483444,0.6552048987282147,0.5936944937833037,-0.061510404944911,0.9512174126091766,0.9257155815660539,-0.025501831043122647,0.9646118721461188,0.9381898454746137,0.9343715239154616,0.9172185430463576,0.7642732049036778,0.7101762554040572,-0.05409694949962063,0.9776052460639053,0.9617526798400203,-0.01585256622388498,0.9817351598173516,0.9735099337748344,0.9588431590656284,0.9646799116997793,12.333667243157528
000651,inclusion,8249,0.206225,0.8436645894828906,0.8333705108186482,0.9152039848197343,0.9091130307823336,-0.010294078664242368,0.1856856856856857,0.14430992736077483,-0.04137575832491086,0.4540816326530612,0.37215394150596987,-0.08192769114709131,0.4564102564102564,0.4517766497461929,0.379073756432247,0.36548223350253806,0.3455840455840456,0.30426356589147285,-0.04132047969257274,0.6471120646307533,0.6021149921573257,-0.04499707247342766,0.6495726495726496,0.6446700507614214,0.6123499142367067,0.5922165820642978,0.4751847940865892,0.4411643270024773,-0.03402046708411188,0.7729539097652925,0.7545306678048612,-0.018423241960431325,0.7777777777777778,0.7681895093062606,0.7684391080617495,0.7411167512690355,
000651,patches,0,0.0,NA,NA,NA,NA,NA,NA,NA,NA,NA,NA,NA,NA,NA,NA,NA,NA,NA,NA,NA,NA,NA,NA,NA,NA,NA,NA,NA,NA,NA,NA,NA,NA,NA,NA,NA,
000652,crazing,4365,0.109125,0.8129319955406912,0.776196928635953,0.8968146599434264,0.873998728544183,-0.036735066904738156,0.34563189143341816,0.2816161616161616,-0.06401572981725656,0.7328162330071766,0.659886654762829,-0.07292957824434754,0.8002873563218391,0.6758373205741627,0.7359307359307359,0.5980861244019139,0.5796843177189409,0.5096271021203997,-0.07005721559854117,0.9268451460655871,0.8768860913816839,-0.04995905468390316,0.9770114942528736,0.881578947368421,0.9494949494949495,0.8145933014354066,0.6977576785377803,0.6376255707762557,-0.060132107761524556,0.9657369072516967,0.9399172428962237,-0.025819664355473004,0.9913793103448276,0.9413875598086124,0.9826839826839827,0.9007177033492823,12.653601509330462
000652,inclusion,4256,0.1064,0.7429262844378257,0.7368518518518519,0.8525045391434369,0.8484913103742403,-0.0060744325859738435,0.2755474452554745,0.20493247210804463,-0.07061497314742984,0.628553177898435,0.5271823040380047,-0.10137087386043031,0.6,0.6599597585513078,0.5175097276264592,0.5372233400402414,0.42422145328719724,0.36702849389416553,-0.057192959393031706,0.717927841884691,0.6949980307207562,-0.022929811163934888,0.6766355140186916,0.7645875251509054,0.6731517509727627,0.7183098591549296,0.5139165009940357,0.464574650649669,-0.04934185034436672,0.775581238172479,0.7585035064413482,-0.017077731731130807,0.7271028037383177,0.8309859154929577,0.7237354085603113,0.7967806841046278,
000652,patches,0,0.0,NA,NA,NA,NA,NA,NA,NA,NA,NA,NA,NA,NA,NA,NA,NA,NA,NA,NA,NA,NA,NA,NA,NA,NA,NA,NA,NA,NA,NA,NA,NA,NA,NA,NA,NA,
000653,crazing,3052,0.0763,0.6338797814207651,0.788623141564318,0.7759197324414716,0.8818214672930972,0.15474336014355294,0.18365235385411277,0.2437417654808959,0.060089411626783135,0.47839528457312397,0.5977880184331796,0.11939273386005567,0.4221879815100154,0.5518672199170125,0.6252771618625277,0.5726141078838174,0.37827597095042625,0.4806541683286797,0.10237819737825343,0.7123853917020294,0.8456221949337651,0.1332368032317357,0.6240369799691834,0.8298755186721992,0.8758314855875832,0.8174273858921162,0.501938923897237,0.6296296296296297,0.1276907057323926,0.801813673507579,0.950959127366988,0.14914545385940892,0.6979969183359014,0.941908713692946,0.9667405764966741,0.9356846473029046,8.724785801784758
000653,inclusion,2387,0.059675,0.5198538367844092,0.6493589743589744,0.6840839878185606,0.7874076952973184,0.12950513757456517,0.07570422535211267,0.1049436253252385,0.02923939997312583,0.23173858019015892,0.2888998659233646,0.05716128573320567,0.1648177496038035,0.39015151515151514,0.25274725274725274,0.3371212121212121,0.1676548089591568,0.2553086419753086,0.08765383301615182,0.38490586037390856,0.5869339066509467,0.20202804627703813,0.277337559429477,0.6287878787878788,0.510989010989011,0.6893939393939394,0.23122765196662692,0.3453900709219858,0.11416241895535889,0.4576619777174092,0.6587135653671135,0.20105158764970427,0.3264659270998415,0.7651515151515151,0.5659340659340659,0.7878787878787878,
000653,patches,0,0.0,NA,NA,NA,NA,NA,NA,NA,NA,NA,NA,NA,NA,NA,NA,NA,NA,NA,NA,NA,NA,NA,NA,NA,NA,NA,NA,NA,NA,NA,NA,NA,NA,NA,NA,NA,
000654,crazing,775,0.019375,0.6288888888888889,0.6143867924528302,0.772169167803547,0.7611395178962747,-0.014502096436058709,0.34324942791762014,0.29362214199759323,-0.04962728592002691,0.7894189860673574,0.701472241554687,-0.08794674451267037,0.8779527559055118,0.7171052631578947,0.8403755868544601,0.6019736842105263,0.5909742120343839,0.49926470588235294,-0.091709506152031,0.9112316537412949,0.8081660732380749,-0.10306558050322001,0.9881889763779528,0.8453947368421053,0.9671361502347418,0.694078947368421,0.6977632296781233,0.5859375,-0.11182572967812332,0.958904109589041,0.8446139691103826,-0.11429014047865849,1.0,0.9210526315789473,0.9953051643192489,0.7335526315789473,10.920002363227914
000654,inclusion,5721,0.143025,0.8842050929112182,0.8459277191768978,0.9385444251666515,0.9165339578454332,-0.038277373734320386,0.3265856950067476,0.2821011673151751,-0.04448452769157252,0.6714221128246345,0.6280846966951708,-0.043337416129463735,0.6833333333333333,0.659919028340081,0.6348547717842323,0.6214574898785425,0.5268482490272374,0.4696461824953445,-0.05720206653189286,0.8593860406689172,0.806382901157734,-0.053003139511183184,0.8666666666666667,0.8522267206477733,0.8112033195020747,0.8016194331983806,0.6336302895322939,0.5777479892761395,-0.05588230025615448,0.9178893982965977,0.8740047378562401,-0.04388466044035755,0.9291666666666667,0.9068825910931174,0.8775933609958506,0.8704453441295547,
000654,patches,0,0.0,NA,NA,NA,NA,NA,NA,NA,NA,NA,NA,NA,NA,NA,NA,NA,NA,NA,NA,NA,NA,NA,NA,NA,NA,NA,NA,NA,NA,NA,NA,NA,NA,NA,NA,NA,
000655,crazing,880,0.022,0.714898177920686,0.6369426751592356,0.83375,0.7782101167315175,-0.07795550276145036,0.45482866043613707,0.35531496062992124,-0.09951369980621583,0.8613076098606643,0.7494902417710457,-0.11181736808961862,0.9111111111111111,0.8166666666666667,0.8217821782178217,0.6888888888888889,0.6769610870907968,0.606318347509113,-0.07064273958168388,0.9699570815450643,0.9381576320620127,-0.03179944948305158,1.0,0.9416666666666667,0.9966996699669967,0.8861111111111111,0.7744360902255639,0.7258290518449323,-0.04860703838063163,0.9801699716713881,0.9655172413793104,-0.014652730292077698,1.0,0.9611111111111111,1.0,0.9333333333333333,12.135597524338358
000655,inclusion,7392,0.1848,0.8769210900167893,0.8734758096237053,0.9344251014931535,0.9324655329274267,-0.003445280393084005,0.27639071397284276,0.26130004304778304,-0.015090670925059724,0.6488862251523325,0.6234157749532574,-0.025470450199075123,0.6619115549215406,0.6363636363636364,0.6349431818181818,0.6122994652406417,0.5106944811196198,0.5217965653896962,0.011102084270076418,0.854570740613105,0.8926857492937612,0.038115008680656204,0.8744650499286734,0.8355614973262032,0.8977272727272727,0.8877005347593583,0.6392640438441966,0.6601255886970173,0.020861544852820768,0.958152992611254,0.9774533953950998,0.019300402783845816,0.9728958630527818,0.9438502673796791,0.9857954545454546,0.9692513368983957,
000655,patches,0,0.0,NA,NA,NA,NA,NA,NA,NA,NA,NA,NA,NA,NA,NA,NA,NA,NA,NA,NA,NA,NA,NA,NA,NA,NA,NA,NA,NA,NA,NA,NA,NA,NA,NA,NA,NA,
000656,crazing,1149,0.028725,0.6051752921535893,0.609254498714653,0.7540301612064483,0.7571884984025559,0.004079206561063642,0.2943432406519655,0.30078125,0.006438009348034512,0.6696969696969697,0.6721356146112697,0.0024386449143000144,0.86328125,0.5470297029702971,0.8842975206611571,0.5420792079207921,0.4820185614849188,0.4752186588921283,-0.006799902592790508,0.7976190476190476,0.7720364741641337,-0.02558257345491388,1.0,0.6633663366336634,1.0,0.6287128712871287,0.5772968197879859,0.5644444444444444,-0.012852375343541445,0.8135095447870779,0.7757575757575758,-0.037751969029502175,1.0,0.6856435643564357,1.0,0.6336633663366337,11.91849313785558
000656,inclusion,4322,0.10805,0.8732861565678903,0.8643698211949411,0.932357454845945,0.9272514619883041,-0.008916335372949225,0.3399734395750332,0.341796875,0.0018234354249668239,0.6932762277505009,0.7355066908464145,0.042230463095913606,0.7259414225941423,0.6634241245136187,0.754,0.7178988326848249,0.5652173913043478,0.5478359908883826,-0.017381400415965143,0.8880671130496071,0.8767661885827891,-0.011300924466817963,0.9225941422594143,0.8560311284046692,0.884,0.8696498054474708,0.6857713145138294,0.6629803704727675,-0.022790944041061967,0.9710540321938504,0.9319220893092003,-0.03913194288465016,0.9832635983263598,0.9591439688715954,0.93,0.933852140077821,
000656,patches,0,0.0,NA,NA,NA,NA,NA,NA,NA,NA,NA,NA,NA,NA,NA,NA,NA,NA,NA,NA,NA,NA,NA,NA,NA,NA,NA,NA,NA,NA,NA,NA,NA,NA,NA,NA,NA,
000657,crazing,321,0.008025,0.46866485013623976,0.4463276836158192,0.6382189239332097,0.6171875,-0.02233716652042056,0.3883677298311445,0.371868978805395,-0.016498751025749492,0.8304093567251462,0.8095238095238095,-0.02088554720133662,1.0,0.71,1.0,0.68,0.6056338028169014,0.5934861278648975,-0.012147674952003862,0.9010989010989011,0.89196675900277,-0.009132142096131113,1.0,0.82,1.0,0.805,0.6789237668161435,0.6545784224841342,-0.0243453443320093,0.9276139410187667,0.9276139410187667,0.0,1.0,0.865,1.0,0.865,11.162911443718952
000657,inclusion,1493,0.037325,0.7802585193889542,0.7936507936507936,0.8765676567656766,0.8849557522123894,0.01339227426183942,0.17534942820838628,0.2345679012345679,0.059218473026181606,0.4670935018500811,0.5818239931813339,0.11473049133125285,0.4533898305084746,0.481651376146789,0.581081081081081,0.5825688073394495,0.43784206411258797,0.45292207792207795,0.015080013809489978,0.8106222275506535,0.7612973266386212,-0.04932490091203234,0.809322033898305,0.8119266055045872,0.7657657657657657,0.7568807339449541,0.5937136204889406,0.6020408163265306,0.008327195837590007,0.9936034115138593,0.9700376924551205,-0.023565719058738832,0.9872881355932204,1.0,0.9864864864864865,0.9541284403669725,
000657,patches,0,0.0,NA,NA,NA,NA,NA,NA,NA,NA,NA,NA,NA,NA,NA,NA,NA,NA,NA,NA,NA,NA,NA,NA,NA,NA,NA,NA,NA,NA,NA,NA,NA,NA,NA,NA,NA,
000658,crazing,878,0.02195,0.4400428265524625,0.38375973303670746,0.6111524163568773,0.5546623794212219,-0.056283093515755056,0.393717277486911,0.336734693877551,-0.05698258360935998,0.8105158459819604,0.7385306448392893,-0.07198520114267104,0.9115384615384615,0.7296511627906976,0.9414893617021277,0.6075581395348837,0.5941289087428206,0.5401509951956074,-0.05397791354721326,0.8766692851531815,0.8590381426202321,-0.017631142532949395,0.9538461538461539,0.811046511627907,1.0,0.752906976744186,0.6903478686918177,0.6498940677966102,-0.04045380089520756,0.9016164512222249,0.8938906752411575,-0.007725775981067384,0.9576923076923077,0.8517441860465116,1.0,0.8081395348837209,11.609437681480625
000658,inclusion,3283,0.082075,0.8838782412626832,0.8820176688515247,0.93836026331538,0.9373107207752877,-0.0018605724111585564,0.2983706720977597,0.3280922431865828,0.029721571088823118,0.6629810661806758,0.6703782619653126,0.007397195784636823,0.653125,0.6731391585760518,0.6613924050632911,0.6796116504854369,0.5230125523012552,0.5207207207207207,-0.0022918315805344758,0.8823778803955494,0.8334336424491802,-0.04894423794636926,0.86875,0.8964401294498382,0.8164556962025317,0.8511326860841424,0.6479723899913719,0.6381692573402418,-0.009803132651130086,0.9491507368802297,0.9262413307175817,-0.022909406162647916,0.934375,0.9644012944983819,0.9082278481012658,0.9449838187702265,
000658,patches,0,0.0,NA,NA,NA,NA,NA,NA,NA,NA,NA,NA,NA,NA,NA,NA,NA,NA,NA,NA,NA,NA,NA,NA,NA,NA,NA,NA,NA,NA,NA,NA,NA,NA,NA,NA,NA,
000659,crazing,2273,0.056825,0.727390180878553,0.7077388672719412,0.8421839940164547,0.8288607594936709,-0.019651313606611764,0.3989481592787378,0.3743627093954843,-0.024585449883253452,0.7567567567567567,0.7304249788606683,-0.026331777896088426,0.7625272331154684,0.7510729613733905,0.7228144989339019,0.7381974248927039,0.5667095667095667,0.5542929292929293,-0.012416637416637455,0.8378446241148997,0.8288790569427922,-0.008965567172107503,0.8431372549019608,0.8326180257510729,0.8272921108742004,0.8304721030042919,0.6698232323232324,0.6605476042314873,-0.009275628091745092,0.8962067310701692,0.8929752606001297,-0.003231470470039577,0.9041394335511983,0.8884120171673819,0.8997867803837953,0.8862660944206009,9.774312023817089
000659,inclusion,3150,0.07875,0.8411832280298679,0.8558558558558559,0.9137420059273125,0.9223300970873787,0.014672627825987994,0.2857142857142857,0.293207222699914,0.007492936985628307,0.6058506092921442,0.6495956873315364,0.043745078039392205,0.6096256684491979,0.6021220159151194,0.6602739726027397,0.6392572944297082,0.47686312713102774,0.5123550176500252,0.03549189051899748,0.770967296812474,0.8504522364019328,0.07948493958945879,0.7700534759358288,0.7718832891246684,0.8547945205479452,0.8461538461538461,0.607689569241723,0.6354356543930003,0.0277460851512773,0.9160305343511451,0.9622538912930195,0.046223356941874405,0.9090909090909091,0.9230769230769231,0.9616438356164384,0.9628647214854111,
000659,patches,0,0.0,NA,NA,NA,NA,NA,NA,NA,NA,NA,NA,NA,NA,NA,NA,NA,NA,NA,NA,NA,NA,NA,NA,NA,NA,NA,NA,NA,NA,NA,NA,NA,NA,NA,NA,NA,
000660,crazing,710,0.01775,0.44487678339818415,0.3588709677419355,0.6157989228007181,0.5281899109792285,-0.08600581565624865,0.27818853974122,0.2413793103448276,-0.03680922939639239,0.66470886970346,0.5579011489906947,-0.10680772071276534,0.8875,0.531328320802005,0.8465608465608465,0.41604010025062654,0.47380675203725264,0.42289156626506025,-0.050915185772192395,0.8086841249593557,0.7666151468315301,-0.04206897812782562,0.9833333333333333,0.6867167919799498,1.0,0.6215538847117794,0.549183943537715,0.5101289134438306,-0.039055030093884446,0.8473199390730398,0.8264705882352942,-0.02084935083774564,0.9833333333333333,0.7443609022556391,1.0,0.7042606516290727,14.97420316956399
000660,inclusion,4075,0.101875,0.8680586406041759,0.8707452725250278,0.9293697978596909,0.9309073611606612,0.002686631920851834,0.2,0.21387832699619772,0.013878326996197704,0.4944077534913202,0.5158653099269848,0.02145755643566455,0.48589341692789967,0.5032258064516129,0.5124223602484472,0.5193548387096775,0.3802509547190398,0.3951568519537699,0.014905897234730126,0.6723939660420754,0.6992926892127946,0.026898723170719285,0.658307210031348,0.6870967741935484,0.6832298136645962,0.7161290322580646,0.5446280991735537,0.5554166666666667,0.010788567493112966,0.8551876562324563,0.8592043454441608,0.004016689211704505,0.8369905956112853,0.8741935483870967,0.84472049689441,0.8741935483870967,
000660,patches,0,0.0,NA,NA,NA,NA,NA,NA,NA,NA,NA,NA,NA,NA,NA,NA,NA,NA,NA,NA,NA,NA,NA,NA,NA,NA,NA,NA,NA,NA,NA,NA,NA,NA,NA,NA,NA,
000661,crazing,1683,0.042075,0.7977099236641222,0.760858189429618,0.8874734607218684,0.8641901931649332,-0.03685173423450416,0.36259541984732824,0.2797494780793319,-0.08284594176799631,0.6714497992858568,0.5744983312044172,-0.09695146808143962,0.6134751773049646,0.7415254237288136,0.4796511627906977,0.7161016949152542,0.49406009783368277,0.40212264150943394,-0.09193745632424882,0.7504066653441777,0.6551823763091369,-0.09522428903504077,0.6843971631205674,0.8305084745762712,0.5465116279069767,0.8177966101694916,0.5837864557587741,0.48433530906011857,-0.09945114669865551,0.8538007624153597,0.751748031496063,-0.10205273091929679,0.7730496453900709,0.9533898305084746,0.627906976744186,0.9364406779661016,5.752676403133428
000661,inclusion,5262,0.13155,0.8291867805421463,0.8215413184772516,0.9066179455948031,0.902028749107962,-0.0076454620648946925,0.15195460277427492,0.15413533834586465,0.002180735571589737,0.39597655670409015,0.38708715425333634,-0.008889402450753814,0.3978260869565217,0.39414414414414417,0.3782051282051282,0.3963963963963964,0.3360234776228907,0.33600291226792867,-2.0565354962032156e-05,0.6106657260133401,0.627127610635753,0.016461884622412826,0.6043478260869565,0.6171171171171171,0.6089743589743589,0.6463963963963963,0.4962861072902338,0.4824134199134199,-0.013872687376813908,0.8706213100927748,0.8487832811720415,-0.021838028920733277,0.8586956521739131,0.8828828828828829,0.844017094017094,0.8536036036036037,
000661,patches,0,0.0,NA,NA,NA,NA,NA,NA,NA,NA,NA,NA,NA,NA,NA,NA,NA,NA,NA,NA,NA,NA,NA,NA,NA,NA,NA,NA,NA,NA,NA,NA,NA,NA,NA,NA,NA,
000662,crazing,650,0.01625,0.6113475177304964,0.5379113018597997,0.7588028169014085,0.6995348837209302,-0.07343621587069671,0.47401247401247404,0.38696109358569925,-0.0870513804267748,0.8751500335854998,0.7951613358552353,-0.07998869773026451,0.9683098591549296,0.7983425414364641,0.9581589958158996,0.6795580110497238,0.6606451612903226,0.5609597924773022,-0.09968536881302037,0.9368575624082233,0.8705148205928236,-0.06634274181539968,1.0,0.8812154696132597,1.0,0.7707182320441989,0.7366617719040627,0.6379310344827587,-0.098730737421304,0.9507246376811594,0.8827160493827161,-0.06800858829844336,1.0,0.9060773480662984,1.0,0.7900552486187845,14.198808184004523
000662,inclusion,7384,0.1846,0.8910824603814128,0.6266756939742721,0.9424046587600312,0.7704986264879714,-0.26440676640714067,0.23501483679525223,0.017686072218128224,-0.217328764577124,0.5432826643894109,0.049288525582803513,-0.49399413880660736,0.5637450199203188,0.5242537313432836,0.03832752613240418,0.06902985074626866,0.44608359676852827,0.06665344177742512,-0.37943015499110316,0.7630057803468208,0.0918718675092613,-0.6711339128375595,0.7888446215139442,0.7388059701492538,0.07200929152148665,0.12686567164179105,0.5903361344537815,0.16863330843913368,-0.4217028260146478,0.9439813795489573,0.3050649540213108,-0.6389164255276465,0.9800796812749004,0.9104477611940298,0.24274099883855982,0.41044776119402987,
000662,patches,0,0.0,NA,NA,NA,NA,NA,NA,NA,NA,NA,NA,NA,NA,NA,NA,NA,NA,NA,NA,NA,NA,NA,NA,NA,NA,NA,NA,NA,NA,NA,NA,NA,NA,NA,NA,NA,
000663,crazing,832,0.0208,0.5298588490770901,0.543918918918919,0.6926898509581263,0.7045951859956237,0.014060069841828837,0.2714285714285714,0.30360065466448444,0.03217208323591303,0.6326429491626201,0.6710374084072502,0.03839445924463014,0.8231046931407943,0.5137614678899083,0.8592592592592593,0.5504587155963303,0.4615009746588694,0.486013986013986,0.024513011355116576,0.8152173913043478,0.8247978436657681,0.009580452361420355,1.0,0.6880733944954128,1.0,0.7018348623853211,0.5353241077931536,0.5437753971185815,0.008451289325427824,0.8450331125827814,0.8480845442536328,0.0030514316708514233,1.0,0.731651376146789,1.0,0.7362385321100917,15.115580347137493
000663,inclusion,1219,0.030475,0.8495222929936306,0.8617950754567116,0.9186396900559621,0.9257679180887372,0.012272782463081056,0.3219047619047619,0.3553398058252427,0.0334350439204808,0.7247174731961752,0.7500922849760059,0.025374811779830697,0.7592592592592593,0.6931818181818182,0.774390243902439,0.7272727272727273,0.5678733031674208,0.5986238532110092,0.0307505500435884,0.9293904646952323,0.947353027200936,0.017962562505703605,0.9506172839506173,0.9090909090909091,0.9634146341463414,0.9318181818181818,0.6840390879478827,0.7091207888249794,0.025081700877096713,0.9971509971509972,0.9971509971509972,0.0,1.0,0.9943181818181818,1.0,0.9943181818181818,
000663,patches,0,0.0,NA,NA,NA,NA,NA,NA,NA,NA,NA,NA,NA,NA,NA,NA,NA,NA,NA,NA,NA,NA,NA,NA,NA,NA,NA,NA,NA,NA,NA,NA,NA,NA,NA,NA,NA,
000664,crazing,2464,0.0616,0.6253164556962025,0.6087619047619047,0.7694704049844237,0.7568079564290788,-0.016554550934297807,0.2576530612244898,0.25185551707075704,-0.005797544153732737,0.582727027755322,0.6015437666010875,0.018816738845765513,0.762114537444934,0.4716981132075472,0.7903930131004366,0.48553459119496856,0.44958677685950416,0.4684832567301379,0.018896479870633753,0.7506211247218441,0.7488299256554799,-0.0017911990663641575,0.8898678414096917,0.6490566037735849,0.9279475982532751,0.6276729559748427,0.5777659005879209,0.5846849242222814,0.006919023634360477,0.8422825064077456,0.8461294791843317,0.0038469727765860773,0.9449339207048458,0.759748427672956,0.9606986899563319,0.7559748427672957,16.015731410004435
000664,inclusion,6303,0.157575,0.9034622582657517,0.9089373464373465,0.9492830807046293,0.952296677660687,0.005475088171594811,0.34962406015037595,0.3658227848101266,0.01619872465975064,0.7251764252510899,0.7304728270971247,0.005296401846034748,0.7480769230769231,0.7036363636363636,0.7471264367816092,0.7145454545454546,0.5596663039535728,0.5747714808043876,0.015105176850814805,0.9020051533409535,0.8806417949386902,-0.021363358402263333,0.9211538461538461,0.8836363636363637,0.9022988505747126,0.86,0.6781578947368421,0.6907407407407408,0.012582846003898696,0.9328936521022259,0.9684434247245318,0.035549772622305964,0.9461538461538461,0.92,0.9789272030651341,0.9581818181818181,
000664,patches,0,0.0,NA,NA,NA,NA,NA,NA,NA,NA,NA,NA,NA,NA,NA,NA,NA,NA,NA,NA,NA,NA,NA,NA,NA,NA,NA,NA,NA,NA,NA,NA,NA,NA,NA,NA,NA,
000665,crazing,2262,0.05655,0.7314851485148515,0.6620718462823726,0.8449222323879232,0.7966825835637095,-0.06941330223247888,0.3087132140796307,0.272674078408426,-0.0360391356712047,0.7086346596528988,0.6331520357850862,-0.07548262386781268,0.7683168316831683,0.657556270096463,0.7346938775510204,0.5562700964630225,0.5455539358600583,0.5037147102526003,-0.04183922560745801,0.8648013512521113,0.8376215041616993,-0.02717984709041199,0.9108910891089109,0.8231511254019293,0.927437641723356,0.7636655948553055,0.66316685584563,0.6164658634538153,-0.04670099239181469,0.9276728481815377,0.8954318748583088,-0.03224097332322895,0.9603960396039604,0.8971061093247589,0.9682539682539683,0.8327974276527331,13.0780828528197
000665,inclusion,4984,0.1246,0.823508267433501,0.822844670789378,0.9032130889020303,0.9028138096188385,-0.0006635966441230767,0.20838709677419354,0.20949367088607596,0.001106574111882419,0.49565217391304345,0.5078061660257273,0.012153992112683809,0.5,0.49137931034482757,0.49284253578732107,0.5237068965517241,0.37532323605467305,0.37404580152671757,-0.0012774345279554788,0.6788724685276408,0.6631689401888772,-0.01570352833876365,0.6767241379310345,0.6810344827586207,0.6462167689161554,0.6810344827586207,0.4936810970691046,0.5032068412613576,0.009525744192252994,0.801700964034112,0.7933995818513491,-0.008301382182762884,0.8060344827586207,0.7974137931034483,0.7791411042944786,0.8081896551724138,
000665,patches,0,0.0,NA,NA,NA,NA,NA,NA,NA,NA,NA,NA,NA,NA,NA,NA,NA,NA,NA,NA,NA,NA,NA,NA,NA,NA,NA,NA,NA,NA,NA,NA,NA,NA,NA,NA,NA,
000666,crazing,937,0.023425,0.725,0.6937561942517344,0.8405797101449275,0.8191925102399064,-0.031243805748265574,0.4721951219512195,0.416195856873823,-0.0559992650773965,0.8936272304693357,0.8560234536798788,-0.03760377678945692,0.9005681818181818,0.8867924528301887,0.8774928774928775,0.8355795148247979,0.6758620689655173,0.6554669703872438,-0.020395098578273485,0.9539464179655521,0.9501749735317174,-0.003771444433834703,0.9431818181818182,0.9649595687331537,0.9515669515669516,0.9487870619946092,0.7636207636207636,0.7447805709416276,-0.018840192679135948,0.9630759938327532,0.9568856557031712,-0.006190338129582029,0.9431818181818182,0.9838274932614556,0.9515669515669516,0.9622641509433962,12.120041703138062
000666,inclusion,5348,0.1337,0.8805325656711047,0.8946515397082658,0.9364714887102947,0.9443969204448246,0.014118974037161114,0.27895694360218315,0.3174404015056462,0.038483457903463025,0.6345922145384508,0.6803231613708404,0.04573094683238954,0.6462450592885376,0.623352165725047,0.6966067864271457,0.664783427495292,0.5213150289017341,0.5639686684073107,0.04265363950557666,0.8950086058519794,0.9304126522450464,0.035404046393067046,0.9090909090909091,0.8813559322033898,0.9401197604790419,0.9209039548022598,0.6524246395806029,0.6867437483194407,0.03431910873883781,0.976842538405267,0.9932389089154438,0.016396370510176728,0.9762845849802372,0.9774011299435028,0.9940119760479041,0.992467043314501,
000666,patches,0,0.0,NA,NA,NA,NA,NA,NA,NA,NA,NA,NA,NA,NA,NA,NA,NA,NA,NA,NA,NA,NA,NA,NA,NA,NA,NA,NA,NA,NA,NA,NA,NA,NA,NA,NA,NA,
000667,crazing,2501,0.062525,0.7953710506980162,0.7433495691270139,0.886024145692654,0.852783150655491,-0.05202148157100228,0.4036178631995478,0.3754985754985755,-0.028119287700972273,0.8506343770225747,0.7594425756847669,-0.0911918013378078,0.9061371841155235,0.8015384615384615,0.8409961685823755,0.6923076923076923,0.6412784767086025,0.570090331214453,-0.07118814549414954,0.9674344718030183,0.8968356336589581,-0.0705988381440602,1.0,0.936923076923077,0.9559386973180076,0.8446153846153847,0.7456907319510367,0.6797126579142928,-0.06597807403674394,0.9819890368050118,0.9062934614524271,-0.07569557535258475,1.0,0.9646153846153847,0.9597701149425287,0.8584615384615385,12.997400779740092
000667,inclusion,3707,0.092675,0.7852585258525853,0.8189202102245581,0.8797140744392408,0.9004465458366168,0.03366168437197281,0.22644456012493494,0.3042220936957779,0.07777753357084297,0.5648769870409797,0.710546750949808,0.14566976390882835,0.5474209650582362,0.5834829443447038,0.7137614678899082,0.7073608617594255,0.44454770755886,0.5319148936170213,0.0873671860581613,0.8254156340541751,0.8911134852187157,0.06569785116454063,0.7920133111480865,0.8617594254937163,0.8917431192660551,0.8904847396768402,0.5760745963156698,0.652,0.0759254036843302,0.9023843246396739,0.9410055775972054,0.03862125295753149,0.8685524126455907,0.9389587073608617,0.9522935779816514,0.9299820466786356,
000667,patches,0,0.0,NA,NA,NA,NA,NA,NA,NA,NA,NA,NA,NA,NA,NA,NA,NA,NA,NA,NA,NA,NA,NA,NA,NA,NA,NA,NA,NA,NA,NA,NA,NA,NA,NA,NA,NA,
000668,crazing,1371,0.034275,0.7594128908742821,0.7447916666666666,0.8632571635836054,0.8537313432835821,-0.014621224207615469,0.4643895348837209,0.4375,-0.026889534883720922,0.8597211571099909,0.8272151605184829,-0.03250599659150799,0.864693446088795,0.8548057259713702,0.8366445916114791,0.8179959100204499,0.6961421759861292,0.6726242371403661,-0.02351793884576303,0.9917525773195875,0.9875776397515528,-0.0041749375680347756,1.0,0.983640081799591,1.0,0.9754601226993865,0.7982708933717579,0.7773122784402191,-0.020958614931538833,0.9969230769230769,0.9948612538540597,-0.0020618230690172545,1.0,0.9938650306748467,1.0,0.9897750511247444,13.206572861253829
000668,inclusion,10434,0.26085,0.907059373539037,0.8942479121704044,0.9512649539125319,0.9441719918759598,-0.012811461368632537,0.25677537896187413,0.21891891891891893,-0.0378564600429552,0.6273582601048349,0.5699157308914369,-0.057442529213397986,0.6476923076923077,0.6082621082621082,0.5965189873417721,0.5455840455840456,0.4943134535367545,0.45198046663049374,-0.04233298690626075,0.8694043860290135,0.8278575387725381,-0.041546847256475394,0.8861538461538462,0.8532763532763533,0.8670886075949367,0.792022792022792,0.6281448148905707,0.5911379657603223,-0.03700684913024843,0.9507086566985289,0.9353909256999258,-0.015317730998603118,0.96,0.9415954415954416,0.9667721518987342,0.905982905982906,
000668,patches,0,0.0,NA,NA,NA,NA,NA,NA,NA,NA,NA,NA,NA,NA,NA,NA,NA,NA,NA,NA,NA,NA,NA,NA,NA,NA,NA,NA,NA,NA,NA,NA,NA,NA,NA,NA,NA,
000669,crazing,4947,0.123675,0.8361698148494483,0.8066192033865692,0.9107761254838053,0.8929598466290339,-0.029550611462879073,0.326962179747865,0.28649921507064363,-0.04046296467722138,0.7202220130883179,0.6474260784784379,-0.07279593460987999,0.7804195804195804,0.668646080760095,0.6937669376693767,0.6068883610451307,0.562107904642409,0.5032616574051704,-0.058846247237238636,0.9134668844649988,0.8552330151600225,-0.058233869304976316,0.9608391608391609,0.8705463182897862,0.9227642276422764,0.7969121140142518,0.6674721189591079,0.611875452570601,-0.0555966663885068,0.9411754345796862,0.9045053133112895,-0.03667012126839675,0.986013986013986,0.9002375296912114,0.9850948509485095,0.836104513064133,11.971295093087518
000669,inclusion,2427,0.060675,0.826585179526356,0.8508,0.9050606440819741,0.9193862113680571,0.024214820473643983,0.23330106485963215,0.3159541188738269,0.08265305401419476,0.5500160823415889,0.6758547075628669,0.12583862522127798,0.5555555555555556,0.5445859872611465,0.6933333333333334,0.6592356687898089,0.47109826589595377,0.5406230910201588,0.06952482512420505,0.8435661152436993,0.8828366372936778,0.039270522049978496,0.8529411764705882,0.8343949044585988,0.8966666666666666,0.8694267515923567,0.6092099704267004,0.66696074106749,0.057750770640789595,0.9644545160246034,0.9771865596245559,0.012732043599952503,0.9607843137254902,0.9681528662420382,0.9766666666666667,0.9777070063694268,
000669,patches,0,0.0,NA,NA,NA,NA,NA,NA,NA,NA,NA,NA,NA,NA,NA,NA,NA,NA,NA,NA,NA,NA,NA,NA,NA,NA,NA,NA,NA,NA,NA,NA,NA,NA,NA,NA,NA,
000670,crazing,0,0.0,0.0,0.0,0.0,0.0,0.0,0.0,0.0,0.0,0.0,0.0,0.0,0.0,0.0,0.0,0.0,0.0,0.0,0.0,0.0,0.0,0.0,0.0,0.0,0.0,0.0,0.0,0.0,0.0,0.0,0.0,0.0,0.0,0.0,0.0,0.0,
000670,inclusion,5034,0.12585,0.833481271081129,0.833782085801472,0.9091789310611929,0.9093578700078309,0.00030081472034293455,0.20845481049562684,0.21694915254237288,0.00849434204674604,0.5234723328813167,0.5262276461019659,0.002755313220649258,0.6257545271629779,0.44992947813822287,0.6228239845261122,0.45557122708039494,0.41186891054030117,0.4214243672748676,0.009555456734566425,0.7422702026772794,0.7616843711918858,0.019414168514606422,0.8672032193158954,0.6488011283497884,0.8800773694390716,0.6713681241184767,0.5297332750327941,0.5344340647403867,0.004700789707592579,0.841509945063476,0.8368916963687052,-0.004618248694770788,0.9818913480885312,0.7362482369534555,0.9574468085106383,0.7433004231311706,
000670,patches,0,0.0,NA,NA,NA,NA,NA,NA,NA,NA,NA,NA,NA,NA,NA,NA,NA,NA,NA,NA,NA,NA,NA,NA,NA,NA,NA,NA,NA,NA,NA,NA,NA,NA,NA,NA,NA,
000671,crazing,2396,0.0599,0.7760088855979267,0.7789787551248603,0.8738795080258495,0.8757594804106432,0.002969869526933566,0.49560853199498117,0.5020990764063812,0.006490544411400012,0.8887339565837427,0.9064912653201361,0.017757308736393473,0.9099876695437731,0.8684503901895206,0.9338235294117647,0.8807134894091416,0.7126635398666996,0.7144271219995051,0.0017635821328054746,0.9847198641765704,0.9858677218767665,0.0011478577001960977,1.0,0.9698996655518395,1.0,0.9721293199554069,0.8084486525855791,0.8075940124132895,-0.0008546401722895336,0.9915682967959528,0.9915682967959528,0.0,1.0,0.9832775919732442,1.0,0.9832775919732442,18.325213206538923
000671,inclusion,1093,0.027325,0.6887508626639062,0.7084527220630372,0.8156926849203106,0.8293501048218029,0.01970185939913105,0.16591251885369532,0.11143695014662756,-0.054475568707067754,0.47985938186611987,0.37327478042659973,-0.10658460143952014,0.43902439024390244,0.5290697674418605,0.35353535353535354,0.3953488372093023,0.3526315789473684,0.3422222222222222,-0.010409356725146202,0.7209823603937239,0.7714954329282102,0.050513072534486336,0.6585365853658537,0.7965116279069767,0.7070707070707071,0.8488372093023255,0.4678138942001275,0.479002624671916,0.011188730471788533,0.802335746005105,0.8658282332369359,0.06349248723183087,0.7268292682926829,0.8953488372093024,0.7929292929292929,0.9534883720930233,
000671,patches,0,0.0,NA,NA,NA,NA,NA,NA,NA,NA,NA,NA,NA,NA,NA,NA,NA,NA,NA,NA,NA,NA,NA,NA,NA,NA,NA,NA,NA,NA,NA,NA,NA,NA,NA,NA,NA,
000672,crazing,915,0.022875,0.5871819038642789,0.6323529411764706,0.7399049881235155,0.7747747747747747,0.04517103731219163,0.2731614135625597,0.2743362831858407,0.0011748696232810052,0.6397075622572538,0.6156620523229983,-0.02404550993425547,0.6430868167202572,0.6363636363636364,0.6335616438356164,0.5987460815047022,0.49473067915690866,0.49670461354104256,0.001973934384133902,0.860291274648795,0.8906712303177482,0.03037995566895324,0.8585209003215434,0.8620689655172413,0.9006849315068494,0.8808777429467085,0.6367692994199018,0.6326897171082173,-0.004079582311684482,0.9284865454427061,0.95390934923895,0.025422803796243842,0.9453376205787781,0.9122257053291536,0.9486301369863014,0.9592476489028213,10.545814698271217
000672,inclusion,2761,0.069025,0.8325915782266348,0.7944214876033058,0.9086493555015879,0.8854346574553829,-0.03817009062332899,0.3188291139240506,0.2663622526636225,-0.0524668612604281,0.7295486070491503,0.635757779162871,-0.09379082788627924,0.7227722772277227,0.7364532019704434,0.6311881188118812,0.6403940886699507,0.551432597463598,0.483363309352518,-0.06806928811107998,0.903497409326425,0.8094435075885328,-0.09405390173789219,0.8910891089108911,0.916256157635468,0.7920792079207921,0.8275862068965517,0.6708774325708433,0.6109643328929987,-0.05991309967784464,0.9710965248057832,0.9452116617023197,-0.025884863103463496,0.9504950495049505,0.9926108374384236,0.9257425742574258,0.9655172413793104,
000672,patches,0,0.0,NA,NA,NA,NA,NA,NA,NA,NA,NA,NA,NA,NA,NA,NA,NA,NA,NA,NA,NA,NA,NA,NA,NA,NA,NA,NA,NA,NA,NA,NA,NA,NA,NA,NA,NA,
000673,crazing,1402,0.03505,0.8744911804613297,0.8606224627875507,0.9330437929786464,0.9250909090909091,-0.013868717673778952,0.45535714285714285,0.4060693641618497,-0.04928777869529316,0.9001257909949011,0.8868182629210363,-0.013307528073864816,0.9121338912133892,0.8884297520661157,0.8978723404255319,0.8760330578512396,0.6892605633802817,0.657439446366782,-0.03182111701349977,1.0,1.0,0.0,1.0,1.0,1.0,1.0,0.7880330999363463,0.7715544367526747,-0.016478663183671638,1.0,1.0,0.0,1.0,1.0,1.0,1.0,6.463107196715366
000673,inclusion,3955,0.098875,0.8911751257430269,0.8968382183244865,0.9424564796905223,0.945613821632802,0.005663092581459583,0.3408179631114675,0.35213537469782435,0.011317411586356851,0.7231359581477415,0.7107839675662652,-0.012351990581476291,0.7443609022556391,0.7030878859857482,0.7288557213930348,0.6935866983372921,0.5600748013090229,0.5823863636363636,0.022311562327340773,0.8915465651351289,0.9308280266902729,0.039281461555144004,0.9122807017543859,0.8717339667458432,0.9477611940298507,0.9144893111638955,0.6750169262017603,0.6962328767123288,0.02121595051056846,0.963520824069957,0.975669099756691,0.012148275686734045,0.9849624060150376,0.9429928741092637,1.0,0.9524940617577197,
000673,patches,0,0.0,NA,NA,NA,NA,NA,NA,NA,NA,NA,NA,NA,NA,NA,NA,NA,NA,NA,NA,NA,NA,NA,NA,NA,NA,NA,NA,NA,NA,NA,NA,NA,NA,NA,NA,NA,
000674,crazing,2465,0.061625,0.8687694704049844,0.8306919211441824,0.9297770368826839,0.9075168918918919,-0.03807754926080198,0.4348607367475292,0.3468208092485549,-0.08803992749897427,0.8276427050593126,0.7751328614018289,-0.05250984365748368,0.888283378746594,0.7747524752475248,0.8136482939632546,0.7400990099009901,0.6512247071352503,0.586880320480721,-0.06434438665452924,0.9602266941490016,0.9503819533452961,-0.009844740803705565,0.9727520435967303,0.948019801980198,0.952755905511811,0.948019801980198,0.7359659310878823,0.6939304219096966,-0.04203550917818577,0.98972022801536,0.9704347593242805,-0.0192854686910795,0.9918256130790191,0.9876237623762376,0.963254593175853,0.9777227722772277,8.137160894558685
000674,inclusion,7375,0.184375,0.8202676864244742,0.8178193146417445,0.9012605042016807,0.899780641623252,-0.002448371782729719,0.26540284360189575,0.2589880159786951,-0.00641482762320067,0.5863718762592202,0.5874249959141743,0.0010531196549541377,0.6037946428571429,0.5699263932702419,0.591304347826087,0.583596214511041,0.4495305164319249,0.47858693507006117,0.029056418638136294,0.7596550755332714,0.8226063580381983,0.06295128250492688,0.78125,0.7392218717139852,0.8315217391304348,0.8138801261829653,0.5804962492787075,0.6080511553553263,0.027554906076618813,0.8636346662411862,0.9230957795966171,0.05946111335543092,0.8872767857142857,0.8412197686645636,0.9326086956521739,0.9137749737118822,
000674,patches,0,0.0,NA,NA,NA,NA,NA,NA,NA,NA,NA,NA,NA,NA,NA,NA,NA,NA,NA,NA,NA,NA,NA,NA,NA,NA,NA,NA,NA,NA,NA,NA,NA,NA,NA,NA,NA,
000675,crazing,3932,0.0983,0.6904286031534532,0.6665180561747659,0.8168681029952706,0.7998929909042268,-0.02391054697868733,0.2800998128509046,0.2605481983369264,-0.01955161451397819,0.6635732412879078,0.6356635153065696,-0.02790972598133823,0.7315217391304348,0.6071748878923767,0.7040704070407041,0.579372197309417,0.5351434623531677,0.5149780576225911,-0.020165404730576597,0.8742182070882557,0.8636961755818172,-0.01052203150643849,0.9239130434782609,0.8295964125560538,0.9251925192519251,0.809865470852018,0.6609178602747735,0.6455310504933256,-0.015386809781447908,0.9342529837411504,0.9340948977783777,-0.0001580859627726694,0.9717391304347827,0.8995515695067264,0.9713971397139713,0.8995515695067264,17.781488482552223
000675,inclusion,1184,0.0296,0.8799342105263158,0.8795081967213115,0.9361329833770778,0.9358918447448757,-0.0004260138050042883,0.37668161434977576,0.36423841059602646,-0.012443203753749299,0.7786908964639156,0.8064338437809849,0.027742947317069278,0.7986111111111112,0.7597402597402597,0.8356164383561644,0.7792207792207793,0.6089238845144357,0.612565445026178,0.003641560511742359,0.9566446748350613,0.9767314785301215,0.020086803695060218,0.9722222222222222,0.9415584415584416,0.9794520547945206,0.974025974025974,0.7172284644194756,0.7220149253731343,0.0047864609536586444,1.0,1.0,0.0,1.0,1.0,1.0,1.0,
000675,patches,0,0.0,NA,NA,NA,NA,NA,NA,NA,NA,NA,NA,NA,NA,NA,NA,NA,NA,NA,NA,NA,NA,NA,NA,NA,NA,NA,NA,NA,NA,NA,NA,NA,NA,NA,NA,NA,
000676,crazing,1754,0.04385,0.7157238734419943,0.6969846762234305,0.8343112601285275,0.8214389746577337,-0.018739197218563763,0.445125348189415,0.4123249299719888,-0.03280041821742624,0.8484233136028936,0.8164794134676282,-0.03194390013526538,0.8124006359300477,0.8877887788778878,0.8033613445378152,0.83003300330033,0.6382495948136142,0.6273148148148148,-0.010934779998799438,0.9349501172681766,0.9355634037449191,0.000613286476742525,0.8950715421303657,0.9785478547854786,0.907563025210084,0.9653465346534653,0.7231638418079096,0.7210373242850218,-0.0021265175228878386,0.9494190783840907,0.9469942957437473,-0.0024247826403434036,0.9077901430842608,0.995049504950495,0.9159663865546218,0.9801980198019802,14.46964344854206
000676,inclusion,4392,0.1098,0.908028231142479,0.9095957352287872,0.9517974800601087,0.9526579039199721,0.0015675040863082357,0.39719240297274977,0.4261744966442953,0.028982093671545528,0.7727643821082848,0.7761315804112815,0.003367198302996699,0.8081841432225064,0.7403189066059226,0.810126582278481,0.744874715261959,0.6078058067586863,0.620821394460363,0.013015587701676656,0.9356116181334395,0.9094807654544648,-0.026130852678974748,0.9744245524296675,0.8997722095671982,0.9392405063291139,0.8815489749430524,0.7106252135292108,0.7223174494343504,0.01169223590513957,0.9574262421652249,0.9574999548576208,7.371269239597744e-05,0.9872122762148338,0.929384965831435,0.9822784810126582,0.9339407744874715,
000676,patches,0,0.0,NA,NA,NA,NA,NA,NA,NA,NA,NA,NA,NA,NA,NA,NA,NA,NA,NA,NA,NA,NA,NA,NA,NA,NA,NA,NA,NA,NA,NA,NA,NA,NA,NA,NA,NA,
000677,crazing,1046,0.02615,0.7524401064773736,0.7477638640429338,0.8587341772151899,0.8556806550665302,-0.004676242434439759,0.48454636091724823,0.47675568743818003,-0.0077906734790682,0.8993808925067546,0.904868465561656,0.00548757305490144,0.9169054441260746,0.8825136612021858,0.9224137931034483,0.8879781420765027,0.7112970711297071,0.7151442307692307,0.003847159639523645,0.9917073536551191,0.9889010622588481,-0.002806291396270977,0.997134670487106,0.9863387978142076,0.9942528735632183,0.9836065573770492,0.7889867841409691,0.7950530035335689,0.00606621939259977,1.0,1.0,0.0,1.0,1.0,1.0,1.0,11.316581178086846
000677,inclusion,4928,0.1232,0.8893412287194671,0.8914528336717741,0.9414299706170421,0.9426117509271911,0.002111604952307,0.3219814241486068,0.30953846153846154,-0.01244296261014527,0.7235567925765345,0.7332858004716721,0.009729007895137642,0.7156308851224106,0.7316602316602316,0.7291666666666666,0.7374517374517374,0.5632563256325632,0.5676274944567627,0.004371168824199523,0.926628323930732,0.9579562846118322,0.03132796068110022,0.9190207156308852,0.9343629343629344,0.9526515151515151,0.9633204633204633,0.6857822410147991,0.690381028510525,0.004598787495725842,0.9819199606078389,0.9933155670725422,0.011395606464703278,0.9736346516007532,0.9903474903474904,0.9924242424242424,0.9942084942084942,
000677,patches,0,0.0,NA,NA,NA,NA,NA,NA,NA,NA,NA,NA,NA,NA,NA,NA,NA,NA,NA,NA,NA,NA,NA,NA,NA,NA,NA,NA,NA,NA,NA,NA,NA,NA,NA,NA,NA,
000678,crazing,819,0.020475,0.7668918918918919,0.7590497737556561,0.8680688336520076,0.8630225080385852,-0.00784211813623581,0.49125,0.47848101265822784,-0.012768987341772176,0.8912681035694916,0.9093159679242238,0.018047864354732157,0.897887323943662,0.8847457627118644,0.924187725631769,0.8949152542372881,0.7046783625730995,0.7073353293413174,0.0026569667682179166,0.9792669697597601,0.9791794243723209,-8.754538743926954e-05,0.9788732394366197,0.9796610169491525,0.9855595667870036,0.9728813559322034,0.7825854700854701,0.7922865013774105,0.009701031291940443,0.9895544351434153,0.9965986394557823,0.007044204312366964,0.9859154929577465,0.9932203389830508,1.0,0.9932203389830508,10.30813422776553
000678,inclusion,5277,0.131925,0.8198213103904699,0.8223912683975525,0.9009909991817437,0.902540834845735,0.0025699580070825956,0.2553659878921299,0.2601220188574598,0.004756030965329894,0.5719392314566577,0.5778104728148198,0.005871241358162083,0.5306799336650083,0.6201550387596899,0.5351170568561873,0.627906976744186,0.41119449656035023,0.4190296156269691,0.007835119066618879,0.6970509383378016,0.7061044682190057,0.009053529881204114,0.6467661691542289,0.7558139534883721,0.6538461538461539,0.7674418604651163,0.5304208600182982,0.5365685372585096,0.006147677240211369,0.8225227112279967,0.8245474531081903,0.0020247418801936368,0.75787728026534,0.8992248062015504,0.7558528428093646,0.9069767441860465,
000678,patches,0,0.0,NA,NA,NA,NA,NA,NA,NA,NA,NA,NA,NA,NA,NA,NA,NA,NA,NA,NA,NA,NA,NA,NA,NA,NA,NA,NA,NA,NA,NA,NA,NA,NA,NA,NA,NA,
000679,crazing,1051,0.026275,0.7787828947368421,0.7700084245998315,0.8756356911696718,0.8700618752974774,-0.008774470137010604,0.4690873405299313,0.45454545454545453,-0.014541885984476755,0.9344835626020052,0.9120901494228454,-0.02239341317915977,0.9461756373937678,0.9230769230769231,0.9382352941176471,0.8873626373626373,0.6974985456660849,0.69,-0.007498545666084988,0.9902912621359222,0.9803921568627451,-0.009899105273177167,1.0,0.9807692307692307,1.0,0.9615384615384616,0.8067986230636833,0.7986080904741192,-0.008190532589564148,0.994475138121547,0.9888888888888888,-0.005586249232658158,1.0,0.989010989010989,1.0,0.978021978021978,11.227938512256571
000679,inclusion,2385,0.059625,0.793233082706767,0.8189033189033189,0.8846960167714885,0.9004363347877826,0.025670236196551954,0.29825949367088606,0.3341404358353511,0.035880942164465024,0.6345830062261458,0.7051321142638103,0.07054910803766445,0.6150121065375302,0.655440414507772,0.6769596199524941,0.7357512953367875,0.4754322111010009,0.536723163841808,0.061290952740807036,0.7858899299757287,0.8575972376937321,0.07170730771800338,0.7578692493946732,0.8160621761658031,0.8242280285035629,0.8937823834196891,0.584155161078238,0.6464370951244459,0.062281934046207965,0.8646878791720242,0.9192131353371157,0.05452525616509152,0.8329297820823245,0.8989637305699482,0.8764845605700713,0.966321243523316,
000679,patches,0,0.0,NA,NA,NA,NA,NA,NA,NA,NA,NA,NA,NA,NA,NA,NA,NA,NA,NA,NA,NA,NA,NA,NA,NA,NA,NA,NA,NA,NA,NA,NA,NA,NA,NA,NA,NA,
000680,crazing,1128,0.0282,0.7650471356055112,0.7625468164794007,0.866885784716516,0.8652783680407989,-0.002500319126110484,0.4176285414480588,0.40667361835245047,-0.010954923095608304,0.7728817991631799,0.7656561132529975,-0.007225685910182356,0.7931034482758621,0.7536656891495601,0.7943037974683544,0.7390029325513197,0.642190416925949,0.6597484276729559,0.017558010747006914,0.9228564176831545,0.9577262864228147,0.03486986873966014,0.9498432601880877,0.8973607038123167,0.9746835443037974,0.9413489736070382,0.7631578947368421,0.7833969465648855,0.02023905182804331,0.9623579172494785,0.975890382302181,0.013532465052702447,0.9843260188087775,0.9413489736070382,0.9841772151898734,0.967741935483871,10.153127247690803
000680,inclusion,2111,0.052775,0.657844387755102,0.6827563249001332,0.7936141565685709,0.8114737883283877,0.02491193714503115,0.1793168880455408,0.21153846153846154,0.032221573492920735,0.4396493917041862,0.5161762958856374,0.0765269041814512,0.40412979351032446,0.48201438848920863,0.47277936962750716,0.5683453237410072,0.32968236582694416,0.3798319327731092,0.05014956694616507,0.6191247974068071,0.7045687329592176,0.08544393555241048,0.5634218289085545,0.6870503597122302,0.6303724928366762,0.7985611510791367,0.4316633266533066,0.47836734693877553,0.04670402028546894,0.7431365601303946,0.8067950227218066,0.06365846259141195,0.6843657817109144,0.8129496402877698,0.7363896848137536,0.8920863309352518,
000680,patches,0,0.0,NA,NA,NA,NA,NA,NA,NA,NA,NA,NA,NA,NA,NA,NA,NA,NA,NA,NA,NA,NA,NA,NA,NA,NA,NA,NA,NA,NA,NA,NA,NA,NA,NA,NA,NA,
000681,crazing,867,0.021675,0.6048728813559322,0.5617352614015573,0.7537953795379538,0.7193732193732194,-0.04313761995437493,0.3050847457627119,0.29039070749736007,-0.014694038265351816,0.6908710779648323,0.6456740537730945,-0.04519702419173777,0.8120300751879699,0.6011730205278593,0.8539823008849557,0.5190615835777126,0.5555555555555556,0.49967170059093896,-0.05588385496461662,0.8664034430662588,0.8063562743514766,-0.06004716871478222,0.9097744360902256,0.8269794721407625,0.9601769911504425,0.6950146627565983,0.6155312053358742,0.5765230312035661,-0.03900817413230817,0.8945183031258856,0.8767900745726919,-0.01772822855319378,0.9097744360902256,0.8797653958944281,0.9690265486725663,0.8005865102639296,11.580967164333082
000681,inclusion,0,0.0,NA,NA,NA,NA,NA,NA,NA,NA,NA,NA,NA,NA,NA,NA,NA,NA,NA,NA,NA,NA,NA,NA,NA,NA,NA,NA,NA,NA,NA,NA,NA,NA,NA,NA,NA,
000681,patches,2033,0.050825,0.5172820109976434,0.5198237885462555,0.6818534817499353,0.6840579710144927,0.0025417775486121785,0.31483457844183566,0.3384341637010676,0.023599585259231948,0.6325489444539705,0.6728838852778019,0.04033494082383138,0.8984126984126984,0.4881057268722467,0.9122023809523809,0.5330396475770925,0.4817320703653586,0.5109239872553482,0.029191916889989566,0.7576109853418059,0.803522817249343,0.045911831907537115,0.9841269841269841,0.6158590308370044,0.9985119047619048,0.6722466960352423,0.5687566797292483,0.6077187896358036,0.03896210990655535,0.8163362884749478,0.8535353535353536,0.03719906506040582,0.9904761904761905,0.694273127753304,1.0,0.7444933920704846,
000682,crazing,1542,0.03855,0.7864406779661017,0.7304884896125772,0.8804554079696395,0.8442569759896171,-0.05595218835352456,0.4328968903436989,0.3248456790123457,-0.1080512113313532,0.8435374149659864,0.7810202391162522,-0.06251717584973426,0.8571428571428571,0.8303571428571429,0.8200514138817481,0.7455357142857143,0.6944585663446874,0.5979482169027845,-0.09651034944190284,0.9544924154025671,0.921886585241004,-0.032605830161563154,1.0,0.9129464285714286,0.9768637532133676,0.8727678571428571,0.794263862332696,0.7159851301115242,-0.07827873222117177,0.9689298043728424,0.9641618497109826,-0.004767954661859752,1.0,0.9397321428571429,1.0,0.9308035714285714,11.408691250843313
000682,inclusion,0,0.0,NA,NA,NA,NA,NA,NA,NA,NA,NA,NA,NA,NA,NA,NA,NA,NA,NA,NA,NA,NA,NA,NA,NA,NA,NA,NA,NA,NA,NA,NA,NA,NA,NA,NA,NA,
000682,patches,2437,0.060925,0.5811074918566775,0.5857646681628728,0.7350638648537289,0.7387788111605338,0.004657176306195221,0.36174126302881665,0.3609230769230769,-0.0008181861057397488,0.7683139578171588,0.7585917461118691,-0.009722211705289752,0.9576968272620446,0.6414653156664069,0.9380116959064327,0.6367887763055339,0.5708614529575228,0.5735264933518556,0.002665040394332796,0.8482944344703769,0.842057761732852,-0.006236672737524929,1.0,0.7365549493374902,1.0,0.7272018706157444,0.6833976833976834,0.6819645732689211,-0.0014331101287622383,0.8838625489343193,0.8725834797891037,-0.011279069145215592,1.0,0.7918939984411536,1.0,0.7739672642244739,
000683,crazing,1235,0.030875,0.5176226675881134,0.5361512791991101,0.6821493624772313,0.6980448950036205,0.018528611610996726,0.20655270655270655,0.14970382337102853,-0.05684888318167802,0.5222183231307106,0.41089823818234333,-0.11132008494836726,0.4474885844748858,0.6269113149847095,0.3142857142857143,0.5932721712538226,0.38639337112952465,0.2654223347042075,-0.12097103642531715,0.736672021863978,0.5797843919917025,-0.15688762987227545,0.634703196347032,0.8776758409785933,0.4336134453781513,0.8746177370030581,0.4809539582643259,0.32242225859247137,-0.15853169967185454,0.8226074982787757,0.604996821267547,-0.21761067701122871,0.728310502283105,0.944954128440367,0.4403361344537815,0.9663608562691132,9.30495492922012
000683,inclusion,0,0.0,NA,NA,NA,NA,NA,NA,NA,NA,NA,NA,NA,NA,NA,NA,NA,NA,NA,NA,NA,NA,NA,NA,NA,NA,NA,NA,NA,NA,NA,NA,NA,NA,NA,NA,NA,
000683,patches,2073,0.051825,0.4153748813666561,0.47510143858354853,0.5869468037550291,0.644161040260065,0.059726557216892406,0.289044289044289,0.33412533412533413,0.0450810450810451,0.6608420567425894,0.7408721236560543,0.08003006691346481,0.5960365853658537,0.7414589104339797,0.7339534883720931,0.7479224376731302,0.4880461665292663,0.5773235634400309,0.08927739691076458,0.7786670095029944,0.8719171740411324,0.09325016453813806,0.7012195121951219,0.8753462603878116,0.8502325581395349,0.8947368421052632,0.5416773531674789,0.6628816940309958,0.12120434086351695,0.7985329161291838,0.8954405989611539,0.09690768283197015,0.7157012195121951,0.9030470914127424,0.8716279069767442,0.9205909510618652,
000684,crazing,353,0.008825,0.7469287469287469,0.668918918918919,0.8551336146272855,0.8016194331983806,-0.07800982800982792,0.448,0.31116389548693585,-0.13683610451306416,0.9393057251072089,0.7973874769274457,-0.14191824817976317,0.9918032786885246,0.8920863309352518,0.8188976377952756,0.7769784172661871,0.6799363057324841,0.5997023809523809,-0.08023392478010316,0.9703703703703704,0.9779411764705883,0.007570806100217875,1.0,0.9424460431654677,1.0,0.9568345323741008,0.7660069848661234,0.7149171270718232,-0.0510898577943002,0.9779411764705883,0.9854014598540146,0.007460283383426303,1.0,0.9568345323741008,1.0,0.9712230215827338,7.398223506231658
000684,inclusion,0,0.0,NA,NA,NA,NA,NA,NA,NA,NA,NA,NA,NA,NA,NA,NA,NA,NA,NA,NA,NA,NA,NA,NA,NA,NA,NA,NA,NA,NA,NA,NA,NA,NA,NA,NA,NA,
000684,patches,2093,0.052325,0.5360024829298572,0.49271844660194175,0.6979187714689836,0.6601626016260163,-0.04328403632791544,0.3734142305570877,0.36335491134252745,-0.01005931921456027,0.7458077122221677,0.7243662099795652,-0.02144150224260244,0.700398406374502,0.7975133214920072,0.7015926236378877,0.7486678507992895,0.6117689271618227,0.5716829919857525,-0.040085935176070286,0.8842954196239701,0.8388606149308675,-0.04543480469310257,0.8573705179282869,0.9129662522202486,0.8214585079631181,0.8570159857904085,0.7167264895908112,0.6643327265088923,-0.0523937630819189,0.9200295398499799,0.887570839562772,-0.032458700287207876,0.8932270916334661,0.9484902309058615,0.86756077116513,0.9085257548845471,
000685,crazing,1354,0.03385,0.8287101248266296,0.8190675017397355,0.9063329541145241,0.9005355776587605,-0.00964262308689412,0.4177057356608479,0.3711467324290999,-0.046559003231748,0.8205184620582897,0.7830980080781579,-0.03742045398013183,0.8127208480565371,0.8284671532846716,0.7851851851851852,0.781021897810219,0.6491487786824575,0.6263001485884101,-0.022848630094047362,0.9674981506534358,0.9816309107433008,0.01413276008986497,0.9752650176678446,0.9598540145985401,0.9851851851851852,0.9781021897810219,0.7522837184309511,0.7354211663066955,-0.01686255212425558,1.0,0.9981718464351006,-0.001828153564899404,1.0,1.0,1.0,0.9963503649635036,7.446312025221423
000685,inclusion,0,0.0,NA,NA,NA,NA,NA,NA,NA,NA,NA,NA,NA,NA,NA,NA,NA,NA,NA,NA,NA,NA,NA,NA,NA,NA,NA,NA,NA,NA,NA,NA,NA,NA,NA,NA,NA,
000685,patches,3590,0.08975,0.6677330895795247,0.6558411214953271,0.8007673335160318,0.7921546493579794,-0.011891968084197568,0.4010277033065237,0.41351052048726467,0.012482817180740957,0.8549864194988189,0.8500567791119594,-0.004929640386859502,0.8813905930470347,0.8301182327317984,0.8532171581769437,0.8469197261978842,0.6962886293065208,0.7194942663922376,0.023205637085716768,0.9646557079182214,0.9667730051825203,0.0021172972642988785,0.9952283571915473,0.9359054138145613,0.9859249329758714,0.9483509645301804,0.7772534214252006,0.7932934693398992,0.016040047914698596,0.9734908974768445,0.9774241100677005,0.0039332125908559945,1.0,0.9483509645301804,0.9973190348525469,0.9583074051026758,
000686,crazing,1738,0.04345,0.5753569539925966,0.30456570155902,0.7304464585431353,0.46692274861288946,-0.27079125243357655,0.31396786155747836,0.17437252311756934,-0.139595338439909,0.6580673579447376,0.4737066015574422,-0.18436075638729538,0.7455357142857143,0.5889679715302492,0.7303370786516854,0.3505338078291815,0.49182115594329334,0.30609896432681244,-0.1857221916164809,0.7738817025305824,0.6239469370640033,-0.14993476546657913,0.8504464285714286,0.7099644128113879,0.9288389513108615,0.4697508896797153,0.5970394736842105,0.4024214471029115,-0.194618026581299,0.8554922086361771,0.6618479745106964,-0.1936442341254807,0.9352678571428571,0.7882562277580071,0.9588014981273408,0.505338078291815,13.480668509953759
000686,inclusion,0,0.0,NA,NA,NA,NA,NA,NA,NA,NA,NA,NA,NA,NA,NA,NA,NA,NA,NA,NA,NA,NA,NA,NA,NA,NA,NA,NA,NA,NA,NA,NA,NA,NA,NA,NA,NA,
000686,patches,2378,0.05945,0.5055986218776917,0.5272833381966735,0.6716247139588101,0.6904852884982805,0.021684716318981834,0.2806007509386733,0.2943444730077121,0.013743722069038788,0.6206998076444956,0.6168726274362452,-0.003827180208250458,0.8199780461031834,0.49934469200524245,0.8154555940023068,0.49606815203145477,0.49863481228668943,0.5066294487090021,0.007994636422312629,0.7480147516031274,0.7583742120970225,0.010359460493895134,0.964873765093304,0.6107470511140236,0.9780853517877739,0.6192660550458715,0.5985204154218239,0.6074170650441837,0.008896649622359809,0.7997832269700332,0.7965806201727006,-0.003202606797332641,0.986827661909989,0.672346002621232,0.994232987312572,0.6644823066841415,
000687,crazing,2681,0.067025,0.6885775862068966,0.6705244122965642,0.8155711550733886,0.802771162589305,-0.018053173910332343,0.23384615384615384,0.21929824561403508,-0.014547908232118767,0.5742028524359639,0.5447082130145726,-0.0294946394213913,0.640926640926641,0.5200617283950617,0.6350806451612904,0.47685185185185186,0.468025078369906,0.4415909802693392,-0.026434098100566794,0.8194840239073966,0.7958022344814798,-0.02368178942591681,0.9054054054054054,0.7484567901234568,0.8931451612903226,0.7175925925925926,0.6216281310211946,0.5984630163304515,-0.023165114690743116,0.9351356669724159,0.9010761079393764,-0.03405955903303948,0.9961389961389961,0.8811728395061729,0.9939516129032258,0.8240740740740741,12.514877383017906
000687,inclusion,0,0.0,NA,NA,NA,NA,NA,NA,NA,NA,NA,NA,NA,NA,NA,NA,NA,NA,NA,NA,NA,NA,NA,NA,NA,NA,NA,NA,NA,NA,NA,NA,NA,NA,NA,NA,NA,
000687,patches,2113,0.052825,0.6029950083194675,0.6046052631578948,0.7523354785135977,0.7535875358753588,0.0016102548384272497,0.3544004725339634,0.35320551228280406,-0.0011949602511593382,0.6910983603847711,0.7202877833745895,0.029189422989818414,0.8445190156599552,0.5848506919155134,0.9245508982035928,0.5899490167516388,0.5797577499486758,0.581702039975273,0.0019442900265972396,0.82523718909517,0.8207122839046084,-0.00452490519056159,0.9821029082774049,0.7115804806991989,0.9832335329341317,0.7042971595047341,0.6819119669876204,0.6897923875432526,0.007880420555632206,0.8588069056551471,0.8477736282821843,-0.01103327737296278,0.9977628635346756,0.7538237436270939,0.9976047904191617,0.7370721048798252,
000688,crazing,1065,0.026625,0.6808333333333333,0.6216908625106746,0.8101140307387209,0.7667193259610321,-0.059142470822658666,0.3956896551724138,0.342082239720035,-0.05360741545237879,0.856939114581036,0.7986844601859465,-0.05825465439508948,0.907608695652174,0.8116279069767441,0.9025157232704403,0.7162790697674418,0.655448717948718,0.5801937567276642,-0.0752549612210538,0.9524969549330085,0.9127686472819216,-0.039728307651086814,1.0,0.9093023255813953,1.0,0.8395348837209302,0.7656698074559607,0.693986820428336,-0.07168298702762466,0.9651022864019253,0.9290161892901618,-0.03608609711176347,1.0,0.9325581395348838,1.0,0.8674418604651163,13.176305380271755
000688,inclusion,0,0.0,NA,NA,NA,NA,NA,NA,NA,NA,NA,NA,NA,NA,NA,NA,NA,NA,NA,NA,NA,NA,NA,NA,NA,NA,NA,NA,NA,NA,NA,NA,NA,NA,NA,NA,NA,
000688,patches,2100,0.0525,0.8415178571428571,0.8471715328467153,0.9139393939393939,0.9172635218572487,0.005653675703858219,0.4378600823045268,0.4633333333333333,0.025473251028806543,0.9377161746137587,0.9402931512072581,0.002576976593499425,0.9376443418013857,0.9377880184331797,0.9359267734553776,0.9447004608294931,0.6693857965451055,0.6864734299516908,0.017087633406585256,0.9918994023797516,0.9896696306320225,-0.0022297717477290924,0.9976905311778291,0.9861751152073732,0.988558352402746,0.9907834101382489,0.7698602113876577,0.7829962290023997,0.013136017614742035,0.9953703703703703,0.997690531177829,0.002320160807458671,1.0,0.9907834101382489,1.0,0.9953917050691244,
000689,crazing,683,0.017075,0.566079295154185,0.5655172413793104,0.7229254571026723,0.7224669603524229,-0.0005620537748746157,0.352991452991453,0.3136042402826855,-0.039387212708767494,0.7948712890817635,0.7399965231361313,-0.05487476594563223,0.8117647058823529,0.7786666666666666,0.8154362416107382,0.6773333333333333,0.5851063829787234,0.5316939890710383,-0.05341239390768515,0.9425121374330886,0.8921713441654358,-0.05034079326765284,0.9941176470588236,0.896,1.0,0.8053333333333333,0.6784993949173054,0.6017087062652563,-0.07679068865204908,0.9539748953974896,0.8970588235294117,-0.0569160718680779,1.0,0.912,1.0,0.8133333333333334,14.348976221125893
000689,inclusion,0,0.0,NA,NA,NA,NA,NA,NA,NA,NA,NA,NA,NA,NA,NA,NA,NA,NA,NA,NA,NA,NA,NA,NA,NA,NA,NA,NA,NA,NA,NA,NA,NA,NA,NA,NA,NA,
000689,patches,374,0.00935,0.6342494714587738,0.6496815286624203,0.7761966364812419,0.7876447876447876,0.015432057203646599,0.566579634464752,0.5912698412698413,0.024690206805089265,0.9538306451612903,0.9579439580916218,0.004113312930331459,0.9576923076923077,0.95,0.9773584905660377,0.9392857142857143,0.7389885807504079,0.7664720600500416,0.027483479299633795,0.97616434501196,0.9854632478632478,0.00929890285128776,0.9846153846153847,0.9678571428571429,0.9924528301886792,0.9785714285714285,0.770245950809838,0.8035935563816605,0.03334760557182248,0.9888734546464787,0.9909424724602203,0.0020690178137415804,0.9884615384615385,0.9892857142857143,0.9962264150943396,0.9857142857142858,
000690,crazing,566,0.01415,0.5527488855869243,0.4794520547945205,0.7119617224880382,0.6481481481481481,-0.07329683079240373,0.35947712418300654,0.27593818984547464,-0.0835389343375319,0.7749324890585716,0.7106912470573848,-0.06424124200118675,0.8622047244094488,0.7037037037037037,0.855072463768116,0.6080246913580247,0.5861828332170272,0.5128205128205128,-0.07336232039651447,0.92,0.8559835988230955,-0.06401640117690455,1.0,0.8518518518518519,0.9758454106280193,0.7623456790123457,0.6619496855345912,0.5894004282655246,-0.07254925726906658,0.939443535188216,0.8979591836734693,-0.04148435151474672,1.0,0.8858024691358025,1.0,0.8148148148148148,13.618735795378035
000690,inclusion,0,0.0,NA,NA,NA,NA,NA,NA,NA,NA,NA,NA,NA,NA,NA,NA,NA,NA,NA,NA,NA,NA,NA,NA,NA,NA,NA,NA,NA,NA,NA,NA,NA,NA,NA,NA,NA,
000690,patches,1467,0.036675,0.6494082840236687,0.6510164569215876,0.7874439461883408,0.7886250366461448,0.0016081728979189247,0.3756582796957285,0.3808695652173913,0.0052112855216627785,0.7338505962483743,0.7388829276794471,0.005032331431072734,0.718804920913884,0.7495395948434622,0.718381112984823,0.7605893186003683,0.535126050420168,0.5344599072233267,-0.0006661431968413289,0.8112500748010293,0.7987939800019817,-0.012456094799047635,0.804920913884007,0.8176795580110497,0.7790893760539629,0.8195211786372008,0.6127648839556004,0.6111386138613861,-0.0016262700942142327,0.8246857860499799,0.8128870379175427,-0.011798748132437198,0.8224956063268892,0.8268876611418048,0.7976391231028668,0.8287292817679558,
000691,crazing,1014,0.02535,0.6544368600682594,0.6383701188455009,0.7911294481691593,0.7792746113989637,-0.01606674122275853,0.4107981220657277,0.3853281853281853,-0.025469936737542387,0.8255101088162986,0.8119069450071432,-0.013603163809155383,0.8671679197994987,0.7876712328767124,0.8455696202531645,0.7808219178082192,0.6395963479096588,0.625655698617072,-0.01394064929258676,0.9356371727604869,0.9417000226800457,0.006062849919558855,0.9774436090225563,0.8972602739726028,0.9772151898734177,0.908675799086758,0.7355992844364937,0.7246531483457844,-0.010946136090709269,0.9694578142695357,0.9670264039608926,-0.002431410308643134,0.9949874686716792,0.9452054794520548,0.9949367088607595,0.9406392694063926,13.754827017167075
000691,inclusion,0,0.0,NA,NA,NA,NA,NA,NA,NA,NA,NA,NA,NA,NA,NA,NA,NA,NA,NA,NA,NA,NA,NA,NA,NA,NA,NA,NA,NA,NA,NA,NA,NA,NA,NA,NA,NA,
000691,patches,319,0.007975,0.5167173252279635,0.6029411764705882,0.6813627254509018,0.7522935779816514,0.08622385124262466,0.35335689045936397,0.48114901256732495,0.12779212210796098,0.7257142857142856,0.7945945945945947,0.06888030888030905,1.0,0.5695067264573991,1.0,0.6591928251121076,0.4721919302071974,0.5993520518358532,0.12716012162865575,0.7365439093484419,0.8201058201058201,0.08356191075737818,1.0,0.5829596412556054,1.0,0.695067264573991,0.48097165991902835,0.6211878009630819,0.14021614104405355,0.747191011235955,0.8385416666666666,0.09135065543071164,1.0,0.5964125560538116,1.0,0.7219730941704036,
000692,crazing,1590,0.03975,0.6807375060650169,0.6651917404129793,0.8100461893764435,0.7989371124889283,-0.01554576565203758,0.364367816091954,0.34441805225653205,-0.019949763835421963,0.7170205554188392,0.7062440647019628,-0.010776490716876475,0.7067395264116576,0.7276051188299817,0.7261663286004056,0.6873857404021938,0.5179831932773109,0.5038274182324287,-0.01415577504488219,0.8162829245815809,0.7918649145184128,-0.024418010063168127,0.7996357012750456,0.8336380255941499,0.8093306288032455,0.7751371115173674,0.5871537141456239,0.5761118170266836,-0.011041897118940325,0.8441811797254637,0.8431936073320419,-0.0009875723934218428,0.819672131147541,0.870201096892139,0.8417849898580122,0.8446069469835467,13.71793574144045
000692,inclusion,0,0.0,NA,NA,NA,NA,NA,NA,NA,NA,NA,NA,NA,NA,NA,NA,NA,NA,NA,NA,NA,NA,NA,NA,NA,NA,NA,NA,NA,NA,NA,NA,NA,NA,NA,NA,NA,
000692,patches,337,0.008425,0.37740384615384615,0.441527446300716,0.5479930191972077,0.6125827814569537,0.06412360014686985,0.4163027656477438,0.4479166666666667,0.03161390101892286,0.8418604651162791,0.8577981651376146,0.015937700021335544,1.0,0.7269076305220884,1.0,0.751004016064257,0.6302281368821293,0.6370582617000955,0.006830124817966188,0.9537815126050421,0.9515789473684211,-0.0022025652366209902,1.0,0.9116465863453815,1.0,0.9076305220883534,0.6939655172413793,0.683754512635379,-0.010211004606000329,0.9710743801652892,0.9559748427672956,-0.015099537397993634,1.0,0.9437751004016064,1.0,0.9156626506024096,
000693,crazing,3502,0.08755,0.7736665064872658,0.761485826001955,0.8723923056082362,0.8645948945615982,-0.012180680485310735,0.40369853454291693,0.40177304964539007,-0.0019254848975268635,0.8073279728408868,0.8096049641671036,0.0022769913262168373,0.7895277207392197,0.8259493670886076,0.80083857442348,0.8185654008438819,0.6020053202373644,0.5984675916338786,-0.003537728603485779,0.9167719983996658,0.9125954730192187,-0.004176525380447105,0.8891170431211499,0.9462025316455697,0.90041928721174,0.9251054852320675,0.6938532519720196,0.7010654490106545,0.007212197038634849,0.9291578227950088,0.9377809212271241,0.008623098432115284,0.8993839835728953,0.9609704641350211,0.9234800838574424,0.9525316455696202,16.019548309522317
000693,inclusion,0,0.0,NA,NA,NA,NA,NA,NA,NA,NA,NA,NA,NA,NA,NA,NA,NA,NA,NA,NA,NA,NA,NA,NA,NA,NA,NA,NA,NA,NA,NA,NA,NA,NA,NA,NA,NA,
000693,patches,429,0.010725,0.6484848484848484,0.6431535269709544,0.7867647058823529,0.7828282828282829,-0.005331321513894038,0.5203488372093024,0.4769687964338782,-0.04338004077542418,0.9551513898935621,0.9087584783249778,-0.04639291156858427,0.9916317991631799,0.9212598425196851,0.9863013698630136,0.84251968503937,0.7603305785123967,0.706046511627907,-0.05428406688448972,0.9819639278557113,0.9416666666666667,-0.04029726118904464,1.0,0.9645669291338582,1.0,0.889763779527559,0.8070050035739814,0.7420520231213873,-0.06495298045259412,0.9839999999999999,0.9504132231404958,-0.033586776859504064,1.0,0.968503937007874,1.0,0.905511811023622,
000694,crazing,1013,0.025325,0.606973058637084,0.673044925124792,0.7554240631163708,0.8045748383888612,0.06607186648770802,0.34752267969295186,0.4121212121212121,0.06459853242826025,0.7581806629249179,0.807000995650579,0.04882033272566111,0.7620137299771167,0.7543859649122807,0.8454106280193237,0.7719298245614035,0.5956072351421189,0.6204710144927537,0.024863779350634774,0.9452028619349908,0.9389013610609411,-0.006301500874049681,0.9610983981693364,0.9298245614035088,0.9903381642512077,0.8925438596491229,0.7213008130081301,0.7109479305740988,-0.010352882434031319,0.9788202489082075,0.9493087557603688,-0.02951149314783874,0.9931350114416476,0.9649122807017544,1.0,0.9035087719298246,14.327160298232643
000694,inclusion,0,0.0,NA,NA,NA,NA,NA,NA,NA,NA,NA,NA,NA,NA,NA,NA,NA,NA,NA,NA,NA,NA,NA,NA,NA,NA,NA,NA,NA,NA,NA,NA,NA,NA,NA,NA,NA,
000694,patches,377,0.009425,0.5072164948453608,0.6351039260969977,0.6730506155950753,0.7768361581920904,0.12788743125163693,0.3956185567010309,0.5361890694239291,0.14057051272289817,0.827590310073676,0.9319770638598696,0.10438675378619355,0.7862903225806451,0.8734693877551021,0.9417040358744395,0.9224489795918367,0.5691188358932903,0.7107887579329103,0.14166992203962003,0.8569898232458488,0.9724357948824122,0.11544597163656334,0.8064516129032258,0.9142857142857143,0.9775784753363229,0.9673469387755103,0.6094316807738815,0.7489851150202977,0.1395534342464162,0.8710670571450027,0.9806165016378451,0.10954944449284243,0.8064516129032258,0.9469387755102041,0.9775784753363229,0.9836734693877551,
000695,crazing,4237,0.105925,0.8284663638330089,0.8085390260173448,0.9061871524902402,0.8941350055330136,-0.019927337815664026,0.41706539074960125,0.414,-0.003065390749601271,0.8094917202944605,0.8116295519402912,0.002137831645830701,0.8201603665521191,0.7990970654627539,0.8245614035087719,0.7990970654627539,0.642705131236699,0.6355051935788479,-0.0071999376578510965,0.9572685124537281,0.9385518469889863,-0.018716665464741822,0.9507445589919816,0.963882618510158,0.9391812865497076,0.9379232505643341,0.756046993780235,0.744945567651633,-0.011101426128601988,0.9777387569880416,0.9844968932106528,0.006758136222611233,0.9713631156930126,0.9841986455981941,0.9847953216374269,0.9841986455981941,13.611453062494986
000695,inclusion,0,0.0,NA,NA,NA,NA,NA,NA,NA,NA,NA,NA,NA,NA,NA,NA,NA,NA,NA,NA,NA,NA,NA,NA,NA,NA,NA,NA,NA,NA,NA,NA,NA,NA,NA,NA,NA,
000695,patches,1232,0.0308,0.7338177014531043,0.71900826446281,0.8464761904761905,0.8365384615384616,-0.014809436990294356,0.6217780115728564,0.5980492813141683,-0.023728730258688047,0.9612174812391318,0.947752463414656,-0.013465017824475733,0.9691689008042895,0.9533954727030626,0.9474358974358974,0.948069241011984,0.8483068417415343,0.834642979159549,-0.013663862581985264,0.994649613862372,0.9830938402548035,-0.011555773607568542,0.9932975871313673,0.996005326231691,0.9705128205128205,0.996005326231691,0.9029829134086301,0.9022988505747126,-0.0006840628339175314,0.9966375252185609,0.9870129870129869,-0.009624538205573963,0.9932975871313673,1.0,0.9743589743589743,1.0,
000696,crazing,2397,0.059925,0.7746955345060893,0.782232976149326,0.8730461303850553,0.877812257564003,0.007537441643236664,0.4125230202578269,0.4300421151146467,0.017519094856819795,0.8117261211588279,0.8236551072549881,0.011928986096160221,0.7971014492753623,0.8268974700399467,0.8284574468085106,0.8189081225033289,0.6705153477893551,0.681519565838332,0.011004218048976888,0.9821152501319587,0.9866842773977275,0.004569027265768799,0.9762845849802372,0.9880159786950732,0.9893617021276596,0.9840213049267643,0.7911646586345381,0.7966282543747333,0.005463595740195171,0.9953353843659145,0.9979986657771848,0.0026632814112702574,0.9986824769433466,0.9920106524633822,1.0,0.996005326231691,15.339313375611395
000696,inclusion,0,0.0,NA,NA,NA,NA,NA,NA,NA,NA,NA,NA,NA,NA,NA,NA,NA,NA,NA,NA,NA,NA,NA,NA,NA,NA,NA,NA,NA,NA,NA,NA,NA,NA,NA,NA,NA,
000696,patches,237,0.005925,0.5251798561151079,0.5394736842105263,0.6886792452830188,0.7008547008547008,0.01429382809541846,0.546236559139785,0.496,-0.050236559139784975,0.93841642228739,0.9774011299435028,0.03898470765611284,1.0,0.8839779005524862,1.0,0.9558011049723757,0.7329545454545454,0.7768595041322314,0.04390495867768596,0.9831460674157304,1.0,0.016853932584269593,1.0,0.9668508287292817,1.0,1.0,0.7723404255319148,0.8208333333333333,0.04849290780141846,0.9972299168975068,1.0,0.0027700831024931594,1.0,0.994475138121547,1.0,1.0,
000697,crazing,1313,0.032825,0.652676399026764,0.6658275645059786,0.7898417372101583,0.7993955421231583,0.013151165479214577,0.3538260300850229,0.35842771485676217,0.004601684771739278,0.7310162448054401,0.7306889352818372,-0.00032730952360293664,0.7644444444444445,0.7003891050583657,0.7882882882882883,0.6809338521400778,0.49244712990936557,0.49,-0.002447129909365575,0.7713858273893237,0.7627143879742305,-0.008671439415093185,0.7844444444444445,0.7587548638132295,0.8085585585585585,0.7217898832684825,0.552595814079913,0.543015214384509,-0.009580599695404035,0.7951112899192101,0.7742408684171922,-0.0208704215020179,0.8044444444444444,0.7859922178988327,0.8198198198198198,0.7334630350194552,14.185046243784658
000697,inclusion,0,0.0,NA,NA,NA,NA,NA,NA,NA,NA,NA,NA,NA,NA,NA,NA,NA,NA,NA,NA,NA,NA,NA,NA,NA,NA,NA,NA,NA,NA,NA,NA,NA,NA,NA,NA,NA,
000697,patches,358,0.00895,0.47317073170731705,0.5417661097852029,0.6423841059602649,0.7027863777089783,0.06859537807788585,0.45296671490593343,0.5205278592375366,0.0675611443316032,0.9119522165505263,0.9745489841059479,0.06259676755542165,0.9719626168224299,0.8589211618257261,0.9956140350877193,0.9543568464730291,0.7105004906771345,0.7733463035019456,0.06284581282481105,0.9852631578947367,1.0,0.01473684210526327,1.0,0.970954356846473,1.0,1.0,0.7703703703703704,0.8272058823529411,0.05683551198257075,0.997920997920998,1.0,0.0020790020790020236,1.0,0.995850622406639,1.0,1.0,
000698,crazing,1717,0.042925,0.7981335952848723,0.8066298342541437,0.8877355913684786,0.8929663608562691,0.00849623896927143,0.49497655726724715,0.5245901639344263,0.029613606667179104,0.8929321203638909,0.8865231685939345,-0.0064089517699563725,0.88,0.90625,0.8693284936479129,0.9044117647058824,0.6864673485444532,0.7060690202300675,0.01960167168561422,0.9503346644918163,0.9449194039331938,-0.005415260558622403,0.9309090909090909,0.9705882352941176,0.925589836660617,0.9650735294117647,0.770406691664263,0.7777455809910171,0.007338889326754083,0.9565481552869204,0.954608227749756,-0.001939927537164432,0.9327272727272727,0.9816176470588235,0.9274047186932849,0.9834558823529411,13.12845899729151
000698,inclusion,0,0.0,NA,NA,NA,NA,NA,NA,NA,NA,NA,NA,NA,NA,NA,NA,NA,NA,NA,NA,NA,NA,NA,NA,NA,NA,NA,NA,NA,NA,NA,NA,NA,NA,NA,NA,NA,
000698,patches,239,0.005975,0.7093023255813954,0.7607142857142857,0.8299319727891157,0.8640973630831643,0.05141196013289029,0.6699507389162561,0.6817102137767221,0.011759474860466024,0.9693251533742331,0.9828571428571428,0.013531989482909679,1.0,0.9404761904761905,0.9662921348314607,1.0,0.8553054662379421,0.8569277108433735,0.0016222446054313666,1.0,0.9886363636363636,-0.011363636363636354,1.0,1.0,0.9775280898876404,1.0,0.8799019607843137,0.8744239631336406,-0.005477997650673139,1.0,0.9943502824858756,-0.005649717514124353,1.0,1.0,0.9887640449438202,1.0,
000699,crazing,1181,0.029525,0.5486074619022596,0.5939635535307517,0.7085171360705802,0.7452661664880315,0.04535609162849208,0.29817905918057663,0.35668789808917195,0.05850883890859532,0.6610448912818913,0.6953242161305399,0.034279324848648596,0.5347490347490348,0.8654434250764526,0.564453125,0.9051987767584098,0.44249679350149634,0.4831410825199645,0.04064428901846817,0.7370088070091487,0.7523468323432043,0.015338025334055594,0.6003861003861004,0.9541284403669725,0.6171875,0.963302752293578,0.5209768315591734,0.5526315789473685,0.03165474738819507,0.7580954903648764,0.7721822541966427,0.014086763831766214,0.6138996138996139,0.9908256880733946,0.62890625,1.0,9.515306978361972
000699,inclusion,0,0.0,NA,NA,NA,NA,NA,NA,NA,NA,NA,NA,NA,NA,NA,NA,NA,NA,NA,NA,NA,NA,NA,NA,NA,NA,NA,NA,NA,NA,NA,NA,NA,NA,NA,NA,NA,
000699,patches,406,0.01015,0.5278884462151394,0.6961206896551724,0.6910039113428944,0.820838627700127,0.16823224344003296,0.4252400548696845,0.5966514459665144,0.1714113910968299,0.8782020166866625,0.9724409448818898,0.09423892819522728,0.9033613445378151,0.8544061302681992,1.0,0.946360153256705,0.726598702502317,0.8325171400587659,0.10591843755644892,0.982302045097011,0.9824561403508771,0.00015409525386611556,0.9915966386554622,0.9731800766283525,1.0,0.9655172413793104,0.7657722987672226,0.8573607932875668,0.09158849452034412,0.9882640387669505,0.9864077669902913,-0.0018562717766591463,0.9957983193277311,0.9808429118773946,1.0,0.9731800766283525,
000700,crazing,3597,0.089925,0.6644751756971208,0.5915958451369216,0.798420049032961,0.7433995846929694,-0.07287933056019913,0.23455104131102766,0.21764491432737879,-0.016906126983648878,0.5431513873441856,0.5211224537799313,-0.022028933564254283,0.535593220338983,0.5509259259259259,0.5585106382978723,0.48842592592592593,0.43087464731962916,0.3905688306195813,-0.04030581670004785,0.7735400181364732,0.7138971952979997,-0.05964282283847355,0.7615819209039548,0.7858796296296297,0.7593085106382979,0.6736111111111112,0.5644604532492871,0.5148546144121365,-0.04960583883715053,0.8745218473659885,0.8201425918159487,-0.05437925555003975,0.8429378531073446,0.9085648148148148,0.8617021276595744,0.7824074074074074,14.406003752606066
000700,inclusion,0,0.0,NA,NA,NA,NA,NA,NA,NA,NA,NA,NA,NA,NA,NA,NA,NA,NA,NA,NA,NA,NA,NA,NA,NA,NA,NA,NA,NA,NA,NA,NA,NA,NA,NA,NA,NA,
000700,patches,757,0.018925,0.6893203883495146,0.7366459627329193,0.8160919540229885,0.8483547925608012,0.04732557438340468,0.44414535666218036,0.4691358024691358,0.02499044580695542,0.8481817234552465,0.8584275786891947,0.010245855233948276,0.891566265060241,0.8088235294117647,0.896414342629482,0.8235294117647058,0.6872493985565357,0.7201946472019465,0.03294524864541082,0.9639970609845702,0.9925925925925926,0.028595531608022418,0.9879518072289156,0.9411764705882353,1.0,0.9852941176470589,0.7960808328230251,0.8301301921884687,0.03404935936544362,0.9944547134935305,1.0,0.00554528650646946,1.0,0.9889705882352942,1.0,1.0,
000701,crazing,3478,0.08695,0.37653443597364,0.3810623556581986,0.5470759410494697,0.5518394648829431,0.004527919684558623,0.20252301397886124,0.20253610426206411,1.30902832028712e-05,0.4808910825051691,0.49591361073615775,0.015022528230988652,0.3854069223573433,0.639269406392694,0.4069306930693069,0.634703196347032,0.3426803326242506,0.3348551012306471,-0.007825231393603527,0.6434167419439438,0.6338914171674773,-0.009525324776466504,0.5173058933582788,0.8508371385083714,0.5207920792079208,0.8097412480974124,0.40857694429123,0.3922037714607374,-0.016373172830492555,0.7020782574588516,0.6728419916386814,-0.029236265820170138,0.5650140318054256,0.9269406392694064,0.5564356435643565,0.8508371385083714,11.140394769920508
000701,inclusion,0,0.0,NA,NA,NA,NA,NA,NA,NA,NA,NA,NA,NA,NA,NA,NA,NA,NA,NA,NA,NA,NA,NA,NA,NA,NA,NA,NA,NA,NA,NA,NA,NA,NA,NA,NA,NA,
000701,patches,891,0.022275,0.7308075772681955,0.7314629258517034,0.8444700460829493,0.8449074074074074,0.0006553485835079087,0.4752475247524752,0.47702834799608995,0.0017808232436147264,0.8886212763404318,0.8937034529451592,0.005082176604727429,0.9273255813953488,0.8530183727034121,0.9230769230769231,0.8661417322834646,0.6978375219170077,0.7068366164542295,0.008999094537221808,0.9576775763939434,0.9744279946164199,0.016750418222476582,0.997093023255814,0.9212598425196851,1.0,0.9501312335958005,0.7923937360178971,0.8082253017434063,0.015831565725509256,0.9730458221024259,0.9799196787148594,0.00687385661243356,1.0,0.94750656167979,1.0,0.9606299212598425,
000702,crazing,4564,0.1141,0.5557733137350972,0.5853745118920838,0.7144656728952341,0.7384684281236006,0.029601198156986586,0.2406576980568012,0.25007433838834375,0.009416640331542547,0.5530310445197476,0.590096779148958,0.03706573462921037,0.5428849902534113,0.5635635635635635,0.5771812080536913,0.6036036036036037,0.4013135153819564,0.40876164194549847,0.007448126563542046,0.7027326796446565,0.7189228067553429,0.01619012711068646,0.6949317738791423,0.7107107107107107,0.7046979865771812,0.7337337337337337,0.4902802322645797,0.49301623254058136,0.002736000276001682,0.7792932109719617,0.7767716958547092,-0.002521515117252515,0.7748538011695907,0.7837837837837838,0.7660594439117929,0.7877877877877878,14.787428929272991
000702,inclusion,0,0.0,NA,NA,NA,NA,NA,NA,NA,NA,NA,NA,NA,NA,NA,NA,NA,NA,NA,NA,NA,NA,NA,NA,NA,NA,NA,NA,NA,NA,NA,NA,NA,NA,NA,NA,NA,
000702,patches,795,0.019875,0.7056128293241696,0.8013856812933026,0.8274009402283412,0.8897435897435897,0.09577285196913299,0.47525773195876286,0.6195286195286195,0.14427088756985662,0.9368598208047527,0.9971428571428572,0.0602830363381045,0.9450867052023122,0.9287749287749287,1.0,0.9943019943019943,0.760759493670886,0.8234536082474226,0.06269411457653662,0.9971428571428572,1.0,0.0028571428571427804,1.0,0.9943019943019943,1.0,1.0,0.8465346534653465,0.8981113320079522,0.051576678542605725,1.0,1.0,0.0,1.0,1.0,1.0,1.0,
000703,crazing,3381,0.084525,0.8370101219828705,0.7989936440677966,0.9112743712913253,0.888267334020315,-0.0380164779150739,0.34841628959276016,0.31795984807379274,-0.030456441518967425,0.7300726839584802,0.7017792941448601,-0.028293389813620173,0.7123745819397993,0.7486725663716814,0.6703645007923931,0.736283185840708,0.5662207357859532,0.532133676092545,-0.034087059693408195,0.9074955843690736,0.867351309225929,-0.04014427514314467,0.8712374581939799,0.9469026548672567,0.8145800316957211,0.9274336283185841,0.667072280360185,0.6424845898530109,-0.02458769050717402,0.9505842194681792,0.9061844097007813,-0.04439980976739788,0.9147157190635451,0.9893805309734514,0.8462757527733756,0.9752212389380531,9.716858141922799
000703,inclusion,0,0.0,NA,NA,NA,NA,NA,NA,NA,NA,NA,NA,NA,NA,NA,NA,NA,NA,NA,NA,NA,NA,NA,NA,NA,NA,NA,NA,NA,NA,NA,NA,NA,NA,NA,NA,NA,
000703,patches,1599,0.039975,0.7066805845511482,0.703722854188211,0.8281345565749235,0.8261001517450682,-0.0029577303629372276,0.5579859678085018,0.5480572597137015,-0.009928708094800398,0.952433628318584,0.953063263894227,0.000629635575642995,0.9695945945945946,0.9358695652173913,0.9674157303370786,0.9391304347826087,0.7816504356740134,0.7821984187707217,0.0005479830967083377,0.994535519125683,0.9950846531949754,0.0005491340692923563,1.0,0.9891304347826086,1.0,0.9902173913043478,0.8545599046294456,0.8540925266903915,-0.0004673779390541588,0.9972752043596731,0.9989118607181718,0.0016366563584987448,1.0,0.9945652173913043,1.0,0.9978260869565218,
000704,crazing,783,0.019575,0.5588723051409619,0.44840525328330205,0.7170212765957447,0.6191709844559585,-0.11046705185765981,0.287593984962406,0.2716049382716049,-0.01598904669080109,0.6628379668785639,0.5944699586290659,-0.06836800824949796,0.5707070707070707,0.7904411764705882,0.5524691358024691,0.6433823529411765,0.4897959183673469,0.4351464435146444,-0.05464947485270255,0.8538350217076701,0.7622717992721247,-0.09156322243554538,0.7449494949494949,1.0,0.7067901234567902,0.8272058823529411,0.594683026584867,0.5100700525394045,-0.08461297404546253,0.8587896253602305,0.7782163615858418,-0.08057326377438867,0.7525252525252525,1.0,0.7129629629629629,0.8566176470588235,9.72048698252934
000704,inclusion,0,0.0,NA,NA,NA,NA,NA,NA,NA,NA,NA,NA,NA,NA,NA,NA,NA,NA,NA,NA,NA,NA,NA,NA,NA,NA,NA,NA,NA,NA,NA,NA,NA,NA,NA,NA,NA,
000704,patches,1362,0.03405,0.746859296482412,0.7541284403669725,0.8550880978065444,0.8598326359832636,0.007269143884560458,0.5944570135746606,0.5875354107648725,-0.006921602809788152,0.9519618678720397,0.9256176536972411,-0.026344214174798597,0.9841521394611727,0.9218106995884774,0.9671361502347418,0.887517146776406,0.8030518097941802,0.7972350230414746,-0.005816786752705583,0.9853206698512876,0.9816939191803913,-0.0036267506708963504,0.9984152139461173,0.9725651577503429,0.9953051643192489,0.9684499314128944,0.8907539118065434,0.8923383651381372,0.0015844533315938492,0.9992069785884219,0.9992169146436961,9.936055274217814e-06,0.9984152139461173,1.0,0.9984350547730829,1.0,
000705,crazing,4244,0.1061,0.8080155138978669,0.7801953818827708,0.8938148015731141,0.8765278124220504,-0.027820132015096033,0.38705738705738707,0.336121067303863,-0.050936319753524084,0.7853170269809425,0.7414985582219952,-0.04381846875894735,0.7980416156670747,0.7729918509895227,0.7689393939393939,0.7159487776484285,0.5939796160227542,0.558254716981132,-0.03572489904162213,0.9178010536217083,0.9033103282371032,-0.014490725384605052,0.9314565483476133,0.9045401629802096,0.9343434343434344,0.8742724097788126,0.7184109205460273,0.6803364879074658,-0.03807443263856147,0.9637450066700911,0.956024133855819,-0.0077208728142721395,0.9791921664626683,0.9487776484284052,0.9886363636363636,0.9254947613504074,13.185769397682472
000705,inclusion,0,0.0,NA,NA,NA,NA,NA,NA,NA,NA,NA,NA,NA,NA,NA,NA,NA,NA,NA,NA,NA,NA,NA,NA,NA,NA,NA,NA,NA,NA,NA,NA,NA,NA,NA,NA,NA,
000705,patches,1493,0.037325,0.6956287101996762,0.72,0.8204964990451942,0.8372093023255814,0.02437128980032377,0.555845284658844,0.5636042402826855,0.007758955623841546,0.9489568759953892,0.9653394794443951,0.016382603449005884,0.9670731707317073,0.9315068493150684,0.9875,0.9441517386722866,0.7968397291196389,0.8106948813268516,0.013855152207212784,0.9892277856364413,0.9978880675818375,0.008660281945396142,0.9975609756097561,0.9810326659641728,1.0,0.9957850368809273,0.8652849740932642,0.8874141876430206,0.022129213549756388,0.9961441263395259,0.9994728518713759,0.003328725531850041,0.9975609756097561,0.9947312961011591,1.0,0.9989462592202318,
000706,crazing,710,0.01775,0.6738351254480287,0.6723716381418093,0.8051391862955032,0.804093567251462,-0.0014634873062193687,0.4756980351602896,0.4932920536635707,0.017594018503281128,0.8554990329763201,0.842103566997352,-0.013395465978968124,0.8691588785046729,0.8422619047619048,0.8419452887537994,0.8422619047619048,0.6050618010594467,0.6257378984651711,0.020676097405724403,0.8783422248254682,0.8767063921993499,-0.0016358326261183276,0.8909657320872274,0.8660714285714286,0.878419452887538,0.875,0.6645105648986632,0.6810082572794437,0.01649769238078047,0.8813930128478192,0.8781977657486906,-0.003195247099128662,0.8909657320872274,0.8720238095238095,0.878419452887538,0.8779761904761905,12.609855300685465
000706,inclusion,0,0.0,NA,NA,NA,NA,NA,NA,NA,NA,NA,NA,NA,NA,NA,NA,NA,NA,NA,NA,NA,NA,NA,NA,NA,NA,NA,NA,NA,NA,NA,NA,NA,NA,NA,NA,NA,
000706,patches,1239,0.030975,0.6428110896196002,0.6106683016554261,0.782574568288854,0.7582794061667301,-0.032142787964174135,0.48483316481294236,0.460261569416499,-0.02457159539644338,0.8639319626417908,0.8478132248514252,-0.016118737790365656,0.8539638386648123,0.8741355463347165,0.8436619718309859,0.8520055325034578,0.7176002651640703,0.6759047929572872,-0.041695472206783046,0.9149224596600175,0.8963775684132129,-0.018544891246804585,0.8845618915159944,0.9474412171507607,0.8704225352112676,0.9239280774550485,0.7731431646932185,0.7396276595744681,-0.033515505118750455,0.9213231853412024,0.9021956173907043,-0.01912756795049808,0.8845618915159944,0.9612724757952974,0.8704225352112676,0.9363762102351314,
000707,crazing,520,0.013,0.6431924882629108,0.6232339089481946,0.7828571428571428,0.7678916827852998,-0.01995857931471612,0.3635280095351609,0.3234624145785877,-0.04006559495657319,0.7570745574363613,0.7211064397887365,-0.035968117647624864,0.6992481203007519,0.8253275109170306,0.669260700389105,0.7816593886462883,0.4904240766073871,0.4507501630789302,-0.03967391352845695,0.8424546507140099,0.8386597989899295,-0.0037948517240804502,0.7669172932330827,0.9344978165938864,0.7665369649805448,0.925764192139738,0.5294970986460348,0.4858058608058608,-0.04369123784017398,0.8621126641571778,0.8609598051157125,-0.0011528590414653372,0.7706766917293233,0.9781659388646288,0.77431906614786,0.9694323144104804,10.042314321065485
000707,inclusion,0,0.0,NA,NA,NA,NA,NA,NA,NA,NA,NA,NA,NA,NA,NA,NA,NA,NA,NA,NA,NA,NA,NA,NA,NA,NA,NA,NA,NA,NA,NA,NA,NA,NA,NA,NA,NA,
000707,patches,1143,0.028575,0.5651302605210421,0.6037234042553191,0.7221510883482715,0.7529021558872305,0.038593143734277024,0.4678277697145622,0.5036603221083455,0.03583255239378336,0.9003637048458668,0.926348487148646,0.02598478230277923,0.9261447562776958,0.8759791122715405,0.93646408839779,0.9164490861618799,0.7656988521269412,0.7952782462057335,0.029579394078792287,0.9884569990538524,0.9959699392956266,0.00751294024177418,0.9926144756277696,0.9843342036553525,0.9958563535911602,0.9960835509138382,0.8524861878453038,0.8797573083287369,0.027271120483433053,0.9971291514413709,0.9986566493150537,0.0015274978736827816,0.9955686853766618,0.9986945169712794,0.9986187845303868,0.9986945169712794,
000708,crazing,1635,0.040875,0.65625,0.6532614026483571,0.7924528301886793,0.7902699495698606,-0.0029885973516429187,0.32808564231738035,0.32836747361887025,0.00028183130148989877,0.6543403602844255,0.6376698840290778,-0.016670476255347788,0.601123595505618,0.7178947368421053,0.5862708719851577,0.6989473684210527,0.45714285714285713,0.446680790960452,-0.010462066182405139,0.7310302875072036,0.7210763630124869,-0.00995392449471666,0.6629213483146067,0.8147368421052632,0.6549165120593692,0.8021052631578948,0.5314060446780552,0.5134168157423972,-0.01798922893565802,0.7489039800567352,0.739423612000115,-0.009480368056620225,0.6797752808988764,0.8336842105263158,0.6697588126159555,0.8252631578947368,11.747209962200577
000708,inclusion,0,0.0,NA,NA,NA,NA,NA,NA,NA,NA,NA,NA,NA,NA,NA,NA,NA,NA,NA,NA,NA,NA,NA,NA,NA,NA,NA,NA,NA,NA,NA,NA,NA,NA,NA,NA,NA,
000708,patches,426,0.01065,0.8601694915254238,0.864516129032258,0.9248291571753986,0.9273356401384083,0.004346637506834283,0.7394789579158316,0.7449392712550608,0.005460313339229139,0.9927477461593616,0.9951456310679612,0.0023978849085996012,0.9951690821256038,0.9903381642512077,1.0,0.9903381642512077,0.8517699115044248,0.8573021181716833,0.00553220666725851,1.0,1.0,0.0,1.0,1.0,1.0,1.0,0.9022801302931596,0.908641975308642,0.006361845015482426,1.0,1.0,0.0,1.0,1.0,1.0,1.0,
000709,crazing,2717,0.067925,0.6768583450210379,0.6574414007342558,0.8072934091669455,0.7933208383029476,-0.01941694428678209,0.3077230892356943,0.26659125188536953,-0.041131837350324774,0.6465013243078671,0.6096260313829486,-0.036875292924918535,0.580387685290764,0.7296137339055794,0.5418933623503809,0.6967095851216023,0.4753717472118959,0.4295494699646643,-0.04582227724723159,0.7818828171530673,0.7454107519966359,-0.03647206515643142,0.7149372862029647,0.8626609442060086,0.6692056583242655,0.8412017167381974,0.5733333333333334,0.5352628077178976,-0.03807052561543578,0.852933343658572,0.823881683799136,-0.02905165985943603,0.7673888255416191,0.9599427753934192,0.7290533188248096,0.9470672389127325,13.410110501900009
000709,inclusion,0,0.0,NA,NA,NA,NA,NA,NA,NA,NA,NA,NA,NA,NA,NA,NA,NA,NA,NA,NA,NA,NA,NA,NA,NA,NA,NA,NA,NA,NA,NA,NA,NA,NA,NA,NA,NA,
000709,patches,951,0.023775,0.7535460992907801,0.7379491673970202,0.8594539939332659,0.8492183560262229,-0.01559693189375988,0.5564924114671164,0.5282861896838602,-0.028206221783256158,0.9137156422817779,0.9034539102211986,-0.010261732060579343,0.8905908096280087,0.9380733944954128,0.8835164835164835,0.9243119266055045,0.7772177419354839,0.754394776494224,-0.022822965441259835,0.9788082491241649,0.9695066355992301,-0.009301613524934749,0.9606126914660832,0.9977064220183486,0.9428571428571428,0.9977064220183486,0.8614363778298204,0.836876691148048,-0.02455968668177244,0.9944994499449945,0.9821302579759599,-0.012369191969034632,0.9890590809628009,1.0,0.967032967032967,0.9977064220183486,
000710,crazing,3703,0.092575,0.5957524716221164,0.6458251666013328,0.7466727856815053,0.7848040967012028,0.0500726949792164,0.1181339352896915,0.12563402262973078,0.007500087340039277,0.29568788501026694,0.3317977016149446,0.03610981660467766,0.23555070883315157,0.39705882352941174,0.2761904761904762,0.41544117647058826,0.21797608881298036,0.2311922569291685,0.013216168116188143,0.4423273222184416,0.46789477437643745,0.02556745215799583,0.3544165757906216,0.5882352941176471,0.38452380952380955,0.5974264705882353,0.29893410852713176,0.30392632089190497,0.0049922123647732075,0.5128867024866228,0.5800285751584688,0.06714187267184601,0.4143947655398037,0.6727941176470589,0.4845238095238095,0.7224264705882353,8.93968144856607
000710,inclusion,0,0.0,NA,NA,NA,NA,NA,NA,NA,NA,NA,NA,NA,NA,NA,NA,NA,NA,NA,NA,NA,NA,NA,NA,NA,NA,NA,NA,NA,NA,NA,NA,NA,NA,NA,NA,NA,
000710,patches,1032,0.0258,0.7014925373134329,0.6881547139403706,0.8245614035087719,0.8152744630071599,-0.013337823373062219,0.5397805212620027,0.5176079734219269,-0.02217254784007583,0.9196986456404765,0.9091709699371521,-0.010527675703324468,0.8862815884476535,0.9557344064386318,0.8652849740932642,0.9577464788732394,0.727085053674649,0.7118712273641851,-0.015213826310463974,0.9577210962907995,0.954898724790252,-0.002822371500547538,0.9205776173285198,0.9979879275653923,0.924006908462867,0.9879275653923542,0.8009493670886076,0.7922645040548971,-0.008684863033710521,0.9606433283938498,0.9660520556707477,0.0054087272768978956,0.9259927797833934,0.9979879275653923,0.9360967184801382,0.9979879275653923,
000711,crazing,1477,0.036925,0.6228338430173292,0.6652291105121294,0.7675879396984925,0.7989640660407898,0.04239526749480016,0.3174418604651163,0.37989886219974717,0.06245700173463087,0.7177444541073479,0.7513445599328589,0.033600105825510984,0.7255639097744361,0.710091743119266,0.7820773930753564,0.7229357798165138,0.5456140350877193,0.5616942909760589,0.016080255888339612,0.8765016743201395,0.8606181299908238,-0.015883544329315713,0.8759398496240601,0.8770642201834863,0.8859470468431772,0.8366972477064221,0.6687864334923158,0.6614626129827444,-0.007323820509571366,0.9238729523496647,0.8944123491008665,-0.02946060324879818,0.924812030075188,0.9229357798165138,0.9226069246435845,0.8678899082568807,14.180980329808696
000711,inclusion,0,0.0,NA,NA,NA,NA,NA,NA,NA,NA,NA,NA,NA,NA,NA,NA,NA,NA,NA,NA,NA,NA,NA,NA,NA,NA,NA,NA,NA,NA,NA,NA,NA,NA,NA,NA,NA,
000711,patches,667,0.016675,0.6059113300492611,0.6695869837296621,0.754601226993865,0.8020989505247377,0.06367565368040096,0.4297153024911032,0.4848762603116407,0.05516095782053754,0.9047596673401306,0.898496830477625,-0.006262836862505616,0.9354838709677419,0.8759894459102903,0.9251336898395722,0.8733509234828496,0.6749017405951713,0.6742634797109506,-0.0006382608842206983,0.9358201266628284,0.9294229237014835,-0.006397202961344939,0.956989247311828,0.9155672823218998,0.946524064171123,0.9129287598944591,0.6961753330468414,0.6936367467340918,-0.0025385863127496133,0.9410470892635876,0.9385867707437276,-0.0024603185198599498,0.9650537634408602,0.9182058047493403,0.9598930481283422,0.9182058047493403,
000712,crazing,2322,0.05805,0.776173285198556,0.7760917838638046,0.8739837398373984,0.8739320691810794,-8.150133475137711e-05,0.3784227820372399,0.37727759914255093,-0.0011451828946889564,0.7805215316744192,0.8046787403678015,0.024157208693382337,0.7610759493670886,0.8009868421052632,0.7732115677321156,0.8388157894736842,0.6159180977542933,0.6255291436014327,0.009611045847139454,0.9409326081188644,0.9589792856407295,0.018046677521865173,0.9161392405063291,0.9671052631578947,0.9254185692541856,0.9950657894736842,0.7335811648079306,0.74207811348563,0.008496948677699456,0.975733357503119,0.971025841816758,-0.0047075156863609635,0.9541139240506329,0.9983552631578947,0.943683409436834,1.0,12.61747554232439
000712,inclusion,0,0.0,NA,NA,NA,NA,NA,NA,NA,NA,NA,NA,NA,NA,NA,NA,NA,NA,NA,NA,NA,NA,NA,NA,NA,NA,NA,NA,NA,NA,NA,NA,NA,NA,NA,NA,NA,
000712,patches,342,0.00855,0.4864406779661017,0.5551181102362205,0.6545039908779932,0.7139240506329114,0.0686774322701188,0.38333333333333336,0.40425531914893614,0.020921985815602784,0.7429871114480667,0.756247175050042,0.013260063601975292,0.625,0.9158878504672897,0.6535714285714286,0.897196261682243,0.5260377358490566,0.5568181818181818,0.030780445969125214,0.758685747546314,0.7798065699516423,0.02112082240532831,0.6385135135135135,0.9345794392523364,0.6714285714285714,0.9299065420560748,0.5476190476190477,0.5772558714462299,0.029636823827182246,0.7657945118059988,0.788653302227636,0.022858790421637187,0.6486486486486487,0.9345794392523364,0.6821428571428572,0.9345794392523364,
000713,crazing,1951,0.048775,0.6349705304518664,0.6467113036628593,0.7767363614515741,0.7854580243960775,0.011740773210992983,0.21614583333333334,0.20833333333333334,-0.0078125,0.5093133166527661,0.5286526954462645,0.01933937879349834,0.5963541666666666,0.4444444444444444,0.582392776523702,0.4839924670433145,0.38381901840490795,0.4140887066716362,0.030269688266728267,0.6938006249956694,0.7597535934291582,0.06595296843348875,0.8072916666666666,0.608286252354049,0.835214446952596,0.696798493408663,0.5068373581611871,0.5598388952819332,0.05300153712074607,0.8033987045430748,0.8785616927370676,0.07516298819399281,0.9348958333333334,0.704331450094162,0.9548532731376975,0.8135593220338984,12.021700010522787
000713,inclusion,0,0.0,NA,NA,NA,NA,NA,NA,NA,NA,NA,NA,NA,NA,NA,NA,NA,NA,NA,NA,NA,NA,NA,NA,NA,NA,NA,NA,NA,NA,NA,NA,NA,NA,NA,NA,NA,
000713,patches,214,0.00535,0.4576271186440678,0.5719424460431655,0.627906976744186,0.7276887871853547,0.11431532739909767,0.38645418326693226,0.5246252676659529,0.1381710843990206,0.8215120810600155,0.9494567006914718,0.1279446196314563,0.85,0.7948717948717948,0.9634146341463414,0.9358974358974359,0.6648501362397821,0.7747875354107648,0.10993739917098277,0.9550486413955049,0.9967845659163987,0.04173592452089381,0.975,0.9358974358974359,1.0,0.9935897435897436,0.7104722792607803,0.8103813559322034,0.09990907667142312,0.9773789033685764,1.0,0.022621096631423643,0.99375,0.9615384615384616,1.0,1.0,
000714,crazing,1322,0.03305,0.7930313588850174,0.7856125356125356,0.8845705402254178,0.879936178699641,-0.007418823272481778,0.28553459119496855,0.27875,-0.006784591194968548,0.5820571334304803,0.6233083288222101,0.041251195391729834,0.5991735537190083,0.5658914728682171,0.6431535269709544,0.6046511627906976,0.5408708938120703,0.5330296127562643,-0.00784128105580606,0.9362127950735545,0.9280216116994104,-0.00819118337414404,0.9462809917355371,0.9263565891472868,0.9543568464730291,0.9031007751937985,0.6659230340211936,0.6537396121883656,-0.012183421832827945,0.9921875,0.9842252738724461,-0.007962226127553929,1.0,0.9844961240310077,0.995850622406639,0.9728682170542635,7.095842681355587
000714,inclusion,0,0.0,NA,NA,NA,NA,NA,NA,NA,NA,NA,NA,NA,NA,NA,NA,NA,NA,NA,NA,NA,NA,NA,NA,NA,NA,NA,NA,NA,NA,NA,NA,NA,NA,NA,NA,NA,
000714,patches,2037,0.050925,0.8170529801324503,0.7999186661244408,0.8993166287015946,0.8888386805241754,-0.017134314008009466,0.29255861365953106,0.27137176938369784,-0.021186844275833228,0.634369916907717,0.6113378832903373,-0.02303203361737971,0.6151419558359621,0.6548387096774193,0.5975232198142415,0.6258064516129033,0.5050928699820252,0.4844938560561732,-0.020599013925852006,0.878802790401482,0.868801985202886,-0.01000080519859603,0.8706624605678234,0.8870967741935484,0.848297213622291,0.8903225806451613,0.6258680555555556,0.5959425190194421,-0.029925536536113517,0.9011314107630812,0.8860233460405769,-0.015108064722504366,0.8927444794952681,0.9096774193548387,0.8606811145510835,0.9129032258064517,
000715,crazing,790,0.01975,0.11708860759493671,0.21179966044142615,0.2096317280453258,0.34956217162872155,0.09471105284648944,0.14795383001049317,0.18213058419243985,0.034176754181946684,0.36548373572714493,0.4078452444922085,0.04236150876506356,0.2620689655172414,0.6037151702786377,0.2990936555891239,0.6408668730650154,0.22266857962697273,0.25401827923101167,0.03134969960403894,0.4471033299608499,0.4653492125812503,0.01824588262040039,0.31862068965517243,0.7492260061919505,0.3413897280966767,0.7306501547987616,0.2557809330628803,0.30335507921714816,0.04757414615426786,0.46483744523864423,0.4993614722158551,0.03452402697721085,0.3310344827586207,0.7801857585139319,0.3685800604229607,0.7739938080495357,11.491824281481843
000715,inclusion,0,0.0,NA,NA,NA,NA,NA,NA,NA,NA,NA,NA,NA,NA,NA,NA,NA,NA,NA,NA,NA,NA,NA,NA,NA,NA,NA,NA,NA,NA,NA,NA,NA,NA,NA,NA,NA,
000715,patches,1372,0.0343,0.6441398865784499,0.6262024736601007,0.7835584938200633,0.7701408450704226,-0.01793741291834916,0.19170579029733958,0.19514047076689445,0.0034346804695548627,0.382603525006736,0.42430762224089325,0.041704097234157245,0.38873994638069703,0.376657824933687,0.4296482412060301,0.41909814323607425,0.34155087404751233,0.3333333333333333,-0.008217540714179017,0.5652545783859931,0.5584425657333436,-0.006812012652649524,0.5737265415549598,0.5570291777188329,0.5653266331658291,0.5517241379310345,0.5160958904109589,0.5056105610561056,-0.010485329354853357,0.7986253010492763,0.7612110175278853,-0.03741428352139098,0.806970509383378,0.7904509283819628,0.7638190954773869,0.7586206896551724,
000716,crazing,8487,0.212175,0.8570987971625372,0.8325995919682164,0.9230513728963685,0.9086541278490654,-0.024499205194320806,0.28681572860447185,0.2370721048798252,-0.04974362372464666,0.6095649877716821,0.529789474122254,-0.07977551364942814,0.5210970464135021,0.7342143906020558,0.45257731958762887,0.6387665198237885,0.4412480637309139,0.3802846379238175,-0.060963425807096405,0.7461993705112469,0.6807849194733887,-0.06541445103785815,0.6455696202531646,0.8839941262848752,0.5845360824742268,0.8149779735682819,0.5285343709468223,0.4848532167395378,-0.04368115420728452,0.7821383808621636,0.7338892367065599,-0.04824914415560366,0.6814345991561181,0.9177679882525698,0.6381443298969072,0.8634361233480177,7.392137062443241
000716,inclusion,0,0.0,NA,NA,NA,NA,NA,NA,NA,NA,NA,NA,NA,NA,NA,NA,NA,NA,NA,NA,NA,NA,NA,NA,NA,NA,NA,NA,NA,NA,NA,NA,NA,NA,NA,NA,NA,
000716,patches,1787,0.044675,0.8300046446818393,0.8575638506876228,0.9071065989847715,0.923320994182972,0.027559206005783432,0.41382575757575757,0.4762386248736097,0.062412867297852115,0.7942411961731343,0.8135812661838107,0.01934007001067639,0.774869109947644,0.8146067415730337,0.8097826086956522,0.8174157303370787,0.6082698585418934,0.6701208981001727,0.06185103955827931,0.920290665176076,0.9461753174462318,0.025884652270155795,0.8979057591623036,0.9438202247191011,0.9429347826086957,0.949438202247191,0.7084141139976735,0.7728203029062628,0.06440618890858929,0.9420237835138425,0.9696454436677373,0.027621660153894778,0.9240837696335078,0.9606741573033708,0.967391304347826,0.9719101123595506,
000717,crazing,3268,0.0817,0.2760883630649783,0.3965421081985499,0.43271041576126323,0.5678913738019169,0.1204537451335716,0.16031697653154525,0.19911012235817574,0.03879314582663049,0.38340772038979204,0.4755948626414183,0.09218714225162628,0.29900332225913623,0.5342066957787481,0.41964285714285715,0.5487627365356623,0.23518732464102987,0.3031050791692371,0.06791775452820725,0.4541162293914663,0.5482050208903096,0.09408879149884336,0.35132890365448505,0.6419213973799127,0.4720982142857143,0.653566229985444,0.26243925017357095,0.3849033997304179,0.12246414955684692,0.4757035665663369,0.6122026461212026,0.13649907955486568,0.3646179401993355,0.6841339155749636,0.5223214285714286,0.7394468704512372,12.017543785197164
000717,inclusion,0,0.0,NA,NA,NA,NA,NA,NA,NA,NA,NA,NA,NA,NA,NA,NA,NA,NA,NA,NA,NA,NA,NA,NA,NA,NA,NA,NA,NA,NA,NA,NA,NA,NA,NA,NA,NA,
000717,patches,2392,0.0598,0.8849887976101568,0.9386551317341723,0.938985736925515,0.9683569979716025,0.05366633412401545,0.4635645302897278,0.6859169199594731,0.2223523896697453,0.8387511135972818,0.9902439024390245,0.15149278884174266,0.8369304556354916,0.8405797101449275,1.0,0.9806763285024155,0.6875637104994903,0.8269762299613046,0.13941251946181432,0.9939246658566221,0.9939246658566221,0.0,1.0,0.9879227053140096,1.0,0.9879227053140096,0.7794964028776978,0.8808073115003808,0.101310908622683,0.9963636363636363,0.9963636363636363,0.0,1.0,0.9927536231884058,1.0,0.9927536231884058,
000718,crazing,6668,0.1667,0.745187561697927,0.7081321945785369,0.8539913738245068,0.8291304347826087,-0.03705536711939006,0.32184394163670965,0.2748466257668712,-0.04699731586983846,0.7125499050495685,0.6545421882527783,-0.058007716796790176,0.6536144578313253,0.7831669044222539,0.6012084592145015,0.7182596291012838,0.5167482122694769,0.47859158385474176,-0.038156628414735105,0.8262611597770441,0.8084361084959335,-0.01782505128111056,0.7536144578313253,0.9144079885877318,0.7365558912386707,0.8958630527817404,0.6245074483421432,0.5929270127915726,-0.03158043555057066,0.8547153628544305,0.8459253042977197,-0.008790058556710778,0.7777108433734939,0.948644793152639,0.775226586102719,0.9308131241084165,17.169206262121314
000718,inclusion,0,0.0,NA,NA,NA,NA,NA,NA,NA,NA,NA,NA,NA,NA,NA,NA,NA,NA,NA,NA,NA,NA,NA,NA,NA,NA,NA,NA,NA,NA,NA,NA,NA,NA,NA,NA,NA,
000718,patches,2455,0.061375,0.8132552178689125,0.8165680473372781,0.8970113085621971,0.8990228013029316,0.00331282946836553,0.3197810789679437,0.3474779823859087,0.02769690341796499,0.843677315032053,0.8287549844926894,-0.014922330539363649,0.8441247002398081,0.8432304038004751,0.8309178743961353,0.8266033254156769,0.569821930646673,0.5927515498330949,0.02292961918642189,0.9570460132010452,0.9616895610541858,0.004643547853140584,0.9592326139088729,0.9548693586698337,0.9637681159420289,0.9596199524940617,0.6855791962174941,0.7054794520547946,0.019900255837300485,0.9689730174592911,0.9772318964808661,0.00825887902157496,0.9688249400479616,0.9691211401425178,0.9758454106280193,0.9786223277909739,
000719,crazing,2021,0.050525,0.595467032967033,0.622839969947408,0.7464485578992682,0.7675925925925926,0.027372936980375018,0.21558120362737015,0.25660546350201524,0.041024259874645086,0.5129644889902454,0.6119534133209784,0.09898892433073303,0.4409937888198758,0.6130081300813008,0.5421195652173914,0.7024390243902439,0.4132066033016508,0.46518640350877194,0.05197980020712112,0.733892760631489,0.769929911631423,0.03603715099993399,0.6521739130434783,0.8390243902439024,0.7078804347826086,0.8439024390243902,0.5435819187488079,0.6079091291543963,0.06432721040558842,0.8736656971614938,0.9045384553634631,0.03087275820196933,0.7776397515527951,0.9967479674796748,0.8505434782608695,0.9658536585365853,13.68018463897897
000719,inclusion,0,0.0,NA,NA,NA,NA,NA,NA,NA,NA,NA,NA,NA,NA,NA,NA,NA,NA,NA,NA,NA,NA,NA,NA,NA,NA,NA,NA,NA,NA,NA,NA,NA,NA,NA,NA,NA,
000719,patches,2380,0.0595,0.8123278236914601,0.8595853037468171,0.8964468934068022,0.9244913928012519,0.047257480055357015,0.2673559822747415,0.37325676784249384,0.10590078556775234,0.5416266971196549,0.6718901856900807,0.1302634885704258,0.5406032482598608,0.542654028436019,0.6804878048780488,0.6635071090047393,0.5204127411395244,0.6217540421362078,0.10134130099668337,0.8932868105427044,0.9855769230769231,0.0922901125342187,0.8816705336426914,0.9052132701421801,1.0,0.9715639810426541,0.654312889471958,0.7301086575534526,0.07579576808149457,0.9952380952380951,0.9904306220095694,-0.004807473228525705,1.0,0.990521327014218,1.0,0.981042654028436,
000720,crazing,932,0.0233,0.4932762836185819,0.5320388349514563,0.6606631191158412,0.6945500633713562,0.03876255133287443,0.21345565749235473,0.2674791533033996,0.054023495811044875,0.501404348278373,0.6066474893907892,0.10524314111241617,0.43478260869565216,0.5921375921375921,0.515426497277677,0.7371007371007371,0.4137291280148423,0.4747866563227308,0.06105752830788852,0.7499199173489323,0.8076141173932971,0.057694200044364874,0.6431159420289855,0.8992628992628993,0.7005444646098004,0.9533169533169533,0.5406421752964998,0.5849282296650717,0.044286054368571914,0.8321167883211678,0.8543928961902544,0.022276107869086625,0.7228260869565217,0.9803439803439803,0.7513611615245009,0.9901719901719902,13.331728265336514
000720,inclusion,0,0.0,NA,NA,NA,NA,NA,NA,NA,NA,NA,NA,NA,NA,NA,NA,NA,NA,NA,NA,NA,NA,NA,NA,NA,NA,NA,NA,NA,NA,NA,NA,NA,NA,NA,NA,NA,
000720,patches,2394,0.05985,0.9082254379284083,0.9195357833655706,0.951905807224107,0.9580814187827489,0.011310345437162361,0.5534883720930233,0.6047846889952153,0.05129631690219205,0.926755841401252,0.9760531006661038,0.049297259264851845,0.9325301204819277,0.9210526315789473,0.9808612440191388,0.9712918660287081,0.7436974789915967,0.7778964228510411,0.03419894385944444,0.9915560916767189,0.9927710843373494,0.0012149926606305206,1.0,0.9832535885167464,1.0,0.9856459330143541,0.8206162876008805,0.8455827765404603,0.024966488939579867,0.9939831528279182,0.9951923076923077,0.00120915486438955,1.0,0.9880382775119617,1.0,0.9904306220095693,
000721,crazing,2849,0.071225,0.466955153422502,0.5749411456970965,0.6366318047733976,0.730111277196479,0.10798599227459454,0.20964125560538116,0.22758070944599443,0.017939453840613268,0.47773803383965263,0.5404379824447529,0.06269994860510031,0.3797338792221085,0.6439267886855241,0.44745762711864406,0.6821963394342762,0.34941050375133975,0.37523062730627305,0.025820123554933294,0.6289836693430303,0.6538119015255326,0.024828232182502297,0.5056294779938587,0.831946755407654,0.5435028248587571,0.8202995008319468,0.42214912280701755,0.44667566655416807,0.02452654374715052,0.6915319464891803,0.6972521947809339,0.00572024829175366,0.5588536335721597,0.9068219633943427,0.5751412429378531,0.8851913477537438,11.259737020982229
000721,inclusion,0,0.0,NA,NA,NA,NA,NA,NA,NA,NA,NA,NA,NA,NA,NA,NA,NA,NA,NA,NA,NA,NA,NA,NA,NA,NA,NA,NA,NA,NA,NA,NA,NA,NA,NA,NA,NA,
000721,patches,2488,0.0622,0.9473884864658788,0.947227533460803,0.9729835552075177,0.9728986645718775,-0.00016095300507579235,0.7186858316221766,0.7186858316221766,0.0,0.9820330526241816,0.9819927971188476,-4.025550533404143e-05,0.9975609756097561,0.9669811320754716,1.0,0.964622641509434,0.841842397336293,0.8408208541320022,-0.001021543204290709,0.986857825567503,0.986857825567503,0.0,1.0,0.9740566037735849,1.0,0.9740566037735849,0.8884234577303884,0.8873668188736682,-0.001056638856720249,0.9904761904761905,0.9904761904761905,0.0,1.0,0.9811320754716981,1.0,0.9811320754716981,
000722,crazing,198,0.00495,0.25559105431309903,0.08275862068965517,0.4071246819338422,0.15286624203821655,-0.17283243362344386,0.25735294117647056,0.08700834326579261,-0.17034459791067796,0.5890854347007903,0.22225110475695345,-0.3668343299438369,0.6232876712328768,0.5584415584415584,0.1355421686746988,0.6168831168831169,0.39767441860465114,0.12563729060451567,-0.27203712800013546,0.765029537819993,0.2831817884477007,-0.48184774937229236,0.815068493150685,0.7207792207792207,0.17620481927710843,0.7207792207792207,0.4106239460370995,0.13250067879446104,-0.27812326724263847,0.7855096882898062,0.29663793103448277,-0.4888717572553234,0.863013698630137,0.7207792207792207,0.18674698795180722,0.7207792207792207,10.944303439588003
000722,inclusion,0,0.0,NA,NA,NA,NA,NA,NA,NA,NA,NA,NA,NA,NA,NA,NA,NA,NA,NA,NA,NA,NA,NA,NA,NA,NA,NA,NA,NA,NA,NA,NA,NA,NA,NA,NA,NA,
000722,patches,2238,0.05595,0.728735632183908,0.5758343895226025,0.8430851063829787,0.7308310991957104,-0.15290124266130556,0.11339522546419098,0.1672979797979798,0.05390275433378883,0.3871927846674183,0.4628151964480187,0.07562241178060042,0.38498789346246975,0.3894230769230769,0.46169354838709675,0.4639423076923077,0.40581542351453853,0.34382107657316147,-0.061994346941377065,0.9552868931107272,0.6157937806873977,-0.3394931124233296,0.9661016949152542,0.9447115384615384,0.6068548387096774,0.625,0.55119825708061,0.489010989010989,-0.06218726806962099,0.968532750094636,0.8274456521739132,-0.14108709792072283,0.9806295399515739,0.9567307692307693,0.8185483870967742,0.8365384615384616,
000723,crazing,3366,0.08415,0.385427394438723,0.15583048170571204,0.5564021557331351,0.269642450466864,-0.22959691273301094,0.1301348385073691,0.0682800345721694,-0.061854803935199695,0.3531981080661779,0.19516334323292317,-0.15803476483325474,0.3793548387096774,0.3304157549234136,0.43478260869565216,0.12582056892778992,0.29035303001699075,0.13635274382937934,-0.1540002861876114,0.5543273598359699,0.311925038309845,-0.2424023215261249,0.5896774193548387,0.5229759299781181,0.6561264822134387,0.20459518599562362,0.44388286011595063,0.19233437391605965,-0.251548486199891,0.7443053744995517,0.3878858565878338,-0.3564195179117179,0.7767741935483871,0.7144420131291028,0.8458498023715415,0.25164113785557984,15.753938288514917
000723,inclusion,0,0.0,NA,NA,NA,NA,NA,NA,NA,NA,NA,NA,NA,NA,NA,NA,NA,NA,NA,NA,NA,NA,NA,NA,NA,NA,NA,NA,NA,NA,NA,NA,NA,NA,NA,NA,NA,
000723,patches,0,0.0,NA,NA,NA,NA,NA,NA,NA,NA,NA,NA,NA,NA,NA,NA,NA,NA,NA,NA,NA,NA,NA,NA,NA,NA,NA,NA,NA,NA,NA,NA,NA,NA,NA,NA,NA,
000724,crazing,1984,0.0496,0.6165084002921841,0.5788202828561573,0.762765476728423,0.7332313742626174,-0.03768811743602685,0.2465324384787472,0.19500223114680945,-0.05153020733193775,0.5855990439199283,0.478276383702639,-0.10732266021728937,0.6302250803858521,0.546875,0.5316239316239316,0.4346590909090909,0.4540106951871658,0.37480397281756406,-0.07920672236960175,0.8089051086668807,0.709349817860691,-0.09955529080618974,0.8520900321543409,0.7698863636363636,0.7777777777777778,0.6519886363636364,0.5807422266800402,0.4996066089693155,-0.08113561771072464,0.8838032164557093,0.8075886242048071,-0.0762145922509021,0.9244372990353698,0.8465909090909091,0.8991452991452992,0.7329545454545454,15.805266578356193
000724,inclusion,0,0.0,NA,NA,NA,NA,NA,NA,NA,NA,NA,NA,NA,NA,NA,NA,NA,NA,NA,NA,NA,NA,NA,NA,NA,NA,NA,NA,NA,NA,NA,NA,NA,NA,NA,NA,NA,
000724,patches,0,0.0,NA,NA,NA,NA,NA,NA,NA,NA,NA,NA,NA,NA,NA,NA,NA,NA,NA,NA,NA,NA,NA,NA,NA,NA,NA,NA,NA,NA,NA,NA,NA,NA,NA,NA,NA,
000725,crazing,1099,0.027475,0.6326053042121685,0.61198738170347,0.774964166268514,0.7592954990215264,-0.02061792250869854,0.41222366710013003,0.38010204081632654,-0.032121626283803495,0.8090204369274137,0.7906533852475637,-0.018367051679849977,0.875,0.7522935779816514,0.8619153674832962,0.7302752293577982,0.6166930379746836,0.6080283353010626,-0.008664702673620961,0.9131756408767251,0.921304165470961,0.008128524594235853,0.9846491228070176,0.8513761467889909,0.9888641425389755,0.8623853211009175,0.6951541850220264,0.6899794299147811,-0.005174755107245299,0.9396887159533075,0.9397676535610561,7.893760774857483e-05,1.0,0.8862385321100917,0.9955456570155902,0.8899082568807339,16.439842634334255
000725,inclusion,0,0.0,NA,NA,NA,NA,NA,NA,NA,NA,NA,NA,NA,NA,NA,NA,NA,NA,NA,NA,NA,NA,NA,NA,NA,NA,NA,NA,NA,NA,NA,NA,NA,NA,NA,NA,NA,
000725,patches,2973,0.074325,0.9162495829162496,0.8882215548882215,0.9562946195368275,0.9408022618837251,-0.028028028028028062,0.5573159366262814,0.4418402777777778,-0.11547565884850364,0.9639884227144427,0.9384268153923636,-0.025561607322079127,0.9662650602409638,0.9617224880382775,0.9439024390243902,0.9330143540669856,0.7473794549266247,0.6713709677419355,-0.07600848718468922,0.9927710843373494,0.9927710843373494,0.0,1.0,0.9856459330143541,1.0,0.9856459330143541,0.8246515040352165,0.7682142857142857,-0.05643721832093074,0.9951923076923077,0.9951923076923077,0.0,1.0,0.9904306220095693,1.0,0.9904306220095693,
000726,crazing,2512,0.0628,0.465778764335923,0.4687732342007435,0.6355376072690561,0.6383194128068843,0.0029944698648204926,0.264917695473251,0.27070393374741203,0.005786238274161026,0.5912356443193857,0.5933065697416308,0.0020709254222450735,0.8533007334963325,0.452319587628866,0.8619854721549637,0.452319587628866,0.399767576990122,0.39551804423748543,-0.0042495327526365645,0.6953113009138462,0.6826380036593737,-0.012673297254472526,0.980440097799511,0.538659793814433,0.9685230024213075,0.5270618556701031,0.47724867724867726,0.4677556215528214,-0.009493055695855845,0.7251350058103767,0.708209421971149,-0.01692558383922771,0.9975550122249389,0.5695876288659794,0.9975786924939467,0.5489690721649485,15.48288555867187
000726,inclusion,0,0.0,NA,NA,NA,NA,NA,NA,NA,NA,NA,NA,NA,NA,NA,NA,NA,NA,NA,NA,NA,NA,NA,NA,NA,NA,NA,NA,NA,NA,NA,NA,NA,NA,NA,NA,NA,
000726,patches,2772,0.0693,0.8801611278952669,0.8829219479653102,0.93626138189609,0.937821080602303,0.0027608200700433017,0.4096989966555184,0.4161752316764954,0.006476235020976995,0.9391817288058685,0.9533306118528478,0.014148883046979366,0.9518072289156626,0.9268867924528302,0.9684466019417476,0.9386792452830188,0.6454320987654321,0.654228855721393,0.008796756955960938,0.9819927971188476,0.9844311377245509,0.0024383406057033596,1.0,0.964622641509434,1.0,0.9693396226415094,0.7464838255977496,0.7546902654867257,0.00820643988897607,0.986857825567503,0.9892729439809297,0.0024151184134266757,1.0,0.9740566037735849,1.0,0.9787735849056604,
000727,crazing,3296,0.0824,0.7247681396617567,0.7016264722378015,0.8404238494385576,0.8246539222148979,-0.02314166742395518,0.3162258191867351,0.31343283582089554,-0.002792983365839552,0.7390499691548426,0.7135535810364537,-0.025496388118388835,0.7840314136125655,0.6989498249708285,0.7962154294032023,0.646441073512252,0.5576136636997835,0.528727092620109,-0.028886571079674517,0.9187354239426091,0.8818493934538796,-0.036886030488729515,0.9712041884816754,0.8716452742123687,0.9781659388646288,0.8028004667444574,0.6928377153218495,0.638266617701065,-0.05457109762078449,0.9448194239755426,0.8979863195202,-0.04683310445534261,0.9947643979057592,0.8996499416569428,0.9970887918486172,0.8168028004667445,14.92750483119791
000727,inclusion,0,0.0,NA,NA,NA,NA,NA,NA,NA,NA,NA,NA,NA,NA,NA,NA,NA,NA,NA,NA,NA,NA,NA,NA,NA,NA,NA,NA,NA,NA,NA,NA,NA,NA,NA,NA,NA,
000727,patches,1987,0.049675,0.7281126264848218,0.7658921525646646,0.8426680244399185,0.8674280039721947,0.03777952607984281,0.24238128986534374,0.28345323741007195,0.041071947544728205,0.6433371767418876,0.6341490740888939,-0.009188102652993746,0.7486486486486487,0.564,0.7242268041237113,0.564,0.5022956841138659,0.5359778597785978,0.03368217566473186,0.8441977800201816,0.8863209298009558,0.04212314978077414,0.9621621621621622,0.752,0.9355670103092784,0.842,0.6637042303590472,0.6984692061231755,0.03476497576412829,0.9210118438368183,0.9223680536163082,0.0013562097794899142,0.9783783783783784,0.87,0.9458762886597938,0.9,
000728,crazing,1943,0.048575,0.700282371924163,0.6357440363498674,0.8237247924080664,0.7773148148148148,-0.06453833557429556,0.25575757575757574,0.21177062374245473,-0.04398695201512101,0.618958369186001,0.5207752763252654,-0.09818309286073557,0.5916824196597353,0.648870636550308,0.4426229508196721,0.6324435318275154,0.501123595505618,0.4302038295243978,-0.07091976598122024,0.8537100289293855,0.7917834082812922,-0.06192662064809329,0.8374291115311909,0.8706365503080082,0.6915052160953801,0.9260780287474333,0.6479196556671449,0.5377643504531722,-0.11015530521397277,0.9487265511527525,0.8471175184025045,-0.10160903275024802,0.9508506616257089,0.946611909650924,0.7511177347242921,0.971252566735113,11.048226290622903
000728,inclusion,0,0.0,NA,NA,NA,NA,NA,NA,NA,NA,NA,NA,NA,NA,NA,NA,NA,NA,NA,NA,NA,NA,NA,NA,NA,NA,NA,NA,NA,NA,NA,NA,NA,NA,NA,NA,NA,
000728,patches,2161,0.054025,0.6469588854909956,0.6580855692530819,0.7856406024344955,0.793789634813033,0.011126683762086365,0.10592069527430745,0.19249592169657423,0.08657522642226678,0.2760899270549365,0.5106160985950745,0.234526171540138,0.34549878345498786,0.22990353697749197,0.5529865125240848,0.4742765273311897,0.2946029563423857,0.4176285414480588,0.12302558510567307,0.6315334235806049,0.8219808999164654,0.19044747633586045,0.7980535279805353,0.522508038585209,0.8554913294797688,0.7909967845659164,0.4357123763699546,0.598835597449404,0.16312322107944938,0.6709375641267101,0.9124343703371748,0.24149680621046465,0.8272506082725061,0.5643086816720257,0.9132947976878613,0.9115755627009646,
000729,crazing,1863,0.046575,0.7319544111439426,0.753004005340454,0.8452351937606629,0.8591012947448591,0.021049594196511423,0.37702871410736577,0.42197659297789336,0.04494787887052759,0.7753342394716495,0.7887526685505231,0.013418429078873584,0.7531531531531531,0.7988614800759013,0.7753222836095764,0.8026565464895635,0.6033626289644631,0.6405819897758553,0.03721936081139221,0.9149722735674677,0.9242486378815397,0.009276364314071972,0.8918918918918919,0.9392789373814042,0.9079189686924494,0.9411764705882353,0.7158294392523364,0.7421271538918598,0.02629771463952335,0.9390460456890843,0.9531006075886281,0.014054561899543794,0.9171171171171171,0.9620493358633776,0.9318600368324125,0.9753320683111955,12.209677356453156
000729,inclusion,0,0.0,NA,NA,NA,NA,NA,NA,NA,NA,NA,NA,NA,NA,NA,NA,NA,NA,NA,NA,NA,NA,NA,NA,NA,NA,NA,NA,NA,NA,NA,NA,NA,NA,NA,NA,NA,
000729,patches,2161,0.054025,0.7549162418062637,0.7357167893445496,0.860344469807014,0.8477382875605816,-0.01919945246171406,0.3661807580174927,0.35294117647058826,-0.013239581546904466,0.6771783429263927,0.6335941822055006,-0.04358416072089211,0.8322440087145969,0.5708215297450425,0.8043010752688172,0.5226628895184136,0.5637755102040817,0.51541695865452,-0.0483585515495617,0.7695577653592246,0.7402477543778692,-0.02931001098135544,0.9368191721132898,0.6529745042492918,0.9053763440860215,0.6260623229461756,0.6591294516676088,0.6234652114597544,-0.035664240207854414,0.7929164092320172,0.7769262319985417,-0.01599017723347551,0.9455337690631809,0.6827195467422096,0.9440860215053763,0.660056657223796,
000730,crazing,2469,0.061725,0.7204156889037882,0.7538623595505618,0.8374902572096649,0.8596596596596596,0.033446670646773646,0.239386189258312,0.31054897739504844,0.07116278813673643,0.5995037931199008,0.6564171354392039,0.05691334231930312,0.6140350877192983,0.5856443719412724,0.6724738675958188,0.6411092985318108,0.47607131685955584,0.5427920598763424,0.06672074301678654,0.847279063171117,0.8846351358290967,0.03735607265797969,0.8631578947368421,0.831973898858075,0.9128919860627178,0.8580750407830342,0.6308950914340712,0.6726778656126482,0.04178277417857701,0.9334174779886159,0.9419689353460295,0.008551457357413694,0.9614035087719298,0.9070146818923328,0.9703832752613241,0.9151712887438825,12.336726296504446
000730,inclusion,0,0.0,NA,NA,NA,NA,NA,NA,NA,NA,NA,NA,NA,NA,NA,NA,NA,NA,NA,NA,NA,NA,NA,NA,NA,NA,NA,NA,NA,NA,NA,NA,NA,NA,NA,NA,NA,
000730,patches,4296,0.1074,0.7547236447112837,0.7760014700477765,0.8602193821072759,0.8738748060010346,0.021277825336492806,0.20308310991957104,0.24184149184149184,0.0387583819219208,0.5767068063510288,0.6113364762635677,0.03462966991253891,0.5771812080536913,0.5762331838565022,0.5230769230769231,0.7354260089686099,0.3310810810810811,0.3814123917388408,0.0503313106577597,0.6337919490972116,0.682036227543428,0.04824427844621637,0.6375838926174496,0.6300448430493274,0.5953846153846154,0.7982062780269058,0.4023447908339995,0.458343337334934,0.0559985465009345,0.6763717805151175,0.7352458563026604,0.05887407578754289,0.6756152125279642,0.6771300448430493,0.6492307692307693,0.8475336322869955,
000731,crazing,1653,0.041325,0.7452415812591509,0.7450782433114589,0.8540268456375839,0.8539195834538618,-0.00016333794769196608,0.3188405797101449,0.32494608195542773,0.0061055022452828345,0.7374039694909178,0.7347029924073247,-0.00270097708359307,0.7670588235294118,0.70995670995671,0.7563218390804598,0.7142857142857143,0.5509666080843585,0.5713656387665198,0.020399030682161312,0.9119095324748431,0.9330754805438349,0.021165948068991858,0.9552941176470588,0.8722943722943723,0.9632183908045977,0.9047619047619048,0.6768272697476237,0.6937704918032787,0.016943222055654905,0.9393219852548985,0.971103652557712,0.03178166730281351,0.9741176470588235,0.9069264069264069,0.9977011494252873,0.9458874458874459,11.363328159489809
000731,inclusion,0,0.0,NA,NA,NA,NA,NA,NA,NA,NA,NA,NA,NA,NA,NA,NA,NA,NA,NA,NA,NA,NA,NA,NA,NA,NA,NA,NA,NA,NA,NA,NA,NA,NA,NA,NA,NA,
000731,patches,1736,0.0434,0.518005540166205,0.49884845693228924,0.6824817518248175,0.6656422864167179,-0.019157083233915795,0.3909935668334525,0.3717069649945868,-0.019286601838865713,0.8266694430543846,0.7937069939669124,-0.032962449087472256,0.9064327485380117,0.7598086124401914,0.8848039215686274,0.7196172248803828,0.7473404255319149,0.7272241517499332,-0.020116273781981775,0.9533631997937279,0.9360539930145224,-0.017309206779205444,0.9941520467836257,0.9157894736842105,0.9779411764705882,0.8976076555023923,0.8356290174471993,0.825224809776343,-0.010404207670856258,0.9942252165543792,0.976346229476699,-0.01787898707768021,1.0,0.9885167464114832,0.991421568627451,0.9617224880382775,
000732,crazing,963,0.024075,0.668429003021148,0.6526717557251909,0.8012675418741512,0.789838337182448,-0.015757247295957177,0.2854077253218884,0.26091586794462196,-0.024491857377266446,0.6136340991969392,0.5848907494820479,-0.028743349714891342,0.6134751773049646,0.6137931034482759,0.5905797101449275,0.5793103448275863,0.49104859335038364,0.4725765306122449,-0.018472062738138728,0.7972363658671248,0.8038977993286087,0.0066614334614839565,0.8049645390070922,0.7896551724137931,0.8043478260869565,0.803448275862069,0.6220281416787967,0.601063829787234,-0.02096431189156267,0.9263917852334821,0.9219512195121952,-0.0044405657212869265,0.9184397163120568,0.9344827586206896,0.9130434782608695,0.9310344827586207,9.345119394108082
000732,inclusion,0,0.0,NA,NA,NA,NA,NA,NA,NA,NA,NA,NA,NA,NA,NA,NA,NA,NA,NA,NA,NA,NA,NA,NA,NA,NA,NA,NA,NA,NA,NA,NA,NA,NA,NA,NA,NA,
000732,patches,1826,0.04565,0.44371674171101105,0.4467479674796748,0.6146867025800964,0.6175892104523742,0.00303122576866377,0.33443489755452743,0.3286944996686547,-0.005740397885872717,0.7412829632866779,0.7578635948504309,0.016580631563753,0.8287671232876712,0.6705048715677591,0.8445229681978799,0.687333923826395,0.7026348808030113,0.7114415322580645,0.008806651455053216,0.9555574683720774,0.957750278327241,0.002192809955163577,0.9988584474885844,0.9158547387068202,0.9952885747938751,0.9229406554472985,0.8165238409140848,0.8346230378067654,0.01809919689268058,0.9928635147190009,0.9933125278644672,0.0004490131454663038,1.0,0.9858281665190434,1.0,0.9867139061116031,
000733,crazing,866,0.02165,0.6549957301451751,0.6601941747572816,0.7915376676986584,0.7953216374269005,0.005198444612106501,0.37050043898156276,0.36947791164658633,-0.0010225273349764308,0.7836669624175022,0.7360764617987215,-0.04759050061878067,0.7581521739130435,0.810958904109589,0.8315412186379928,0.6602739726027397,0.5675094136632598,0.5395770392749245,-0.02793237438833529,0.8858156177205095,0.833211944646759,-0.05260367307375058,0.8559782608695652,0.9178082191780822,0.931899641577061,0.7534246575342466,0.6532643312101911,0.6231043710972346,-0.03015996011295652,0.9219821003300277,0.8795461351612153,-0.04243596516881243,0.8831521739130435,0.9643835616438357,0.956989247311828,0.8136986301369863,12.403204905058173
000733,inclusion,0,0.0,NA,NA,NA,NA,NA,NA,NA,NA,NA,NA,NA,NA,NA,NA,NA,NA,NA,NA,NA,NA,NA,NA,NA,NA,NA,NA,NA,NA,NA,NA,NA,NA,NA,NA,NA,
000733,patches,1293,0.032325,0.5338874680306905,0.4799081515499426,0.6961233847436432,0.6485647788983708,-0.05397931648074794,0.4105263157894737,0.32628398791540786,-0.08424232787406583,0.862506264902875,0.8179068168356938,-0.04459944806718119,0.8763888888888889,0.8490566037735849,0.8085399449035813,0.8274932614555256,0.7060285891858297,0.6587466587466587,-0.04728193043917095,0.9480944956482267,0.9567503079564303,0.00865581230820367,0.9305555555555556,0.9663072776280324,0.9435261707988981,0.9703504043126685,0.8056127703398558,0.7771698582442178,-0.028442912095637984,0.961717079548395,0.9737642614539536,0.012047181905558535,0.9430555555555555,0.9811320754716981,0.9600550964187328,0.9878706199460916,
000734,crazing,1139,0.028475,0.7823022709475332,0.7178329571106095,0.8778558875219684,0.835742444152431,-0.06446931383692378,0.5231187669990934,0.43611584327086883,-0.0870029237282246,0.874457648832485,0.866366323889274,-0.008091324943210965,0.8857868020304569,0.8634146341463415,0.8768844221105527,0.8560975609756097,0.7030752916224814,0.6402841197361745,-0.0627911718863069,0.9528304338222875,0.9282479834184852,-0.024582450403802247,0.9619289340101523,0.9439024390243902,0.9396984924623115,0.9170731707317074,0.7782086079875921,0.7299736743136518,-0.04823493367394027,0.9776811153743874,0.9604410188351794,-0.017240096539207994,0.9822335025380711,0.973170731707317,0.964824120603015,0.9560975609756097,12.148481444392175
000734,inclusion,0,0.0,NA,NA,NA,NA,NA,NA,NA,NA,NA,NA,NA,NA,NA,NA,NA,NA,NA,NA,NA,NA,NA,NA,NA,NA,NA,NA,NA,NA,NA,NA,NA,NA,NA,NA,NA,
000734,patches,771,0.019275,0.6127703398558187,0.6176470588235294,0.7598978288633461,0.7636363636363637,0.0048767189677106915,0.41118421052631576,0.4300083822296731,0.018824171703357317,0.9507039396275409,0.9441332269716498,-0.006570712655891042,0.9508196721311475,0.9505882352941176,0.9568345323741008,0.9317647058823529,0.772801747678864,0.775206611570248,0.002404863891383946,1.0,0.9988221436984689,-0.0011778563015311105,1.0,1.0,1.0,0.9976470588235294,0.8325952170062002,0.8359340169415961,0.0033387999353958753,1.0,1.0,0.0,1.0,1.0,1.0,1.0,
000735,crazing,1569,0.039225,0.6400990099009901,0.6400617919670443,0.7805614246906127,0.7805337519623234,-3.7217933945843384e-05,0.2511690046760187,0.2818371607515658,0.03066815607554707,0.6209378606572314,0.6230133851603398,0.002075524503108328,0.5685483870967742,0.6839622641509434,0.5770833333333333,0.6768867924528302,0.46407065435568046,0.47781429745275267,0.013743643097072211,0.8359532264266167,0.8038230355535007,-0.03213019087311608,0.7762096774193549,0.9056603773584906,0.7520833333333333,0.8632075471698113,0.5835336538461539,0.5952746241178275,0.011740970271673645,0.8682108973801027,0.8827258846179381,0.014514987237835397,0.8024193548387096,0.9457547169811321,0.81875,0.9575471698113207,10.704204185880771
000735,inclusion,0,0.0,NA,NA,NA,NA,NA,NA,NA,NA,NA,NA,NA,NA,NA,NA,NA,NA,NA,NA,NA,NA,NA,NA,NA,NA,NA,NA,NA,NA,NA,NA,NA,NA,NA,NA,NA,
000735,patches,3166,0.07915,0.8177113283496262,0.828102082722206,0.8997152799746916,0.9059691912708601,0.010390754372579747,0.23311897106109325,0.27413127413127414,0.04101230307018089,0.5283044575232414,0.5377370515671251,0.009432594043883746,0.7814726840855107,0.39903264812575573,0.7813953488372093,0.40991535671100365,0.41220142027114265,0.4411282387668088,0.02892681849566614,0.6762128235944983,0.6827477713686417,0.006534947774143429,0.9928741092636579,0.5126964933494559,0.9767441860465116,0.524788391777509,0.5548558973116977,0.5861984282907662,0.03134253097906847,0.6898526265031193,0.7066438753084305,0.016791248805311243,0.997624703087886,0.5272067714631197,0.9953488372093023,0.5477629987908101,
000736,crazing,3083,0.077075,0.41720829464562054,0.4045084533500313,0.5887748416684866,0.5760142666072224,-0.01269984129558921,0.2748839608045384,0.2776628748707342,0.0027789140661957923,0.6104766158361513,0.6227921891300461,0.012315573293894766,0.8666666666666667,0.471190781049936,0.8774038461538461,0.4827144686299616,0.39416475972540044,0.3949026345933562,0.00073787486795579,0.6897035600694748,0.6850877174926567,-0.004615842576818019,0.9738095238095238,0.5339308578745199,0.9639423076923077,0.5313700384122919,0.4468128298822574,0.4443543482667748,-0.0024584816154826217,0.7071317476199438,0.7077171368535429,0.0005853892335990762,0.9880952380952381,0.5505761843790012,0.9903846153846154,0.5505761843790012,14.065794609919248
000736,inclusion,0,0.0,NA,NA,NA,NA,NA,NA,NA,NA,NA,NA,NA,NA,NA,NA,NA,NA,NA,NA,NA,NA,NA,NA,NA,NA,NA,NA,NA,NA,NA,NA,NA,NA,NA,NA,NA,
000736,patches,2994,0.07485,0.8137254901960784,0.7843312481382186,0.8972972972972973,0.8791318864774624,-0.029394242057859787,0.49363369245837413,0.42884895580378823,-0.0647847366545859,0.8854281685517323,0.7968853073948079,-0.08854286115692445,0.9504814305364512,0.8287092882991556,0.8793103448275862,0.7285886610373945,0.6651501364877161,0.6145739235170129,-0.05057621297070325,0.9346842266289151,0.9200538529380373,-0.01463037369087783,0.9958734525447043,0.8805790108564535,0.9971264367816092,0.8540410132689988,0.7610936799641417,0.7328227078170759,-0.028270972147065754,0.9432759719566602,0.9330759330759332,-0.01020003888072707,1.0,0.8926417370325693,1.0,0.8745476477683957,
000737,crazing,315,0.007875,0.7153284671532847,0.7061728395061728,0.8340425531914893,0.8277858176555717,-0.009155627647111864,0.44886363636363635,0.4190751445086705,-0.02978849185496585,0.7916666666666666,0.7748113755078352,-0.016855291158831442,0.753968253968254,0.8333333333333334,0.7606837606837606,0.7894736842105263,0.6582064297800339,0.601018675721562,-0.057187754058471874,0.8997214484679665,0.891663513683945,-0.008057934784021503,0.9047619047619048,0.8947368421052632,0.8974358974358975,0.8859649122807017,0.7701863354037267,0.7182044887780549,-0.051981846625671846,0.9876647635158948,0.9653619136377757,-0.022302849878119146,0.9841269841269841,0.9912280701754386,0.9658119658119658,0.9649122807017544,6.423172335936726
000737,inclusion,0,0.0,NA,NA,NA,NA,NA,NA,NA,NA,NA,NA,NA,NA,NA,NA,NA,NA,NA,NA,NA,NA,NA,NA,NA,NA,NA,NA,NA,NA,NA,NA,NA,NA,NA,NA,NA,
000737,patches,3332,0.0833,0.8035914702581369,0.7899325084364455,0.8911014312383323,0.8826394344069128,-0.013658961821691462,0.4891611687087653,0.4892623716153128,0.00010120290654747066,0.8556760480039237,0.819088028076792,-0.036588019927131676,0.844047619047619,0.8676293622141997,0.8014268727705113,0.8375451263537906,0.6933962264150944,0.7064676616915423,0.01307143527644794,0.9690995215848278,0.9775527895331697,0.008453267948341892,0.9476190476190476,0.9915764139590855,0.9571938168846611,0.9987966305655837,0.7844584328196224,0.8039087947882736,0.019450361968651242,0.99880810488677,0.9982132221560454,-0.0005948827307246107,0.9976190476190476,1.0,0.9964328180737217,1.0,
000738,crazing,625,0.015625,0.6434378629500581,0.5724137931034483,0.7830388692579505,0.7280701754385965,-0.0710240698466098,0.38328530259365995,0.3111111111111111,-0.07217419148254883,0.7511686719288834,0.6738693815361174,-0.07729929039276595,0.6869918699186992,0.8285714285714286,0.6862745098039216,0.6619047619047619,0.5627090301003345,0.472914875322442,-0.08979415477789249,0.8500948766603416,0.7801507537688442,-0.06994412289149732,0.7804878048780488,0.9333333333333333,0.7941176470588235,0.7666666666666667,0.6730178242163491,0.5979381443298969,-0.07507967988645226,0.909521093436424,0.8499917668368188,-0.05952932659960519,0.8373983739837398,0.9952380952380953,0.8725490196078431,0.8285714285714286,8.4
000738,inclusion,0,0.0,NA,NA,NA,NA,NA,NA,NA,NA,NA,NA,NA,NA,NA,NA,NA,NA,NA,NA,NA,NA,NA,NA,NA,NA,NA,NA,NA,NA,NA,NA,NA,NA,NA,NA,NA,
000738,patches,3192,0.0798,0.6655181553140737,0.649755832881172,0.7991725015913431,0.7876993915474428,-0.015762322432901654,0.37582265327329406,0.3785445848992142,0.00272193162592016,0.7346184272559951,0.7044047047124394,-0.0302137225435557,0.85995085995086,0.6411716842961758,0.8139810426540285,0.6208299430431244,0.6311953352769679,0.6689091782796732,0.037713843002705305,0.9513651877133107,0.985555096987206,0.034189909273895314,1.0,0.9072416598860863,1.0,0.9715215622457283,0.7717303005686433,0.8069257096839139,0.035195409115270526,0.9893092105263158,1.0,0.010690789473684181,1.0,0.9788445890968267,1.0,1.0,
000739,crazing,526,0.01315,0.5198079231692677,0.542566709021601,0.684044233807267,0.7034596375617792,0.022758785852333263,0.29441624365482233,0.3263598326359833,0.03194358898116095,0.6522339140934965,0.6588308339729052,0.006596919879408691,0.6722972972972973,0.6333333333333333,0.6825938566552902,0.6366666666666667,0.5614035087719298,0.5919732441471572,0.030569735375227447,0.9127168200547755,0.9172400967082016,0.0045232766534261115,0.9222972972972973,0.9033333333333333,0.9351535836177475,0.9,0.6935975609756098,0.7215256008359456,0.027928039860335874,0.9613447346843154,0.984822934232715,0.023478199548399692,0.956081081081081,0.9666666666666667,0.9965870307167235,0.9733333333333334,13.080621605908421
000739,inclusion,0,0.0,NA,NA,NA,NA,NA,NA,NA,NA,NA,NA,NA,NA,NA,NA,NA,NA,NA,NA,NA,NA,NA,NA,NA,NA,NA,NA,NA,NA,NA,NA,NA,NA,NA,NA,NA,
000739,patches,3123,0.078075,0.8166363084395871,0.7657630216265611,0.8990641711229946,0.8673451785406244,-0.05087328681302605,0.5212669683257919,0.41452089489235966,-0.10674607343343223,0.8888124220396576,0.8120120120120121,-0.07680041002764548,0.8842105263157894,0.8934624697336562,0.8057210965435042,0.8184019370460048,0.7586305278174037,0.7147196906931786,-0.043910837124225055,0.9732971485972111,0.9729482840949197,-0.00034886450229132393,0.9672514619883041,0.9794188861985472,0.9630512514898689,0.9830508474576272,0.8745037494486105,0.8632855567805954,-0.011218192668015159,1.0,1.0,0.0,1.0,1.0,1.0,1.0,
000740,crazing,2196,0.0549,0.8050632911392405,0.7745564690610125,0.8920056100981767,0.8729578151670324,-0.03050682207822797,0.3463035019455253,0.29198767334360554,-0.05431582860191975,0.6923623504527728,0.6177930056710774,-0.07456934478169541,0.6745283018867925,0.7111650485436893,0.6240601503759399,0.6116504854368932,0.5805709023941068,0.5229357798165137,-0.05763512257759307,0.9138755980861244,0.8619338993457687,-0.0519416987403557,0.9009433962264151,0.9271844660194175,0.8646616541353384,0.8592233009708737,0.6966141468320483,0.659919028340081,-0.03669511849196727,0.9832535885167464,0.9728658298291413,-0.010387758687605109,0.9693396226415094,0.9975728155339806,0.9724310776942355,0.9733009708737864,8.791865755392191
000740,inclusion,0,0.0,NA,NA,NA,NA,NA,NA,NA,NA,NA,NA,NA,NA,NA,NA,NA,NA,NA,NA,NA,NA,NA,NA,NA,NA,NA,NA,NA,NA,NA,NA,NA,NA,NA,NA,NA,
000740,patches,2967,0.074175,0.655625356938892,0.6155192532088681,0.7919972404277337,0.7620079451065367,-0.04010610373002388,0.3506886126973463,0.3317757009345794,-0.018912911762766882,0.7949397700256917,0.7089720004056842,-0.08596776962000752,0.9266589057043073,0.6960065199674002,0.8202380952380952,0.6242868785656072,0.6980440097799511,0.6946676406135865,-0.0033763691663645234,0.9930242100943784,0.991536842476068,-0.0014873676183103646,1.0,0.9861450692746536,0.9928571428571429,0.9902200488997555,0.840597503580929,0.8290685772773797,-0.011528926303549292,1.0,1.0,0.0,1.0,1.0,1.0,1.0,
000741,crazing,485,0.012125,0.6180555555555556,0.6453488372093024,0.7639484978540773,0.784452296819788,0.02729328165374678,0.45995145631067963,0.49122807017543857,0.03127661386475894,0.8351906511655923,0.8504452117027077,0.01525456053711538,0.7972972972972973,0.8768656716417911,0.8096885813148789,0.8955223880597015,0.6611817501869858,0.684857801691007,0.02367605150402119,0.90992835209826,0.9246602564549531,0.014731904356693137,0.875,0.9477611940298507,0.8927335640138409,0.9589552238805971,0.7439093484419264,0.7623474723997675,0.018438123957841168,0.9633524287844306,0.9644035027863073,0.0010510740018766507,0.9425675675675675,0.9850746268656716,0.9411764705882353,0.9888059701492538,12.169253126198196
000741,inclusion,0,0.0,NA,NA,NA,NA,NA,NA,NA,NA,NA,NA,NA,NA,NA,NA,NA,NA,NA,NA,NA,NA,NA,NA,NA,NA,NA,NA,NA,NA,NA,NA,NA,NA,NA,NA,NA,
000741,patches,2867,0.071675,0.7910836316303287,0.8092732653732325,0.8833575581395349,0.8945837877135587,0.018189633742903832,0.45687748783724014,0.49594229035166815,0.03906480251442801,0.8361194400581942,0.9019579483145848,0.0658385082563906,0.8276699029126213,0.8447432762836186,0.8980815347721822,0.9058679706601467,0.7215018908698001,0.7472796517954298,0.025777760925629667,0.9926769597725971,0.9927536231884058,7.666341580869762e-05,0.9866504854368932,0.9987775061124694,0.9856115107913669,1.0,0.8724607329842932,0.8797481636935992,0.007287430709306042,0.99450884685784,0.993968636911942,-0.0005402099458979848,0.9890776699029126,1.0,0.988009592326139,1.0,
000742,crazing,327,0.008175,0.5555555555555556,0.5095541401273885,0.7142857142857143,0.6751054852320675,-0.04600141542816705,0.40412979351032446,0.37058823529411766,-0.0335415582162068,0.813700091435538,0.7924299271683954,-0.021270164267142566,0.8194444444444444,0.8080357142857143,0.8186274509803921,0.7678571428571429,0.6721153846153847,0.6482558139534884,-0.023859570661896257,0.9702826975476839,0.965440710209258,-0.0048419873384258905,0.9953703703703703,0.9464285714285714,0.9950980392156863,0.9375,0.7518518518518519,0.7307404637247569,-0.02111138812709501,0.9841269841269841,0.979498861047836,-0.004628123079148061,1.0,0.96875,1.0,0.9598214285714286,12.387228304849016
000742,inclusion,0,0.0,NA,NA,NA,NA,NA,NA,NA,NA,NA,NA,NA,NA,NA,NA,NA,NA,NA,NA,NA,NA,NA,NA,NA,NA,NA,NA,NA,NA,NA,NA,NA,NA,NA,NA,NA,
000742,patches,1868,0.0467,0.6412990790111488,0.6205923836389281,0.7814530419373893,0.7658833768494343,-0.020706695372220696,0.33207343412526996,0.3123011664899258,-0.019772267635344176,0.7655178481965053,0.7866335419621057,0.021115693765600407,0.8418277680140598,0.7018927444794952,0.8502673796791443,0.7318611987381703,0.5978817902289033,0.5865902964959568,-0.011291493732946467,0.8951201781720695,0.901900333962267,0.0067801557901975285,0.9490333919156415,0.8470031545741324,0.9447415329768271,0.862776025236593,0.7466161342717921,0.7220455749867515,-0.024570559285040594,0.9466594102397548,0.9519886250382045,0.005329214798449722,0.9736379613356766,0.9211356466876972,0.9625668449197861,0.9416403785488959,
000743,crazing,1543,0.038575,0.6397849462365591,0.6367123287671232,0.780327868852459,0.7780381653833277,-0.0030726174694358788,0.26247436773752564,0.26458333333333334,0.002108965595807699,0.637880731885991,0.633386088913997,-0.0044946429719940895,0.6915167095115681,0.5919661733615222,0.7146596858638743,0.5687103594080338,0.49577345731191885,0.48671808054841476,-0.009055376763504097,0.8430303611990914,0.834709956681522,-0.008320404517569324,0.922879177377892,0.7758985200845666,0.9240837696335078,0.7610993657505285,0.5938004520503714,0.5875816993464053,-0.006218752703966102,0.8849099064619342,0.8735701745261757,-0.011339731935758546,0.9357326478149101,0.8393234672304439,0.9397905759162304,0.8160676532769556,12.04143311533806
000743,inclusion,0,0.0,NA,NA,NA,NA,NA,NA,NA,NA,NA,NA,NA,NA,NA,NA,NA,NA,NA,NA,NA,NA,NA,NA,NA,NA,NA,NA,NA,NA,NA,NA,NA,NA,NA,NA,NA,
000743,patches,898,0.02245,0.6086206896551725,0.6232638888888888,0.7566988210075026,0.7679144385026738,0.014643199233716375,0.328928046989721,0.3435171385991058,0.014589091609384819,0.8594622389942762,0.86577362222422,0.0063113832299438455,0.8447058823529412,0.8747433264887063,0.8530805687203792,0.8788501026694046,0.7268170426065163,0.7283702213279678,0.0015531787214515536,0.9917184265010351,0.9917184265010351,0.0,1.0,0.9835728952772074,1.0,0.9835728952772074,0.824989824989825,0.8247758761206194,-0.00021394886920556022,1.0,1.0,0.0,1.0,1.0,1.0,1.0,
000744,crazing,645,0.016125,0.0,0.0,0.0,0.0,0.0,0.0,0.0,0.0,0.0,0.0,0.0,0.0,0.0,0.0,0.0,0.0,0.0,0.0,0.0,0.0,0.0,0.0,0.0,0.0,0.0,0.0,0.0,0.0,0.0,0.0,0.0,0.0,0.0,0.0,0.0,16.064984311546418
000744,inclusion,0,0.0,NA,NA,NA,NA,NA,NA,NA,NA,NA,NA,NA,NA,NA,NA,NA,NA,NA,NA,NA,NA,NA,NA,NA,NA,NA,NA,NA,NA,NA,NA,NA,NA,NA,NA,NA,
000744,patches,663,0.016575,0.0,0.0,0.0,0.0,0.0,0.0,0.0,0.0,0.0,0.0,0.0,0.0,0.0,0.0,0.0,0.0,0.0,0.0,0.0,0.0,0.0,0.0,0.0,0.0,0.0,0.0,0.0,0.0,0.0,0.0,0.0,0.0,0.0,0.0,0.0,
000745,crazing,238,0.00595,0.49206349206349204,0.4976635514018692,0.6595744680851063,0.6645865834633385,0.00560005933837715,0.2693156732891832,0.2739420935412027,0.004626420252019481,0.6062307044625315,0.6361023675927193,0.029871663130187853,0.449438202247191,0.9310344827586207,0.4742857142857143,0.9655172413793104,0.36784409257003653,0.3763837638376384,0.008539671267601856,0.6541067447654849,0.6641221374045801,0.010015392639095233,0.4887640449438202,0.9885057471264368,0.49714285714285716,1.0,0.4227430555555556,0.43171806167400884,0.008975006118453255,0.6666666666666666,0.6742424242424243,0.00757575757575768,0.5,1.0,0.5085714285714286,1.0,5.63937239490383
000745,inclusion,0,0.0,NA,NA,NA,NA,NA,NA,NA,NA,NA,NA,NA,NA,NA,NA,NA,NA,NA,NA,NA,NA,NA,NA,NA,NA,NA,NA,NA,NA,NA,NA,NA,NA,NA,NA,NA,
000745,patches,1091,0.027275,0.5141700404858299,0.5199025182778229,0.679144385026738,0.6841261357562801,0.005732477791992929,0.4379679144385027,0.4624527282549973,0.02448481381649459,0.8439626983534702,0.8761446427377849,0.032181944384314765,0.960820895522388,0.7524475524475525,0.9830508474576272,0.7902097902097902,0.650448585231194,0.6678176795580111,0.017369094326817103,0.9025326170376056,0.9223813112283346,0.019848694190728988,1.0,0.8223776223776224,1.0,0.855944055944056,0.6962466487935657,0.7158938622353257,0.019647213441760014,0.9141989369779803,0.9320388349514563,0.01783989797347607,1.0,0.8419580419580419,1.0,0.8727272727272727,
000746,crazing,2457,0.061425,0.7612156295224313,0.7626686110098433,0.8644207066557108,0.8653567735263702,0.0014529814874120195,0.3793836344314559,0.38311345646437994,0.003729822032924046,0.8087915829830973,0.8237516011963741,0.01496001821327686,0.847972972972973,0.773071104387292,0.8469217970049917,0.8018154311649016,0.601716465352829,0.6110759493670886,0.009359484014259678,0.9280673207459971,0.9339644243539353,0.00589710360793827,0.9577702702702703,0.9001512859304085,0.9550748752079867,0.913767019667171,0.7239732569245463,0.7382710169087878,0.014297759984241543,0.9496310002797083,0.9639466510700074,0.014315650790299173,0.972972972972973,0.9273827534039334,0.9750415973377704,0.9531013615733737,13.335179969802613
000746,inclusion,0,0.0,NA,NA,NA,NA,NA,NA,NA,NA,NA,NA,NA,NA,NA,NA,NA,NA,NA,NA,NA,NA,NA,NA,NA,NA,NA,NA,NA,NA,NA,NA,NA,NA,NA,NA,NA,
000746,patches,2982,0.07455,0.8154088050314465,0.8211513583441138,0.8983197644205786,0.9017936423370627,0.0057425533126672645,0.21604503870513722,0.2609340252038547,0.044888986498717504,0.6343311956604396,0.5950681953418201,-0.03926300031861951,0.6152125279642058,0.6546762589928058,0.5883720930232558,0.6019184652278178,0.49366535605067713,0.5166217430368374,0.02295638698616026,0.947044732505394,0.8913979032701979,-0.05564682923519615,0.930648769574944,0.9640287769784173,0.8790697674418605,0.9040767386091128,0.6286173633440515,0.6481237656352864,0.019506402291234903,0.9898305084745762,0.9894242068155111,-0.0004063016590650781,0.9798657718120806,1.0,0.9790697674418605,1.0,
000747,crazing,181,0.004525,0.4155844155844156,0.4040920716112532,0.5871559633027523,0.575591985428051,-0.0114923439731624,0.2939068100358423,0.3151183970856102,0.021211587049767888,0.6903362584869709,0.7143332565343163,0.023996998047345452,0.6055555555555555,0.8027210884353742,0.6055555555555555,0.8707482993197279,0.6263736263736264,0.6260657734470159,-0.0003078529266105079,0.9473537549013753,0.9090909090909091,-0.03826284581046624,0.9055555555555556,0.9931972789115646,0.8333333333333334,1.0,0.7280453257790368,0.7318224740321058,0.0037771482530689626,1.0,1.0,0.0,1.0,1.0,1.0,1.0,10.926423949833346
000747,inclusion,0,0.0,NA,NA,NA,NA,NA,NA,NA,NA,NA,NA,NA,NA,NA,NA,NA,NA,NA,NA,NA,NA,NA,NA,NA,NA,NA,NA,NA,NA,NA,NA,NA,NA,NA,NA,NA,
000747,patches,0,0.0,NA,NA,NA,NA,NA,NA,NA,NA,NA,NA,NA,NA,NA,NA,NA,NA,NA,NA,NA,NA,NA,NA,NA,NA,NA,NA,NA,NA,NA,NA,NA,NA,NA,NA,NA,
000748,crazing,1389,0.034725,0.7602073882047958,0.7396251673360107,0.8637702503681886,0.850327048864948,-0.02058222086878514,0.358264081255771,0.3382761816496756,-0.019987899606095427,0.7655355995471651,0.7336612789880533,-0.03187432055911177,0.8323353293413174,0.7086614173228346,0.815625,0.6666666666666666,0.57347275729224,0.5505245720596356,-0.022948185232604446,0.9251321496340471,0.8789837245826905,-0.046148425051356634,0.9760479041916168,0.8792650918635171,0.959375,0.8110236220472441,0.6731628095818109,0.6506122448979592,-0.022550564683851637,0.9561643835616438,0.9357541899441342,-0.02041019361750962,1.0,0.916010498687664,1.0,0.8792650918635171,10.222893885551604
000748,inclusion,0,0.0,NA,NA,NA,NA,NA,NA,NA,NA,NA,NA,NA,NA,NA,NA,NA,NA,NA,NA,NA,NA,NA,NA,NA,NA,NA,NA,NA,NA,NA,NA,NA,NA,NA,NA,NA,
000748,patches,1154,0.02885,0.7182448036951501,0.65465032444124,0.8360215053763441,0.791285403050109,-0.06359447925391004,0.4085570469798658,0.3226059654631083,-0.08595108151675745,0.8302808302808302,0.809219919525808,-0.021060910755022255,0.8272506082725061,0.8333333333333334,0.8023809523809524,0.8161764705882353,0.655516724912631,0.5934959349593496,-0.06202078995328142,0.975169079468114,0.9564273341628242,-0.018741745305289825,0.9537712895377128,0.9975490196078431,0.9380952380952381,0.9754901960784313,0.7973534971644612,0.7640117994100295,-0.03334169775443174,0.9826732673267327,0.9743589743589743,-0.008314292967758319,0.9659367396593674,1.0,0.95,1.0,
000749,crazing,578,0.01445,0.6793557833089312,0.65424739195231,0.8090671316477768,0.790990990990991,-0.02510839135662124,0.46013071895424834,0.4261213720316623,-0.03400934692258606,0.8451434233593335,0.8211652639133555,-0.02397815944597792,0.9467213114754098,0.7632508833922261,0.9601769911504425,0.7173144876325088,0.67178658043654,0.6333333333333333,-0.038453247103206745,0.9073359073359073,0.8792079207920792,-0.028127986543828087,1.0,0.8303886925795053,1.0,0.784452296819788,0.7255952380952381,0.6862275449101797,-0.039367693185058394,0.9177820267686425,0.89453125,-0.02325077676864251,1.0,0.8480565371024735,1.0,0.8091872791519434,11.771248180928998
000749,inclusion,0,0.0,NA,NA,NA,NA,NA,NA,NA,NA,NA,NA,NA,NA,NA,NA,NA,NA,NA,NA,NA,NA,NA,NA,NA,NA,NA,NA,NA,NA,NA,NA,NA,NA,NA,NA,NA,
000749,patches,681,0.017025,0.6020642201834863,0.6022988505747127,0.7516105941302792,0.7517934002869441,0.00023463039122639806,0.24916573971078976,0.24748040313549832,-0.001685336575291435,0.6552027111836325,0.6440225580093849,-0.011180153174247587,0.635036496350365,0.6766917293233082,0.6273062730627307,0.6616541353383458,0.5117728531855956,0.526685393258427,0.014912540072831382,0.9025763185045821,0.9229013708091227,0.020325052304540625,0.864963503649635,0.943609022556391,0.8929889298892989,0.9548872180451128,0.6372190277051751,0.6517809675704412,0.014561939865266105,0.9151198791486561,0.9404536792459772,0.025333800097321113,0.8722627737226277,0.9624060150375939,0.8966789667896679,0.9887218045112782,
000750,crazing,584,0.0146,0.6897546897546898,0.6897590361445783,0.816396242527754,0.8163992869875223,4.346389888554292e-06,0.5470514429109159,0.5243741765480896,-0.022677266362826298,0.9621788392999628,0.9198473282442748,-0.042331511055688,0.9855072463768116,0.9399293286219081,1.0,0.8515901060070671,0.7215094339622642,0.6910505836575875,-0.030458850304676655,0.9892857142857143,0.9576427255985267,-0.03164298868718762,1.0,0.9787985865724381,1.0,0.9187279151943463,0.8008923591745678,0.7605233219567691,-0.04036903721779872,0.9964539007092198,0.9690346083788707,-0.02741929233034912,1.0,0.9929328621908127,1.0,0.9399293286219081,11.710623323723507
000750,inclusion,0,0.0,NA,NA,NA,NA,NA,NA,NA,NA,NA,NA,NA,NA,NA,NA,NA,NA,NA,NA,NA,NA,NA,NA,NA,NA,NA,NA,NA,NA,NA,NA,NA,NA,NA,NA,NA,
000750,patches,2844,0.0711,0.8341121495327103,0.8439740525776716,0.9095541401273886,0.9153860396222921,0.009861903044961262,0.37912457912457914,0.4163799036476256,0.037255324523046474,0.7363616109594151,0.758249191992584,0.0218875810331689,0.7321772639691715,0.7405940594059406,0.744721689059501,0.7722772277227723,0.6157517899761337,0.6427708417237213,0.027019051747587675,0.9375226345151433,0.9376664221417946,0.00014378762665134825,0.9267822736030829,0.9485148514851485,0.927063339731286,0.9485148514851485,0.738488271068636,0.754595856434199,0.016107585365563004,0.9961315280464217,1.0,0.003868471953578312,0.9922928709055877,1.0,1.0,1.0,
000751,crazing,420,0.0105,0.6431034482758621,0.6241496598639455,0.782791185729276,0.768586387434555,-0.018953788411916528,0.4551971326164875,0.4418052256532066,-0.013391906963280853,0.798742029686717,0.8198543113671015,0.02111228168038448,0.7016393442622951,0.927038626609442,0.7194719471947195,0.9527896995708155,0.5763411279229711,0.5796002756719504,0.0032591477489792853,0.8364312267657994,0.8553880786923754,0.018956851926576035,0.7377049180327869,0.9656652360515021,0.7623762376237624,0.9742489270386266,0.6042701092353525,0.6008946322067594,-0.003375477028593088,0.8517826687241127,0.8653170648987798,0.013534396174667118,0.7540983606557377,0.9785407725321889,0.7755775577557755,0.9785407725321889,11.369235849850412
000751,inclusion,0,0.0,NA,NA,NA,NA,NA,NA,NA,NA,NA,NA,NA,NA,NA,NA,NA,NA,NA,NA,NA,NA,NA,NA,NA,NA,NA,NA,NA,NA,NA,NA,NA,NA,NA,NA,NA,
000751,patches,1019,0.025475,0.6902439024390243,0.7360565593087196,0.8167388167388168,0.8479638009049774,0.04581265686969527,0.37374658158614404,0.4177660510114336,0.04401946942528956,0.8154177787810784,0.8661244651513083,0.0507066863702299,0.9159159159159159,0.7347931873479319,0.8973684210526316,0.8369829683698297,0.571656050955414,0.6485774499473129,0.07692139899189887,0.8891891891891892,0.9507876994468449,0.061598510257655725,1.0,0.8004866180048662,0.9868421052631579,0.9172749391727494,0.7084006462035541,0.765495459928938,0.05709481372538383,0.8936742934051145,0.9596785478679807,0.06600425446286617,1.0,0.8077858880778589,0.9947368421052631,0.927007299270073,
000752,crazing,1348,0.0337,0.7127951674903898,0.7091922005571031,0.8323180506572619,0.8298565840938722,-0.0036029669332867664,0.2851681957186544,0.27692307692307694,-0.008245118795577489,0.6249681792896674,0.6325530756668482,0.007584896377180739,0.6231527093596059,0.6267942583732058,0.6287878787878788,0.6363636363636364,0.5211923614345598,0.5055970149253731,-0.015595346509186703,0.8809227599860878,0.8723616420142929,-0.00856111797179493,0.874384236453202,0.8875598086124402,0.8787878787878788,0.8660287081339713,0.6613924050632911,0.6456276445698167,-0.015764760493474417,0.9659118637450588,0.9509433962264151,-0.014968467518643669,0.9605911330049262,0.9712918660287081,0.9545454545454546,0.9473684210526315,11.384955453689425
000752,inclusion,0,0.0,NA,NA,NA,NA,NA,NA,NA,NA,NA,NA,NA,NA,NA,NA,NA,NA,NA,NA,NA,NA,NA,NA,NA,NA,NA,NA,NA,NA,NA,NA,NA,NA,NA,NA,NA,
000752,patches,0,0.0,NA,NA,NA,NA,NA,NA,NA,NA,NA,NA,NA,NA,NA,NA,NA,NA,NA,NA,NA,NA,NA,NA,NA,NA,NA,NA,NA,NA,NA,NA,NA,NA,NA,NA,NA,
000753,crazing,1781,0.044525,0.7403940886699507,0.7477899115964639,0.8508349844324936,0.8556977090151741,0.007395822926513196,0.39467723669309174,0.4467093768200349,0.05203214012694318,0.8198633287338195,0.8394881687697997,0.019624840035980196,0.8891013384321224,0.7606299212598425,0.9295238095238095,0.7653543307086614,0.6118055555555556,0.6338126972991933,0.022007141743637715,0.9126336256758198,0.911019204782769,-0.0016144208930508608,0.9847036328871893,0.8503937007874016,0.9809523809523809,0.8503937007874016,0.6880165289256198,0.7078242786586951,0.01980774973307531,0.9294808283767777,0.9339449100645998,0.004464081687822086,0.9904397705544933,0.8755905511811024,0.9885714285714285,0.8850393700787401,15.04671744212896
000753,inclusion,0,0.0,NA,NA,NA,NA,NA,NA,NA,NA,NA,NA,NA,NA,NA,NA,NA,NA,NA,NA,NA,NA,NA,NA,NA,NA,NA,NA,NA,NA,NA,NA,NA,NA,NA,NA,NA,
000753,patches,2177,0.054425,0.8207824989482541,0.8115763546798029,0.9015711645101664,0.8959891230455472,-0.009206144268451122,0.38200339558573854,0.38181818181818183,-0.00018521376755670227,0.6897355350663046,0.7365034668009078,0.04676793173460325,0.6890547263681592,0.6904176904176904,0.7240566037735849,0.7493857493857494,0.5945409429280397,0.5806916426512968,-0.013849300276742915,0.9182359381187378,0.8929428708593375,-0.02529306725940028,0.9079601990049752,0.9287469287469288,0.8773584905660378,0.9090909090909091,0.7036376604850214,0.6829772570640937,-0.020660403420927675,0.946462579324859,0.9287974141021205,-0.017665165222738533,0.9303482587064676,0.9631449631449631,0.9033018867924528,0.9557739557739557,
000754,crazing,364,0.0091,0.5694164989939637,0.609704641350211,0.7256410256410256,0.7575360419397117,0.040288142356247225,0.44049247606019154,0.49199417758369723,0.051501701523505694,0.8477010287633844,0.8312809921919004,-0.016420036571483942,0.9074074074074074,0.7953667953667953,0.9278846153846154,0.752895752895753,0.6606837606837607,0.6479367866549605,-0.012746974028800206,0.9363449691991786,0.8896925858951177,-0.04665238330406096,1.0,0.8803088803088803,0.9855769230769231,0.8108108108108109,0.7204370179948586,0.6949375410913873,-0.02549947690347132,0.9492900608519269,0.900212314225053,-0.04907774662687392,1.0,0.9034749034749034,1.0,0.8185328185328186,13.575288635548842
000754,inclusion,0,0.0,NA,NA,NA,NA,NA,NA,NA,NA,NA,NA,NA,NA,NA,NA,NA,NA,NA,NA,NA,NA,NA,NA,NA,NA,NA,NA,NA,NA,NA,NA,NA,NA,NA,NA,NA,
000754,patches,1665,0.041625,0.667705088265836,0.664804469273743,0.800747198007472,0.7986577181208053,-0.0029006189920929293,0.5267368421052632,0.5027414592998735,-0.02399538280538971,0.9431921829324151,0.9403752930902891,-0.0028168898421260247,0.9345372460496614,0.9520089285714286,0.9455388180764774,0.9352678571428571,0.7801925722145805,0.7807799442896936,0.0005873720751130573,0.9750035198123456,0.9839670166612124,0.008963496848866881,0.9604966139954854,0.9899553571428571,0.9791425260718424,0.9888392857142857,0.8521759152659452,0.8565783356578336,0.004402420391888429,0.9771638007580278,0.9878195733807049,0.01065577262267714,0.9604966139954854,0.9944196428571429,0.9791425260718424,0.9966517857142857,
000755,crazing,226,0.00565,0.38715953307393,0.39357429718875503,0.5582047685834503,0.5648414985590778,0.006414764114825056,0.24691358024691357,0.2630744849445325,0.01616090469761894,0.57180675049636,0.6090938132254287,0.037287062729068676,0.4954128440366973,0.676056338028169,0.5213270142180095,0.7323943661971831,0.48609779482262705,0.5009803921568627,0.014882597334235692,0.8105579164879723,0.836723517446409,0.026165600958436785,0.7064220183486238,0.9507042253521126,0.7345971563981043,0.971830985915493,0.6415797317436661,0.6539923954372624,0.012412663693596282,0.9386130460144803,0.9450000000000001,0.006386953985519805,0.8899082568807339,0.9929577464788732,0.8957345971563981,1.0,9.445699494375898
000755,inclusion,0,0.0,NA,NA,NA,NA,NA,NA,NA,NA,NA,NA,NA,NA,NA,NA,NA,NA,NA,NA,NA,NA,NA,NA,NA,NA,NA,NA,NA,NA,NA,NA,NA,NA,NA,NA,NA,
000755,patches,0,0.0,NA,NA,NA,NA,NA,NA,NA,NA,NA,NA,NA,NA,NA,NA,NA,NA,NA,NA,NA,NA,NA,NA,NA,NA,NA,NA,NA,NA,NA,NA,NA,NA,NA,NA,NA,
000756,crazing,558,0.01395,0.44355555555555554,0.4923224568138196,0.6145320197044335,0.659807073954984,0.04876690125826405,0.3437278525868179,0.4235645041014168,0.07983665151459896,0.7585200370635613,0.8609189075472841,0.10239887048372276,0.7296037296037297,0.7898230088495575,0.8247191011235955,0.9004424778761062,0.628490298154283,0.7118055555555556,0.08331525740127255,0.9662842219548696,0.9754153298046122,0.009131107849742581,0.9487179487179487,0.9845132743362832,0.9707865168539326,0.9800884955752213,0.7494356659142212,0.8018905080740449,0.05245484215982377,0.9791137840599097,0.9921856405194207,0.013071856459511033,0.9673659673659674,0.9911504424778761,0.9910112359550561,0.9933628318584071,19.134685801362036
000756,inclusion,0,0.0,NA,NA,NA,NA,NA,NA,NA,NA,NA,NA,NA,NA,NA,NA,NA,NA,NA,NA,NA,NA,NA,NA,NA,NA,NA,NA,NA,NA,NA,NA,NA,NA,NA,NA,NA,
000756,patches,0,0.0,NA,NA,NA,NA,NA,NA,NA,NA,NA,NA,NA,NA,NA,NA,NA,NA,NA,NA,NA,NA,NA,NA,NA,NA,NA,NA,NA,NA,NA,NA,NA,NA,NA,NA,NA,
000757,crazing,2150,0.05375,0.5342978298827638,0.5723896663078579,0.6964721183547391,0.7280506589080952,0.03809183642509417,0.0599603567888999,0.09578344612181156,0.03582308933291165,0.1932565789473684,0.26433041301627036,0.07107383406890197,0.23809523809523808,0.16262975778546712,0.3137254901960784,0.22837370242214533,0.17146247404331058,0.22096317280453256,0.049500698761221984,0.39624519982932727,0.4750753698380425,0.07883017000871523,0.4666666666666667,0.34429065743944637,0.5490196078431373,0.4186851211072664,0.2947441537392915,0.361090458488228,0.06634630474893649,0.538714373621096,0.6115289239399977,0.07281455031890172,0.6238095238095238,0.4740484429065744,0.7205882352941176,0.5311418685121108,12.465468582317481
000757,inclusion,0,0.0,NA,NA,NA,NA,NA,NA,NA,NA,NA,NA,NA,NA,NA,NA,NA,NA,NA,NA,NA,NA,NA,NA,NA,NA,NA,NA,NA,NA,NA,NA,NA,NA,NA,NA,NA,
000757,patches,0,0.0,NA,NA,NA,NA,NA,NA,NA,NA,NA,NA,NA,NA,NA,NA,NA,NA,NA,NA,NA,NA,NA,NA,NA,NA,NA,NA,NA,NA,NA,NA,NA,NA,NA,NA,NA,
000758,crazing,478,0.01195,0.6923076923076923,0.695583596214511,0.8181818181818182,0.8204651162790698,0.0032759039068187557,0.48677248677248675,0.5033738191632928,0.01660133239080608,0.9194131832797428,0.9404205607476636,0.021007377467920807,0.9242424242424242,0.9146341463414634,0.9459459459459459,0.9349593495934959,0.7313677313677314,0.728251864125932,-0.0031158672417993527,0.9959183673469388,0.9855670103092783,-0.010351357037660547,1.0,0.991869918699187,1.0,0.9715447154471545,0.7971274685816876,0.7872212176009644,-0.009906250980723175,1.0,0.9938650306748467,-0.006134969325153339,1.0,1.0,1.0,0.9878048780487805,11.251778102160166
000758,inclusion,0,0.0,NA,NA,NA,NA,NA,NA,NA,NA,NA,NA,NA,NA,NA,NA,NA,NA,NA,NA,NA,NA,NA,NA,NA,NA,NA,NA,NA,NA,NA,NA,NA,NA,NA,NA,NA,
000758,patches,1353,0.033825,0.5171503957783641,0.5403225806451613,0.6817391304347826,0.7015706806282722,0.023172184866797174,0.36490101658640983,0.4,0.03509898341359019,0.806891117382022,0.8086143345666553,0.0017232171846333078,0.9551020408163265,0.6984993178717599,0.9785867237687366,0.6889495225102319,0.6124869201255668,0.6262951053947838,0.01380818526921701,0.9099994383787665,0.8993993993993994,-0.010600038979367121,0.9979591836734694,0.8362892223738063,1.0,0.8171896316507503,0.7052333804809052,0.7011461318051576,-0.004087248675747612,0.9392185238784371,0.9361393323657475,-0.0030791915126895386,1.0,0.8854024556616644,1.0,0.8799454297407913,
000759,crazing,317,0.007925,0.6590909090909091,0.6824146981627297,0.7945205479452054,0.8112324492979719,0.023323789071820644,0.5202205882352942,0.5321969696969697,0.011976381461675567,0.9116932999963765,0.9112936811418619,-0.0003996188545145607,0.9042553191489362,0.9192546583850931,0.9222222222222223,0.9006211180124224,0.7132034632034632,0.7179203539823009,0.004716890778837746,0.9884688659380327,0.9882328293585669,-0.0002360365794658037,0.9893617021276596,0.9875776397515528,0.9888888888888889,0.9875776397515528,0.8152866242038217,0.8189935064935064,0.003706882289684743,0.9968847352024921,0.99375,-0.0031347352024920783,1.0,0.9937888198757764,1.0,0.9875776397515528,9.042660896457859
000759,inclusion,0,0.0,NA,NA,NA,NA,NA,NA,NA,NA,NA,NA,NA,NA,NA,NA,NA,NA,NA,NA,NA,NA,NA,NA,NA,NA,NA,NA,NA,NA,NA,NA,NA,NA,NA,NA,NA,
000759,patches,1648,0.0412,0.5295815295815296,0.5618531296205027,0.6924528301886792,0.7194698643105081,0.032271600038973114,0.36701109835438195,0.40313111545988256,0.03612001710550061,0.82409549840502,0.845167149882757,0.02107165147773693,0.8481735159817352,0.8013468013468014,0.839677047289504,0.8507295173961841,0.6752972258916776,0.7105333690699545,0.035236143178276835,0.9255087156524862,0.9435097140792564,0.018000998426770276,0.9006849315068494,0.9517396184062851,0.8985005767012687,0.9932659932659933,0.7498891352549889,0.7775537634408602,0.027664628185871343,0.9385772888651791,0.9455303334398287,0.006953044574649625,0.9006849315068494,0.9797979797979798,0.8985005767012687,0.9977553310886644,
000760,crazing,288,0.0072,0.5142118863049095,0.5949008498583569,0.6791808873720137,0.7460035523978685,0.08068896355344735,0.41185897435897434,0.515625,0.10376602564102566,0.8263868581749376,0.8970915760513559,0.0707047178764183,0.8486486486486486,0.8052631578947368,0.9217877094972067,0.8736842105263158,0.6432865731462926,0.6923076923076923,0.04902111916139973,0.932561505065123,0.9567126821553061,0.024151177090183107,0.9675675675675676,0.9,0.9832402234636871,0.9315789473684211,0.753030303030303,0.78671875,0.03368844696969697,0.970189701897019,0.983957219251337,0.013767517354317915,1.0,0.9421052631578948,1.0,0.968421052631579,11.195857368787003
000760,inclusion,0,0.0,NA,NA,NA,NA,NA,NA,NA,NA,NA,NA,NA,NA,NA,NA,NA,NA,NA,NA,NA,NA,NA,NA,NA,NA,NA,NA,NA,NA,NA,NA,NA,NA,NA,NA,NA,
000760,patches,1368,0.0342,0.5926800472255017,0.610774818401937,0.7442550037064493,0.7583615182262308,0.01809477117643532,0.42777777777777776,0.432527693856999,0.004749916079221261,0.860026961600764,0.8617123981335125,0.001685436532748552,0.8863976083707026,0.8351800554016621,0.8792341678939617,0.8448753462603878,0.720513687056438,0.7255434782608695,0.005029791204431477,0.9717451311148597,0.9738845535859147,0.0021394224710550303,0.9551569506726457,0.9889196675900277,0.9528718703976435,0.9958448753462604,0.8253615127919911,0.831511073731427,0.006149560939435861,0.9794050343249427,0.9797145003756573,0.00030946605071457967,0.9596412556053812,1.0,0.9602356406480118,1.0,
000761,crazing,0,0.0,NA,NA,NA,NA,NA,NA,NA,NA,NA,NA,NA,NA,NA,NA,NA,NA,NA,NA,NA,NA,NA,NA,NA,NA,NA,NA,NA,NA,NA,NA,NA,NA,NA,NA,NA,
000761,inclusion,9892,0.2473,0.865701178375461,0.8772304832713754,0.9280169712164312,0.9346007228080598,0.011529304895914416,0.17086834733893558,0.19761171032357472,0.02674336298463914,0.4158092018227253,0.4840009586414681,0.06819175681874279,0.4492307692307692,0.38701622971285893,0.4953519256308101,0.4731585518102372,0.3414518798770395,0.41802696948190204,0.07657508960486253,0.6405683530935419,0.7588399017709831,0.11827154867744127,0.6815384615384615,0.6042446941323346,0.7755644090305445,0.7428214731585518,0.4703261450721796,0.5601442741208296,0.08981812904864994,0.7946276698836284,0.8773006772490972,0.08267300736546879,0.8476923076923077,0.7478152309612984,0.8911022576361222,0.8639200998751561,
000761,patches,2756,0.0689,0.9165531335149864,0.892312789927104,0.956459925359872,0.9430922780598844,-0.024240343587882296,0.5451837140019861,0.47130761994355597,-0.0738760940584301,0.9143424828905733,0.8696667674953765,-0.04467571539519677,0.922077922077922,0.9067357512953368,0.87146529562982,0.8678756476683938,0.7252378287632905,0.6581333333333333,-0.06710449542995711,0.9700441811914355,0.9238360588377349,-0.04620812235370064,0.9818181818181818,0.9585492227979274,0.9280205655526992,0.9196891191709845,0.8050314465408805,0.755109765329296,-0.04992168121158458,0.9882554790743275,0.9676198341419772,-0.020635644932350372,0.9974025974025974,0.9792746113989638,0.9768637532133676,0.9585492227979274,
000762,crazing,0,0.0,NA,NA,NA,NA,NA,NA,NA,NA,NA,NA,NA,NA,NA,NA,NA,NA,NA,NA,NA,NA,NA,NA,NA,NA,NA,NA,NA,NA,NA,NA,NA,NA,NA,NA,NA,
000762,inclusion,2298,0.05745,0.8875486381322957,0.8973851030110935,0.940424654710369,0.9459177281269576,0.009836464878797857,0.33659730722154224,0.36397984886649876,0.027382541644956515,0.7065152893706238,0.7721309668173301,0.06561567744670627,0.7014925373134329,0.7116104868913857,0.7727272727272727,0.7715355805243446,0.5707034082668601,0.6062874251497006,0.03558401688284052,0.9289485956704226,0.9585035221689457,0.029554926498523093,0.9328358208955224,0.9250936329588015,0.9696969696969697,0.947565543071161,0.6878914405010439,0.7137506688068486,0.02585922830580467,0.9700715258119583,0.9809160305343512,0.010844504722392845,0.9738805970149254,0.9662921348314607,1.0,0.9625468164794008,
000762,patches,1387,0.034675,0.7870195337114052,0.7814445828144458,0.8808180535966149,0.8773156239077246,-0.005574950896959363,0.7081389320891653,0.6983962752198655,-0.00974265686929987,0.9822770139286527,0.9798179367394797,-0.0024590771891730423,0.9887640449438202,0.9758745476477684,0.99,0.9698431845597105,0.9006004002668445,0.8907030989670109,-0.009897301299833572,0.9993964996982498,0.9987922705314011,-0.0006042291668487687,1.0,0.9987937273823885,1.0,0.9975874547647768,0.9526989426822482,0.9466221851542952,-0.006076757527953003,1.0,1.0,0.0,1.0,1.0,1.0,1.0,
000763,crazing,0,0.0,NA,NA,NA,NA,NA,NA,NA,NA,NA,NA,NA,NA,NA,NA,NA,NA,NA,NA,NA,NA,NA,NA,NA,NA,NA,NA,NA,NA,NA,NA,NA,NA,NA,NA,NA,
000763,inclusion,2435,0.060875,0.8853677621283255,0.8746081504702194,0.9391990039427267,0.9331103678929766,-0.010759611658106016,0.41411042944785276,0.3807615230460922,-0.03334890640176058,0.8357771260997068,0.7798882424632649,-0.055888883636441844,0.8333333333333334,0.8382352941176471,0.7774390243902439,0.7823529411764706,0.6500600240096038,0.6264845605700713,-0.02357546343953254,0.9776562286339395,0.9716120934696739,-0.006044135164265607,0.9818181818181818,0.9735294117647059,0.975609756097561,0.9676470588235294,0.7538461538461538,0.7344081459482393,-0.0194380078979145,0.9970501474926253,0.9970501474926253,0.0,1.0,0.9941176470588236,1.0,0.9941176470588236,
000763,patches,1376,0.0344,0.7714831317632082,0.7920604914933838,0.87100251527129,0.8839662447257384,0.020577359730175604,0.7090628218331617,0.7111688311688311,0.002106009335669401,0.9854410236374895,0.9768218204671103,-0.00861920317037923,0.9974522292993631,0.973715651135006,0.9949109414758269,0.959378733572282,0.8963696369636963,0.8922770964534306,-0.004092540510265752,0.9982046678635548,0.9964028776978416,-0.0018017901657131352,1.0,0.996415770609319,1.0,0.992831541218638,0.9489314460172079,0.9500138850319356,0.0010824390147277096,1.0,1.0,0.0,1.0,1.0,1.0,1.0,
000764,crazing,0,0.0,NA,NA,NA,NA,NA,NA,NA,NA,NA,NA,NA,NA,NA,NA,NA,NA,NA,NA,NA,NA,NA,NA,NA,NA,NA,NA,NA,NA,NA,NA,NA,NA,NA,NA,NA,
000764,inclusion,1395,0.034875,0.8266502159161012,0.8445431472081218,0.9050996285038838,0.9157206742346061,0.01789293129202063,0.2679355783308931,0.3095599393019727,0.04162436097107958,0.6439594241968652,0.7188350783304034,0.07487565413353814,0.6199095022624435,0.6699507389162561,0.6954545454545454,0.7438423645320197,0.5095986038394416,0.5573622402890696,0.047763636449628,0.8635765689081484,0.9247189515592288,0.06114238265108041,0.8416289592760181,0.8866995073891626,0.9045454545454545,0.9458128078817734,0.6423125794155019,0.6797129810828441,0.037400401667342154,0.9882830561037497,0.9952641821433795,0.006981126039629859,0.9864253393665159,0.9901477832512315,0.9954545454545455,0.9950738916256158,
000764,patches,1875,0.046875,0.7276136896390061,0.7295194508009153,0.8423337856173677,0.8436094204816089,0.001905761161909214,0.6496674057649667,0.6361615413115969,-0.013505864453369876,0.9619502493991625,0.9562014836688726,-0.005748765730289929,0.9883268482490273,0.9369449378330373,0.9871031746031746,0.9271758436944938,0.8393527204502814,0.8253152732368052,-0.014037447213476217,0.9878445366871837,0.984137895847711,-0.003706640839472697,0.9990272373540856,0.9769094138543517,0.9970238095238095,0.9715808170515098,0.891023202738684,0.8852985638699924,-0.005724638868691567,0.9932945909700492,0.9973285841495992,0.0040339931795499995,1.0,0.9866785079928952,1.0,0.9946714031971581,
000765,crazing,0,0.0,NA,NA,NA,NA,NA,NA,NA,NA,NA,NA,NA,NA,NA,NA,NA,NA,NA,NA,NA,NA,NA,NA,NA,NA,NA,NA,NA,NA,NA,NA,NA,NA,NA,NA,NA,
000765,inclusion,5180,0.1295,0.8226294820717132,0.8284794851166533,0.9026842703506164,0.9061950017599437,0.0058500030449401,0.13170731707317074,0.1429344883595019,0.011227171286331161,0.3512228045938222,0.3658106660214979,0.014587861427675708,0.3607843137254902,0.34215500945179583,0.37476099426386233,0.3572778827977316,0.31402342513453624,0.33365170327921045,0.019628278144674216,0.6024610578490035,0.6462550041374991,0.043793946288495644,0.615686274509804,0.5897920604914934,0.6577437858508605,0.6351606805293005,0.4721101352955139,0.49200286464550014,0.01989272934998626,0.8316334375480499,0.8441110226173042,0.012477585069254338,0.8372549019607843,0.8260869565217391,0.8451242829827916,0.8431001890359168,
000765,patches,1925,0.048125,0.7007805724197745,0.752410166520596,0.8240693523712391,0.8587146786696674,0.05162959410082146,0.5870612525808672,0.6355239786856128,0.04846272610474567,0.9346330236184548,0.954738408540826,0.02010538492237124,0.9459211732355637,0.9236111111111112,0.9698354661791591,0.9401041666666666,0.8142538975501113,0.8376608715285617,0.023406973978450374,0.9899009382952996,0.995640802092415,0.005739863797115441,0.998166819431714,0.9817708333333334,1.0,0.9913194444444444,0.8830931971548422,0.9034571533652078,0.020363956210365575,0.9934185682472648,0.998696219035202,0.0052776507879371826,0.998166819431714,0.9887152777777778,1.0,0.9973958333333334,
000766,crazing,0,0.0,NA,NA,NA,NA,NA,NA,NA,NA,NA,NA,NA,NA,NA,NA,NA,NA,NA,NA,NA,NA,NA,NA,NA,NA,NA,NA,NA,NA,NA,NA,NA,NA,NA,NA,NA,
000766,inclusion,4547,0.113675,0.8742678641155799,0.8734251968503937,0.9329166666666666,0.932436692234948,-0.0008426672651862255,0.29924717691342534,0.28446662507797876,-0.014780551835446576,0.6783207416505886,0.668617581645792,-0.009703160004796652,0.666015625,0.691089108910891,0.6640316205533597,0.6732673267326733,0.5252860834256183,0.5224157095220452,-0.0028703739035731424,0.8790113789090941,0.8901862174471152,0.011174838538021148,0.869140625,0.8891089108910891,0.8853754940711462,0.8950495049504951,0.6528483551751806,0.6502820306204674,-0.002566324554713173,0.9577282786024649,0.9693372898120672,0.011609011209602338,0.953125,0.9623762376237623,0.9683794466403162,0.9702970297029703,
000766,patches,1127,0.028175,0.7158119658119658,0.7321688500727802,0.8343711083437111,0.8453781512605042,0.016356884260814386,0.5658042744656918,0.5969626168224299,0.03115834235673809,0.9569246646026831,0.963961004680846,0.007036340078162895,0.9466666666666667,0.9674074074074074,0.9694656488549618,0.9585185185185185,0.8027867095391211,0.8065934065934066,0.0038066970542854905,0.9828016411286946,0.9871427834962968,0.004341142367602191,0.9703703703703703,0.9955555555555555,0.983206106870229,0.9911111111111112,0.8600870827285921,0.8671204498372299,0.007033367108637778,0.9849624060150376,0.9900732711604027,0.005110865145365073,0.9703703703703703,1.0,0.983206106870229,0.997037037037037,
000767,crazing,0,0.0,NA,NA,NA,NA,NA,NA,NA,NA,NA,NA,NA,NA,NA,NA,NA,NA,NA,NA,NA,NA,NA,NA,NA,NA,NA,NA,NA,NA,NA,NA,NA,NA,NA,NA,NA,
000767,inclusion,3803,0.095075,0.9107142857142857,0.9046347973792769,0.9532710280373832,0.949929927379284,-0.00607948833500882,0.3929824561403509,0.3853448275862069,-0.00763762855414396,0.804828746078463,0.7770055615899124,-0.02782318448855059,0.8086734693877551,0.8010204081632653,0.7810945273631841,0.7729591836734694,0.6259620318111853,0.6105793450881613,-0.015382686723024008,0.9528044149386662,0.9244202809011902,-0.028384134037475972,0.9540816326530612,0.951530612244898,0.9253731343283582,0.923469387755102,0.7358214416392242,0.724648141465175,-0.011173300174049272,1.0,0.9924421169745449,-0.0075578830254551255,1.0,1.0,0.9925373134328358,0.9923469387755102,
000767,patches,1495,0.037375,0.7641117052881758,0.7702702702702703,0.8662849444257326,0.8702290076335878,0.006158564982094439,0.642080378250591,0.6660368445914029,0.023956466340811833,0.9561357431063444,0.9722592525567049,0.01612350945036045,0.9805825242718447,0.9328782707622298,0.9775678866587958,0.9670079635949943,0.8445365709209357,0.8654073199527745,0.02087074903183883,0.9761211415259172,0.9982905982905983,0.022169456764681073,1.0,0.9533560864618885,1.0,0.9965870307167235,0.8871162678269278,0.9193936477382099,0.0322773799112821,0.977906976744186,0.9994308480364257,0.02152387129223965,1.0,0.9567690557451649,1.0,0.9988623435722411,
000768,crazing,0,0.0,NA,NA,NA,NA,NA,NA,NA,NA,NA,NA,NA,NA,NA,NA,NA,NA,NA,NA,NA,NA,NA,NA,NA,NA,NA,NA,NA,NA,NA,NA,NA,NA,NA,NA,NA,
000768,inclusion,3817,0.095425,0.8631984585741811,0.8813392417528311,0.9265770423991727,0.9369275058885108,0.018140783178649977,0.2773049645390071,0.3435399551904406,0.06623499065143351,0.6185340266336892,0.7114035847259504,0.09286955809226127,0.6452380952380953,0.593952483801296,0.7428571428571429,0.6825053995680346,0.519880290722531,0.5717449069973428,0.05186461627481187,0.8747995559393118,0.9064973264305085,0.03169777049119671,0.9,0.8509719222462203,0.9357142857142857,0.8790496760259179,0.6510465479537645,0.689699296225208,0.03865274827144349,0.9778464790176423,0.9699627681422496,-0.007883710875392747,0.9928571428571429,0.9632829373650108,0.9880952380952381,0.9524838012958964,
000768,patches,1315,0.032875,0.6764705882352942,0.6957928802588996,0.8070175438596491,0.8206106870229007,0.01932229202360547,0.5817055740828966,0.5726536445926632,-0.009051929490233368,0.9359692732887577,0.9521699932129675,0.016200719924209794,0.9856396866840731,0.8910648714810282,0.9947368421052631,0.9130966952264382,0.7916792282182695,0.7973421926910299,0.005662964472760379,0.989486703772418,0.9812967581047382,-0.008189945667679832,1.0,0.9791921664626683,1.0,0.9632802937576499,0.8516299137104506,0.8470220941402498,-0.004607819570200844,0.9926017262638718,0.9812967581047382,-0.011304968159133622,1.0,0.98531211750306,1.0,0.9632802937576499,
000769,crazing,0,0.0,NA,NA,NA,NA,NA,NA,NA,NA,NA,NA,NA,NA,NA,NA,NA,NA,NA,NA,NA,NA,NA,NA,NA,NA,NA,NA,NA,NA,NA,NA,NA,NA,NA,NA,NA,
000769,inclusion,11853,0.296325,0.894816611094271,0.8996180290297937,0.9444888817789153,0.9471567602348588,0.004801417935522689,0.16639141205615193,0.17515527950310558,0.00876386744695365,0.436445697906866,0.41942294159042925,-0.017022756316436738,0.47832817337461303,0.4013071895424837,0.45426829268292684,0.3895424836601307,0.3492333901192504,0.3642367906066536,0.015003400487403173,0.6569203342822807,0.6890047086733043,0.03208437439102363,0.718266253869969,0.6052287581699346,0.7454268292682927,0.6405228758169934,0.48101952277657267,0.49945414847161573,0.01843462569504306,0.8153613952708368,0.8297051657881801,0.014343770517343257,0.8854489164086687,0.7555555555555555,0.885670731707317,0.7803921568627451,
000769,patches,545,0.013625,0.504950495049505,0.4605263157894737,0.6710526315789473,0.6306306306306306,-0.04442417926003128,0.4328018223234624,0.4062140391254315,-0.0265877831980309,0.8674698795180723,0.8270944741532977,-0.040375405364774575,1.0,0.7659574468085106,1.0,0.7051671732522796,0.674191121143717,0.6267870579382995,-0.04740406320541757,0.9352750809061489,0.8922558922558922,-0.04301918865025667,1.0,0.878419452887538,1.0,0.8054711246200608,0.7262731481481481,0.6811342592592593,-0.04513888888888884,0.9572107765451664,0.9141914191419142,-0.043019357403252245,1.0,0.9179331306990881,1.0,0.8419452887537994,
000770,crazing,0,0.0,NA,NA,NA,NA,NA,NA,NA,NA,NA,NA,NA,NA,NA,NA,NA,NA,NA,NA,NA,NA,NA,NA,NA,NA,NA,NA,NA,NA,NA,NA,NA,NA,NA,NA,NA,
000770,inclusion,864,0.0216,0.718801996672213,0.7164179104477612,0.8363988383349468,0.8347826086956521,-0.0023840862244518535,0.0762081784386617,0.07076350093109869,-0.005444677507563014,0.2637362637362637,0.2583483303339332,-0.005387933402330514,0.25,0.27906976744186046,0.25333333333333335,0.26356589147286824,0.2636761487964989,0.25848849945235486,-0.005187649344144063,0.5809840658378568,0.5850304152340651,0.004046349396208293,0.5526315789473685,0.6124031007751938,0.56,0.6124031007751938,0.4372402327514547,0.43463780183180684,-0.002602430919647847,0.8160164398916462,0.7967384973791497,-0.019277942512496482,0.7697368421052632,0.8682170542635659,0.76,0.8372093023255814,
000770,patches,321,0.008025,0.724233983286908,0.7185792349726776,0.840064620355412,0.8362480127186009,-0.005654748314230407,0.6449136276391555,0.6507633587786259,0.005849731139470404,0.9877750611246945,0.9876982362531496,-7.682487154492268e-05,1.0,0.9758454106280193,0.98989898989899,0.9855072463768116,0.8172169811320755,0.8255269320843092,0.008309950952233636,0.9951456310679612,0.9975786924939467,0.0024330614259855388,1.0,0.9903381642512077,1.0,0.9951690821256038,0.8482697426796806,0.8562610229276896,0.007991280248008992,0.9975786924939467,1.0,0.002421307506053294,1.0,0.9951690821256038,1.0,1.0,
000771,crazing,0,0.0,NA,NA,NA,NA,NA,NA,NA,NA,NA,NA,NA,NA,NA,NA,NA,NA,NA,NA,NA,NA,NA,NA,NA,NA,NA,NA,NA,NA,NA,NA,NA,NA,NA,NA,NA,
000771,inclusion,4912,0.1228,0.8117044139527194,0.8216989066442388,0.8960671594123552,0.9021237303785781,0.009994492691519419,0.08290422245108137,0.101712506486767,0.01880828403568563,0.24819744459085324,0.29871822065998005,0.050520776069126805,0.2548262548262548,0.2419047619047619,0.30228136882129275,0.29523809523809524,0.30598877105427325,0.34318398474737843,0.03719521369310519,0.6931614751163624,0.7658496110140582,0.07268813589769585,0.7007722007722008,0.6857142857142857,0.7737642585551331,0.758095238095238,0.46928166351606804,0.5040728318160038,0.03479116829993578,0.8675924081850579,0.8876515183963678,0.020059110211309905,0.8803088803088803,0.8552380952380952,0.8954372623574145,0.88,
000771,patches,1110,0.02775,0.7262984336356142,0.7161949685534591,0.8414517669531996,0.8346312414109024,-0.010103465082155094,0.47092547092547093,0.4371069182389937,-0.03381855268647721,0.8809743044194729,0.9012344298588904,0.020260125439417465,0.8899297423887588,0.8721973094170403,0.9011235955056179,0.9013452914798207,0.7079862812346889,0.6886255924170616,-0.019360688817627314,0.9909502262443438,0.9932634654600424,0.0023132392156985926,1.0,0.9820627802690582,0.9955056179775281,0.9910313901345291,0.8337720947724708,0.8213634706525702,-0.012408624119900624,0.9954954954954954,0.9977553282548371,0.002259832759341718,1.0,0.9910313901345291,0.9977528089887641,0.9977578475336323,
000772,crazing,0,0.0,NA,NA,NA,NA,NA,NA,NA,NA,NA,NA,NA,NA,NA,NA,NA,NA,NA,NA,NA,NA,NA,NA,NA,NA,NA,NA,NA,NA,NA,NA,NA,NA,NA,NA,NA,
000772,inclusion,2322,0.05805,0.8100282485875706,0.8753419304415787,0.8950448692937963,0.9335278182954783,0.0653136818540081,0.2829643888354187,0.3583690987124464,0.07540470987702769,0.6661905442079702,0.7531905961376995,0.08700005192972926,0.6376811594202898,0.6973684210526315,0.7403846153846154,0.7664473684210527,0.48518725544997204,0.6,0.11481274455002793,0.8389739167924122,0.9609858289825823,0.12201191219017016,0.8057971014492754,0.875,0.9455128205128205,0.9769736842105263,0.5975855130784709,0.7173321234119783,0.11974661033350742,0.8852201680491568,0.9788723294279807,0.09365216137882393,0.8492753623188406,0.9243421052631579,0.9647435897435898,0.993421052631579,
000772,patches,1423,0.035575,0.6968838526912181,0.7125917560700169,0.8213689482470785,0.8321793603692713,0.015707903378798793,0.546882436934793,0.5659574468085107,0.019075009873717685,0.9235612004898945,0.9465043618668904,0.022943161376995813,0.9584487534626038,0.8911242603550296,0.9596354166666666,0.9337278106508876,0.7721130221130221,0.7958996328029376,0.0237866106899155,0.9932738829959273,0.9956199951092525,0.0023461121133251384,0.997229916897507,0.9893491124260355,0.9947916666666666,0.9964497041420118,0.8735976065818998,0.8898536343339122,0.016256027752012403,0.9988151658767772,0.9993485342019545,0.0005333683251772525,1.0,0.9976331360946745,0.9986979166666666,1.0,
000773,crazing,0,0.0,NA,NA,NA,NA,NA,NA,NA,NA,NA,NA,NA,NA,NA,NA,NA,NA,NA,NA,NA,NA,NA,NA,NA,NA,NA,NA,NA,NA,NA,NA,NA,NA,NA,NA,NA,
000773,inclusion,5954,0.14885,0.7418200408997955,0.7845191130458441,0.8517757557968888,0.8792498856533008,0.04269907214604862,0.15121773900399854,0.1957960295834955,0.04457829057949697,0.3909265689971236,0.4681502144532538,0.0772236454561302,0.3613744075829384,0.42574257425742573,0.4417721518987342,0.49787835926449786,0.3083525225036634,0.37273139745916517,0.06437887495550176,0.6157880664493459,0.7061152311334647,0.09032716468411883,0.566350710900474,0.6746817538896747,0.669620253164557,0.7468175388967468,0.42757444168734493,0.4984924623115578,0.07091802062421287,0.7294775693813957,0.789781091219906,0.06030352183851029,0.6729857819905213,0.7963224893917963,0.7518987341772152,0.8316831683168316,
000773,patches,1351,0.033775,0.592429022082019,0.6291021671826625,0.7440570522979397,0.7723299125807678,0.03667314510064357,0.43765281173594134,0.4493545183714002,0.011701706635458886,0.8610802031703023,0.8659686303048438,0.0048884271345415176,0.9296,0.8019680196801968,0.9246794871794872,0.8142681426814268,0.705026455026455,0.6961398878258,-0.008886567200654949,0.9515131228226776,0.9419392461100017,-0.009573876712675955,0.9824,0.922509225092251,0.9759615384615384,0.9102091020910209,0.7932602300080235,0.7844024487623104,-0.008857781245713126,0.9633085103885911,0.9519349456329589,-0.011373564755632226,0.9936,0.9348093480934809,0.9903846153846154,0.9163591635916359,
000774,crazing,0,0.0,NA,NA,NA,NA,NA,NA,NA,NA,NA,NA,NA,NA,NA,NA,NA,NA,NA,NA,NA,NA,NA,NA,NA,NA,NA,NA,NA,NA,NA,NA,NA,NA,NA,NA,NA,
000774,inclusion,2551,0.063775,0.792741165234002,0.8075545424943015,0.8843899840170485,0.8935326968113854,0.01481337726029952,0.18130990415335463,0.19724025974025974,0.015930355586905115,0.4718369950954982,0.4978380966131447,0.026001101517646508,0.46467391304347827,0.4792243767313019,0.4890710382513661,0.5069252077562327,0.39649455234486025,0.43414634146341463,0.03765178911855438,0.6967491089750513,0.7977233921457029,0.1009742831706516,0.6847826086956522,0.7091412742382271,0.7868852459016393,0.8088642659279779,0.557400211939244,0.5882990249187432,0.030898812979499146,0.9561260559111342,0.9628721334669575,0.006746077555823349,0.9510869565217391,0.961218836565097,0.9590163934426229,0.9667590027700831,
000774,patches,545,0.013625,0.735973597359736,0.7392739273927392,0.8479087452471483,0.8500948766603416,0.0033003300330032292,0.5503649635036496,0.553623188405797,0.003258224902147444,0.940503700726749,0.9076620825147348,-0.032841618212014256,0.9437751004016064,0.9372549019607843,0.9094488188976378,0.9058823529411765,0.7491349480968859,0.7545219638242894,0.005387015727403521,1.0,1.0,0.0,1.0,1.0,1.0,1.0,0.8512720156555773,0.8557504873294347,0.004478471673857398,1.0,1.0,0.0,1.0,1.0,1.0,1.0,
000775,crazing,0,0.0,NA,NA,NA,NA,NA,NA,NA,NA,NA,NA,NA,NA,NA,NA,NA,NA,NA,NA,NA,NA,NA,NA,NA,NA,NA,NA,NA,NA,NA,NA,NA,NA,NA,NA,NA,
000775,inclusion,4635,0.115875,0.8320820362570958,0.8266862709060835,0.9083458270864567,0.9051212395613241,-0.005395765351012272,0.2981900452488688,0.2731707317073171,-0.02501931354155168,0.623825577628156,0.6118546155561093,-0.011970962072046731,0.6380813953488372,0.6101928374655647,0.6311953352769679,0.59366391184573,0.5167875369325813,0.5139186295503212,-0.0028689073822600886,0.8310275585432448,0.8683955091079691,0.037367950564724306,0.8517441860465116,0.8112947658402204,0.8877551020408163,0.849862258953168,0.6444179578863727,0.6438464582508904,-0.0005714996354823088,0.9434588060651045,0.9548223414273223,0.011363535362217791,0.9680232558139535,0.9201101928374655,0.9752186588921283,0.9352617079889807,
000775,patches,1379,0.034475,0.6894803548795945,0.7330374128091313,0.8162040510127532,0.8459568240029272,0.04355705792953679,0.45659928656361476,0.5189558732131759,0.062356586649561174,0.8885344948037369,0.9009529309846953,0.012418436180958392,0.9505494505494505,0.8341158059467919,0.9647495361781077,0.8450704225352113,0.6869311976701856,0.7217487958503149,0.034817598180129306,0.9643435980551054,0.9660194174757283,0.0016758194206228927,1.0,0.9311424100156495,1.0,0.9342723004694836,0.8053325688073395,0.8435334872979214,0.03820091849058194,0.980047885075818,0.980047885075818,0.0,1.0,0.9608763693270735,1.0,0.9608763693270735,
000776,crazing,0,0.0,NA,NA,NA,NA,NA,NA,NA,NA,NA,NA,NA,NA,NA,NA,NA,NA,NA,NA,NA,NA,NA,NA,NA,NA,NA,NA,NA,NA,NA,NA,NA,NA,NA,NA,NA,
000776,inclusion,4073,0.101825,0.8434710400664314,0.8403065451532725,0.9150900900900901,0.9132245357343838,-0.003164494913158844,0.11954887218045113,0.128419452887538,0.008870580707086878,0.3333185250999556,0.3465108284633895,0.01319230336343391,0.32972972972972975,0.336986301369863,0.34782608695652173,0.3452054794520548,0.3309449171518137,0.32189032545697727,-0.009054591694836411,0.608,0.6056527590847913,-0.0023472409152086593,0.6162162162162163,0.6,0.6114130434782609,0.6,0.4994944388270981,0.4892689470154259,-0.010225491811672205,0.9374118762218844,0.87579632722621,-0.06161554899567434,0.9378378378378378,0.936986301369863,0.8668478260869565,0.8849315068493151,
000776,patches,796,0.0199,0.6710963455149501,0.7027624309392265,0.8031809145129225,0.8254380272550292,0.0316660854242764,0.4538152610441767,0.47715736040609136,0.02334209936191467,0.9107336465486087,0.922694558069694,0.01196091152108536,0.9459459459459459,0.8780487804878049,0.9529411764705882,0.8943089430894309,0.7377557346559206,0.7331269349845201,-0.0046287996714005075,0.979253112033195,0.979253112033195,0.0,1.0,0.959349593495935,1.0,0.959349593495935,0.8351167315175098,0.8374575448811257,0.0023408133636159123,0.9931787175989086,0.9820689655172414,-0.011109752081667201,1.0,0.986449864498645,1.0,0.964769647696477,
000777,crazing,0,0.0,NA,NA,NA,NA,NA,NA,NA,NA,NA,NA,NA,NA,NA,NA,NA,NA,NA,NA,NA,NA,NA,NA,NA,NA,NA,NA,NA,NA,NA,NA,NA,NA,NA,NA,NA,
000777,inclusion,4505,0.112625,0.8374060150375939,0.8503952188162714,0.9115089514066497,0.9191498228797667,0.012989203778677516,0.22468179302711677,0.2606199770378875,0.0359381840107707,0.5177510519676851,0.6213147117847644,0.10356365981707927,0.5108303249097473,0.5248618784530387,0.618348623853211,0.6243093922651933,0.44035202086049546,0.4793918918918919,0.039039871031396445,0.7912686209764828,0.8464739565973227,0.05520533562083996,0.7870036101083032,0.7955801104972375,0.8403669724770643,0.852670349907919,0.5878119001919386,0.615725905841755,0.027914005649816387,0.9261769535140373,0.92095559232855,-0.005221361185487328,0.9187725631768953,0.9337016574585635,0.9211009174311927,0.9208103130755064,
000777,patches,2760,0.069,0.9157599157599158,0.892436974789916,0.9560278490289483,0.9431616341030196,-0.02332294096999976,0.5355249204665959,0.44509803921568625,-0.0904268812509097,0.9148564358330039,0.8725721265504842,-0.042284309282519694,0.9373219373219374,0.8934426229508197,0.8791208791208791,0.8661202185792349,0.7128358208955224,0.6409679234665167,-0.07186789742900579,0.9512356737919357,0.9273677906016803,-0.023867883190255457,0.9686609686609686,0.9344262295081968,0.9340659340659341,0.9207650273224044,0.798990748528175,0.7381905524419535,-0.06080019608622145,0.9749964075298174,0.9505913562506909,-0.02440505127912651,0.9829059829059829,0.9672131147540983,0.9615384615384616,0.9398907103825137,
000778,crazing,0,0.0,NA,NA,NA,NA,NA,NA,NA,NA,NA,NA,NA,NA,NA,NA,NA,NA,NA,NA,NA,NA,NA,NA,NA,NA,NA,NA,NA,NA,NA,NA,NA,NA,NA,NA,NA,
000778,inclusion,3339,0.083475,0.8011335633316905,0.8132227249874309,0.8895881789574497,0.8969915430472758,0.012089161655740366,0.2685539403213466,0.2896174863387978,0.021063546017451196,0.6053921568627451,0.6477121652446903,0.04232000838194527,0.5626423690205011,0.6551724137931034,0.5986238532110092,0.7055702917771883,0.4614011601963409,0.48070812528370405,0.019306965087363126,0.8164161298019567,0.8219268663624941,0.005510736560537466,0.7494305239179955,0.896551724137931,0.7568807339449541,0.8992042440318302,0.5551658163265306,0.572168284789644,0.017002468463113374,0.8602858983511221,0.8725248080463383,0.012238909695216127,0.7881548974943052,0.946949602122016,0.7958715596330275,0.9655172413793104,
000778,patches,2856,0.0714,0.9018121911037891,0.9304347826086956,0.9483714483714484,0.963963963963964,0.028622591504906536,0.64030131826742,0.7375565610859729,0.09725524281855291,0.9713843774168599,0.9864722609575369,0.015087883540677027,1.0,0.9443609022556391,0.9910313901345291,0.9819548872180451,0.8527279664250286,0.9096848578016911,0.05695689137666249,0.9808429118773946,0.9947089947089947,0.013866082831600068,1.0,0.9624060150375939,1.0,0.9894736842105263,0.8896952104499274,0.9314469078179697,0.041751697368042295,0.9870525514089871,0.9962264150943396,0.009173863685352557,1.0,0.9744360902255639,1.0,0.9924812030075187,
000779,crazing,0,0.0,NA,NA,NA,NA,NA,NA,NA,NA,NA,NA,NA,NA,NA,NA,NA,NA,NA,NA,NA,NA,NA,NA,NA,NA,NA,NA,NA,NA,NA,NA,NA,NA,NA,NA,NA,
000779,inclusion,5652,0.1413,0.8339527027027027,0.7835885085153965,0.9094593349912499,0.8786651234567902,-0.0503641941873062,0.21699905033238368,0.15530829856281872,-0.061690751769564955,0.5706644533591553,0.40244407279230354,-0.16822038056685173,0.5509259259259259,0.591869918699187,0.4016393442622951,0.4032520325203252,0.45826137017846863,0.3550863723608445,-0.10317499781762413,0.8526097899466046,0.6873363969518934,-0.16527339299471122,0.8271604938271605,0.8796747967479674,0.6918032786885245,0.6829268292682927,0.5956947996589941,0.49948822927328557,-0.09620657038570851,0.9296327173734154,0.8603640306715203,-0.06926868670189501,0.9104938271604939,0.9495934959349593,0.8557377049180328,0.865040650406504,
000779,patches,1393,0.034825,0.7883765003158559,0.7671826625386997,0.8816672553867891,0.8682550805886475,-0.02119383777715622,0.44808743169398907,0.404553415061296,-0.04353401663269307,0.9035648406331774,0.8769964001419662,-0.02656844049121121,0.8728606356968215,0.9365079365079365,0.8485576923076923,0.9074074074074074,0.6673684210526316,0.6342213114754098,-0.03314710957722178,0.9659326949128165,0.9602180990444932,-0.005714595868323347,0.9364303178484108,0.9973544973544973,0.9326923076923077,0.9894179894179894,0.7745620715917746,0.7513049962714392,-0.023257075320335385,0.9697732997481108,0.9652575731644703,-0.0045157265836405225,0.941320293398533,1.0,0.9375,0.9947089947089947,
000780,crazing,0,0.0,NA,NA,NA,NA,NA,NA,NA,NA,NA,NA,NA,NA,NA,NA,NA,NA,NA,NA,NA,NA,NA,NA,NA,NA,NA,NA,NA,NA,NA,NA,NA,NA,NA,NA,NA,
000780,inclusion,5643,0.141075,0.9283178360101437,0.9219810040705563,0.9628265825004384,0.9594069890575362,-0.006336831939587451,0.36949924127465855,0.3438202247191011,-0.025679016555557432,0.7889803383630544,0.7155325825841763,-0.07344775577887808,0.8207547169811321,0.7595744680851064,0.7565632458233891,0.6787234042553192,0.6138524219103667,0.5852348993288591,-0.028617522581507626,0.9603676048248133,0.9253929356555871,-0.0349746691692262,0.9858490566037735,0.9361702127659575,0.954653937947494,0.8978723404255319,0.7192469977280104,0.6984843598839084,-0.020762637844101928,0.981581798483207,0.9782608695652174,-0.0033209289179896295,1.0,0.9638297872340426,1.0,0.9574468085106383,
000780,patches,2586,0.06465,0.7696284329563813,0.7662951705504897,0.86981924411174,0.8676864244741874,-0.0033332624058916016,0.5169738118331717,0.48639774859287055,-0.030576063240301155,0.8665319839891247,0.8632416419805332,-0.0032903420085914625,0.8519900497512438,0.881578947368421,0.8444444444444444,0.8828947368421053,0.7231585518102372,0.7172167707404103,-0.005941781069826901,0.9547771421128224,0.944180205905373,-0.010596936207449392,0.945273631840796,0.9644736842105263,0.9320987654320988,0.9565789473684211,0.8321366674919535,0.8330106485963213,0.0008739811043678714,0.9669401348387621,0.9601156998232364,-0.006824435015525654,0.9552238805970149,0.9789473684210527,0.945679012345679,0.975,
000781,crazing,0,0.0,NA,NA,NA,NA,NA,NA,NA,NA,NA,NA,NA,NA,NA,NA,NA,NA,NA,NA,NA,NA,NA,NA,NA,NA,NA,NA,NA,NA,NA,NA,NA,NA,NA,NA,NA,
000781,inclusion,3256,0.0814,0.9146489104116223,0.9110245656081486,0.9554220676572874,0.9534409782097507,-0.0036243448034737336,0.4904306220095694,0.4564459930313589,-0.033984628978210474,0.8436482084690553,0.8430127830850839,-0.000635425383971433,0.8633333333333333,0.8248407643312102,0.8585526315789473,0.8280254777070064,0.6465916611515553,0.625974025974026,-0.020617635177529348,0.9023426474738923,0.8963760835533541,-0.0059665639205381815,0.92,0.8853503184713376,0.9144736842105263,0.8789808917197452,0.7355679702048417,0.7282358360202672,-0.007332134184574457,0.9251442401440682,0.9255026646601567,0.0003584245160885846,0.9433333333333334,0.9076433121019108,0.944078947368421,0.9076433121019108,
000781,patches,3473,0.086825,0.7756170531039641,0.805026656511805,0.8736310025273799,0.8919831223628693,0.029409603407840934,0.37494637494637495,0.427536231884058,0.05258985693768303,0.7081834117538518,0.8365404882161452,0.12835707646229344,0.6867469879518072,0.7310012062726177,0.8231046931407943,0.850422195416164,0.6200224340998317,0.6576340326340326,0.03761159853420093,0.9740471044792598,0.9872305015396762,0.01318339706041638,0.9795180722891567,0.9686369119420989,0.9975932611311673,0.97708082026538,0.7446615174920491,0.7763188745603752,0.031657357068326064,0.9914841849148418,0.9981873111782478,0.006703126263405967,1.0,0.9831121833534379,1.0,0.9963811821471653,
000782,crazing,0,0.0,NA,NA,NA,NA,NA,NA,NA,NA,NA,NA,NA,NA,NA,NA,NA,NA,NA,NA,NA,NA,NA,NA,NA,NA,NA,NA,NA,NA,NA,NA,NA,NA,NA,NA,NA,
000782,inclusion,3253,0.081325,0.8601798855273917,0.8432523051131601,0.9248351648351648,0.9149613460663938,-0.01692758041423159,0.3146417445482866,0.25449101796407186,-0.06015072658421472,0.659815799645461,0.6183110991374127,-0.04150470050804833,0.6650366748166259,0.6546762589928058,0.6277915632754343,0.6091127098321343,0.5326037391700866,0.4977538185085355,-0.034849920661551126,0.8692693192318847,0.8768919152747667,0.007622596042882068,0.8728606356968215,0.8657074340527577,0.8833746898263027,0.8705035971223022,0.6599537801254539,0.634546050475254,-0.025407729650199884,0.9455404563253993,0.9695556244303761,0.024015168104976836,0.9486552567237164,0.9424460431654677,0.9727047146401985,0.9664268585131894,
000782,patches,4766,0.11915,0.6688172043010753,0.7082102776137035,0.8015463917525774,0.8291839557399724,0.0393930733126282,0.3019838354151359,0.3786848072562358,0.07670097184109992,0.5931516555605978,0.7202648641191889,0.1271132085585911,0.6961038961038961,0.516728624535316,0.8260869565217391,0.6384758364312267,0.4633410672853828,0.5503484739245373,0.08700740663915452,0.7629180372807017,0.8455751700978357,0.08265713281713394,0.8714285714285714,0.6784386617100372,0.9706227967097533,0.7490706319702602,0.5999629080118695,0.6322869955156951,0.03232408750382565,0.8439250428562239,0.8601694915254238,0.01624444866919983,0.9922077922077922,0.7342007434944238,1.0,0.7546468401486989,
000783,crazing,0,0.0,NA,NA,NA,NA,NA,NA,NA,NA,NA,NA,NA,NA,NA,NA,NA,NA,NA,NA,NA,NA,NA,NA,NA,NA,NA,NA,NA,NA,NA,NA,NA,NA,NA,NA,NA,
000783,inclusion,4990,0.12475,0.8259015122140364,0.8275460717749757,0.9046506689318327,0.9056363443371191,0.0016445595609393404,0.23182100683654444,0.24022346368715083,0.008402456850606393,0.5793752485309062,0.5980158020431137,0.018640553512207503,0.672289156626506,0.5090252707581228,0.6879432624113475,0.5288808664259927,0.4457919882396178,0.4531135531135531,0.007321564873935316,0.8384226027309934,0.835086466382846,-0.003336136348147445,0.963855421686747,0.7418772563176895,0.9550827423167849,0.7418772563176895,0.5495519240906694,0.55771759137523,0.008165667284560585,0.8830645161290323,0.8864321608040201,0.0033676446749878464,1.0,0.7906137184115524,1.0,0.796028880866426,
000783,patches,3297,0.082425,0.7426125379729357,0.7562636165577342,0.85229793977813,0.8612187936114126,0.013651078584798526,0.3552941176470588,0.3769045709703288,0.021610453323269996,0.7235238587939136,0.7508663439760739,0.027342485182160314,0.7433831990794016,0.7046979865771812,0.7737397420867527,0.7293064876957495,0.6268974700399468,0.6206251669783596,-0.006272303061587214,0.9591521431556745,0.9341135242285187,-0.025038618927155865,0.9735327963176065,0.9451901565995525,0.958968347010551,0.9105145413870246,0.7694630148803105,0.7572565039776392,-0.01220651090267133,0.9750910959297394,0.9623440140996198,-0.012747081830119633,0.9827387802071347,0.9675615212527964,0.9706916764361079,0.9541387024608501,
000784,crazing,415,0.010375,0.40039840637450197,0.3347826086956522,0.5718349928876245,0.501628664495114,-0.06561579767884979,0.41383219954648526,0.31912302070645554,-0.09470917884002972,0.81578598861078,0.6790232918161987,-0.1367626967945813,0.9606986899563319,0.7088607594936709,0.9932885906040269,0.5158227848101266,0.6071163825055597,0.4637904468412943,-0.14332593566426538,0.9046793760831889,0.7915869980879542,-0.11309237799523475,1.0,0.8259493670886076,1.0,0.6550632911392406,0.673480976717774,0.5152224824355972,-0.15825849428217675,0.9140893470790378,0.8274582560296846,-0.08663109104935318,1.0,0.8417721518987342,1.0,0.7056962025316456,15.511829920092586
000784,inclusion,2634,0.06585,0.874451569355383,0.8890063424947146,0.9330212459488657,0.9412423055400112,0.014554773139331512,0.33714285714285713,0.3064516129032258,-0.03069124423963132,0.6897746967071058,0.6636835303874863,-0.026091166319619497,0.6677852348993288,0.7132616487455197,0.6642857142857143,0.6630824372759857,0.5416666666666666,0.5633217993079584,0.02165513264129182,0.8819472340425532,0.9622940135927752,0.08034677955022207,0.8489932885906041,0.9175627240143369,0.95,0.974910394265233,0.6430928807166431,0.6814335490293678,0.03834066831272476,0.9266517284702165,0.9855072463768115,0.058855517906595045,0.8859060402684564,0.9713261648745519,0.9714285714285714,1.0,
000784,patches,5687,0.142175,0.7635006077444001,0.8690290081639743,0.86589208349744,0.9299256505576208,0.10552840041957423,0.22287774500163882,0.38241570635936833,0.15953796135772952,0.5427403553676465,0.7477088429999038,0.20496848763225728,0.4668458781362007,0.6481012658227848,0.7281437125748503,0.7683544303797468,0.43341167254210733,0.6169304194925898,0.18351874695048243,0.7793520542888782,0.9593671795438578,0.18001512525497954,0.6738351254480287,0.9240506329113924,0.932934131736527,0.9873417721518988,0.5701452313220542,0.7308605883427736,0.16071535702071937,0.8615477872228777,0.9711883115110242,0.10964052428814652,0.7589605734767025,0.9962025316455696,0.9497005988023952,0.9936708860759493,
000785,crazing,0,0.0,NA,NA,NA,NA,NA,NA,NA,NA,NA,NA,NA,NA,NA,NA,NA,NA,NA,NA,NA,NA,NA,NA,NA,NA,NA,NA,NA,NA,NA,NA,NA,NA,NA,NA,NA,
000785,inclusion,4513,0.112825,0.9044463445917058,0.906951640759931,0.9498260186328432,0.9512057058756934,0.0025052961682251462,0.2419678714859438,0.2530737704918033,0.01110589900585951,0.6544947915822897,0.6217519676517193,-0.032742823930570486,0.6116207951070336,0.7038327526132404,0.5807453416149069,0.6689895470383276,0.481659651232712,0.4793438639125152,-0.0023157873201967716,0.8794788273615636,0.8385285862018024,-0.0409502411597612,0.8256880733944955,0.9407665505226481,0.7857142857142857,0.8989547038327527,0.602721685689201,0.6056024899955536,0.0028808043063525135,0.9315960912052117,0.9254377542291511,-0.006158336976060608,0.8746177370030581,0.9965156794425087,0.8664596273291926,0.9930313588850174,
000785,patches,1783,0.044575,0.9028317601332593,0.9238773274917853,0.9489349285088999,0.9604326786222602,0.02104556735852603,0.6656775469831849,0.7125382262996942,0.04686067931650928,0.9642644536522401,0.9903654887309082,0.026101035078668122,0.9623529411764706,0.966183574879227,0.9952718676122931,0.9855072463768116,0.8195121951219512,0.8436123348017621,0.02410013967981095,1.0,1.0,0.0,1.0,1.0,1.0,1.0,0.884090909090909,0.890530303030303,0.006439393939393967,1.0,1.0,0.0,1.0,1.0,1.0,1.0,
000786,crazing,0,0.0,NA,NA,NA,NA,NA,NA,NA,NA,NA,NA,NA,NA,NA,NA,NA,NA,NA,NA,NA,NA,NA,NA,NA,NA,NA,NA,NA,NA,NA,NA,NA,NA,NA,NA,NA,
000786,inclusion,1149,0.028725,0.8977455716586151,0.9132231404958677,0.9461179465422147,0.9546436285097192,0.015477568837252598,0.4346793349168646,0.48,0.04532066508313537,0.7890107312496334,0.8819186173703785,0.09290788612074508,0.777027027027027,0.8013698630136986,0.8802816901408451,0.8835616438356164,0.673728813559322,0.7225519287833828,0.0488231152240608,0.9455755677368833,0.9930542063337866,0.047478638596903266,0.9459459459459459,0.9452054794520548,0.9929577464788732,0.9931506849315068,0.7747196738022426,0.8108395324123273,0.03611985861008471,1.0,1.0,0.0,1.0,1.0,1.0,1.0,
000786,patches,2513,0.062825,0.7657864523536165,0.7188723570869224,0.8673602080624188,0.8364464692482916,-0.0469140952666941,0.38903225806451613,0.4024390243902439,0.013406766325727792,0.782512918139788,0.7947936874254001,0.01228076928561217,0.775092936802974,0.7900763358778626,0.8603104212860311,0.7385496183206107,0.5876172607879925,0.5738567381626871,-0.01376052262530536,0.8710095120203271,0.8769986755475363,0.00598916352720924,0.8605947955390335,0.8816793893129771,0.9467849223946785,0.816793893129771,0.7218984179850125,0.6698523023457863,-0.05204611563922623,0.9368657332228039,0.9018933999486377,-0.034972333274166156,0.9219330855018587,0.9522900763358778,0.9689578713968958,0.8435114503816794,
000787,crazing,0,0.0,NA,NA,NA,NA,NA,NA,NA,NA,NA,NA,NA,NA,NA,NA,NA,NA,NA,NA,NA,NA,NA,NA,NA,NA,NA,NA,NA,NA,NA,NA,NA,NA,NA,NA,NA,
000787,inclusion,5481,0.137025,0.8839390386869871,0.8946925021061499,0.9383945239576851,0.9444197421076034,0.010753463419162834,0.23224950232249503,0.286512928022362,0.054263425699866974,0.5893580495732147,0.6601378861082461,0.07077983653503139,0.5960698689956332,0.5827956989247312,0.6688888888888889,0.6516129032258065,0.46499602227525855,0.4959049959049959,0.03090897362973738,0.8439938248424917,0.839344262295082,-0.00464956254740978,0.8493449781659389,0.8387096774193549,0.8533333333333334,0.8258064516129032,0.6001172676634418,0.6209053007742704,0.020788033110828663,0.9230882700773925,0.9169819186076807,-0.006106351469711724,0.9279475982532751,0.9182795698924732,0.9288888888888889,0.9053763440860215,
000787,patches,1730,0.04325,0.7327425373134329,0.8001052077853761,0.8457604306864065,0.8889538281706605,0.06736267047194322,0.3033639143730887,0.40540540540540543,0.10204149103231674,0.6351507257164124,0.8145323507821959,0.17938162506578348,0.5691489361702128,0.7184684684684685,0.825287356321839,0.8040540540540541,0.46076037670038367,0.6416589002795899,0.18089852357920627,0.7946121456529476,0.9818227840091124,0.1872106383561648,0.7039007092198581,0.9121621621621622,0.9862068965517241,0.9774774774774775,0.5410161090458488,0.743368700265252,0.2023525912194032,0.8509944751381217,0.9965397923875432,0.14554531724942155,0.74822695035461,0.9864864864864865,0.993103448275862,1.0,
000788,crazing,0,0.0,NA,NA,NA,NA,NA,NA,NA,NA,NA,NA,NA,NA,NA,NA,NA,NA,NA,NA,NA,NA,NA,NA,NA,NA,NA,NA,NA,NA,NA,NA,NA,NA,NA,NA,NA,
000788,inclusion,6154,0.15385,0.9087181044957473,0.9131837738168408,0.9521763348452296,0.9546221187053249,0.004465669321093491,0.3440213760855043,0.34489659773182124,0.000875221646316926,0.6892695770893605,0.720909891185429,0.03164031409606849,0.7380952380952381,0.6465028355387523,0.7737068965517241,0.6748582230623819,0.532746074301034,0.55288647810926,0.020140403808225904,0.8283866590961044,0.8698083923319646,0.04142173323586018,0.8896103896103896,0.775047258979206,0.9353448275862069,0.8128544423440454,0.6393082624210815,0.6565096952908587,0.017201432869777156,0.9103237154097129,0.9409409409409409,0.03061722553122803,0.974025974025974,0.8544423440453687,1.0,0.888468809073724,
000788,patches,2432,0.0608,0.7558055152394775,0.7353483228897899,0.8609216780326514,0.8474936278674596,-0.02045719234968757,0.26143790849673204,0.21189120809614168,-0.049546700400590366,0.6421726203445167,0.5200065685040232,-0.12216605184049356,0.6090373280943026,0.6791208791208792,0.499001996007984,0.5428571428571428,0.51026045777427,0.4691358024691358,-0.041124655305134206,0.9193937548314552,0.8919771778280688,-0.0274165770033864,0.8762278978388998,0.967032967032967,0.846307385229541,0.9428571428571428,0.6252144082332761,0.5971202710333146,-0.028094137199961566,0.9422163503956626,0.946701898203053,0.0044855478073903,0.8978388998035364,0.9912087912087912,0.9041916167664671,0.9934065934065934,
000789,crazing,234,0.00585,0.3316708229426434,0.33796296296296297,0.49812734082397003,0.5051903114186851,0.006292140020319581,0.3078055964653903,0.34652114597544337,0.03871554951005307,0.5753424657534246,0.6619385342789598,0.08659606852553514,0.6363636363636364,0.525,0.6278026905829597,0.7,0.5198067632850242,0.5589558955895589,0.03914913230453476,0.858288943744316,0.8996510678314236,0.0413621240871076,0.9943181818181818,0.755,0.9820627802690582,0.83,0.597684515195369,0.6215112321307011,0.023826716935332115,0.9010989010989011,0.9151138716356108,0.014014970536709637,1.0,0.82,0.9910313901345291,0.85,13.074409009212268
000789,inclusion,1991,0.049775,0.8601714027965719,0.8260869565217391,0.9248302618816683,0.9047619047619048,-0.03408444627483276,0.2506527415143603,0.19112207151664612,-0.05953066999771417,0.5681613773609149,0.4322033898305085,-0.1359579875304064,0.5982142857142857,0.5409836065573771,0.4473684210526316,0.4180327868852459,0.4925373134328358,0.39985380116959063,-0.09268351226324517,0.8864319538809965,0.7386071341907304,-0.14782481969026606,0.9330357142857143,0.8442622950819673,0.7807017543859649,0.7008196721311475,0.6107000569151964,0.5358104469574583,-0.07488960995773808,0.9368191721132897,0.9001634703560465,-0.0366557017572432,1.0,0.8811475409836066,0.9385964912280702,0.8647540983606558,
000789,patches,5379,0.134475,0.9575548703065482,0.939860390191516,0.9783172720533728,0.9689979701051855,-0.017694480115032163,0.632,0.5063103192279139,-0.1256896807720861,0.9871159563924679,0.9724833999452287,-0.014632556447239153,1.0,0.974559686888454,0.9783037475345168,0.9667318982387475,0.7867276887871854,0.7248351648351649,-0.061892523952020495,0.9891196834817012,0.9901185770750988,0.000998893593397554,1.0,0.9784735812133072,1.0,0.9804305283757339,0.8462772785622593,0.8030018761726079,-0.04327540238965144,0.9911154985192496,0.9921104536489151,0.0009949551296655201,1.0,0.9823874755381604,1.0,0.9843444227005871,
000790,crazing,0,0.0,NA,NA,NA,NA,NA,NA,NA,NA,NA,NA,NA,NA,NA,NA,NA,NA,NA,NA,NA,NA,NA,NA,NA,NA,NA,NA,NA,NA,NA,NA,NA,NA,NA,NA,NA,
000790,inclusion,1745,0.043625,0.7667342799188641,0.6158940397350994,0.8679678530424799,0.7622950819672131,-0.15084024018376474,0.2915966386554622,0.19060283687943264,-0.10099380177602957,0.6846287075124486,0.49572951293893847,-0.18889919457351018,0.7134670487106017,0.6580310880829016,0.6108949416342413,0.4170984455958549,0.5232616308154077,0.3702368692070031,-0.15302476160840456,0.9034013605442177,0.7384095773578484,-0.1649917831863693,0.9512893982808023,0.8601036269430051,0.9260700389105059,0.6139896373056994,0.635836053681538,0.4521354933726068,-0.18370056030893117,0.9386306641641563,0.7756257097997358,-0.16300495436442053,0.9914040114613181,0.8911917098445595,0.9844357976653697,0.6398963730569949,
000790,patches,4061,0.101525,0.9162538334512856,0.9210337401292176,0.9562969346300628,0.9588938714499252,0.004779906677931933,0.5575949367088607,0.5875634517766497,0.02996851506778897,0.9454164919038649,0.9392215495411018,-0.006194942362763078,0.9731993299832495,0.919175911251981,0.9434571890145396,0.9350237717908082,0.7394090423638305,0.7570721357850071,0.017663093421176557,0.9689542483660132,0.9688170949069639,-0.00013715345904929954,1.0,0.9397781299524565,0.975767366720517,0.9619651347068146,0.8156902187578576,0.8291044776119403,0.01341425885408265,0.9731489015459723,0.9760194740127903,0.002870572466817989,1.0,0.9477020602218701,0.9789983844911146,0.9730586370839936,
000791,crazing,0,0.0,NA,NA,NA,NA,NA,NA,NA,NA,NA,NA,NA,NA,NA,NA,NA,NA,NA,NA,NA,NA,NA,NA,NA,NA,NA,NA,NA,NA,NA,NA,NA,NA,NA,NA,NA,
000791,inclusion,3861,0.096525,0.8499039385206533,0.840809361287177,0.9188627807347787,0.913521387895643,-0.009094577233476286,0.2687667560321716,0.2570469798657718,-0.011719776166399798,0.6347964441589911,0.6042939609061977,-0.030502483252793366,0.6515837104072398,0.6188524590163934,0.6357308584686775,0.5758196721311475,0.4989971921379864,0.487540192926045,-0.011456999211941377,0.8757987389446066,0.8657174487301743,-0.01008129021443227,0.9004524886877828,0.8524590163934426,0.9071925754060325,0.8278688524590164,0.6275599765944997,0.6126389701579871,-0.014921006436512618,0.9489638001318135,0.9399509463415621,-0.009012853790251407,0.9751131221719457,0.9241803278688525,0.974477958236659,0.9077868852459017,
000791,patches,5003,0.125075,0.9002470074102223,0.8849356548069645,0.9475052494750525,0.9389558232931727,-0.015311352603257888,0.5237226277372263,0.46830985915492956,-0.05541276858229677,0.9789998287050616,0.9495466446231764,-0.029453184081885242,0.9797136038186157,0.9782870928829915,0.9449760765550239,0.9541616405307599,0.7316186022343466,0.6948548140601121,-0.036763788174234535,1.0,1.0,0.0,1.0,1.0,1.0,1.0,0.8144104803493449,0.7875471020994078,-0.02686337824993712,1.0,1.0,0.0,1.0,1.0,1.0,1.0,
000792,crazing,0,0.0,NA,NA,NA,NA,NA,NA,NA,NA,NA,NA,NA,NA,NA,NA,NA,NA,NA,NA,NA,NA,NA,NA,NA,NA,NA,NA,NA,NA,NA,NA,NA,NA,NA,NA,NA,
000792,inclusion,4119,0.102975,0.8500210349179638,0.8699151620622145,0.9189312109152927,0.9304327594229874,0.01989412714425076,0.22019635343618513,0.24269005847953215,0.022493705043347023,0.5415494222594743,0.5773201950127407,0.035770772753266344,0.5240274599542334,0.5602836879432624,0.5731414868105515,0.5815602836879432,0.43016069221260816,0.48057616761239635,0.05041547539978819,0.8054028121194228,0.876059582508315,0.07065677038889218,0.7803203661327232,0.8321513002364066,0.86810551558753,0.8841607565011821,0.5658727766053663,0.6155315085932527,0.049658731987886395,0.8895144350173427,0.9475960589364872,0.05808162391914451,0.8741418764302059,0.9054373522458629,0.9568345323741008,0.9385342789598109,
000792,patches,4707,0.117675,0.8568023833167825,0.882995951417004,0.9228794523478447,0.937862825198882,0.026193568100221554,0.40506855006231823,0.491375497567448,0.0863069475051298,0.9028436018957345,0.9696849221206938,0.06684132022495926,0.9082240762812872,0.8975265017667845,0.9796163069544365,0.9599528857479388,0.6464968152866242,0.7074413863404689,0.060944571053844765,0.985773547342473,0.9910873440285205,0.005313796686047478,0.9928486293206198,0.9787985865724381,1.0,0.9823321554770318,0.7625176304654443,0.8051430641072075,0.04262543364176319,0.9910873440285205,0.9928825622775801,0.0017952182490595936,1.0,0.9823321554770318,1.0,0.9858657243816255,
000793,crazing,0,0.0,NA,NA,NA,NA,NA,NA,NA,NA,NA,NA,NA,NA,NA,NA,NA,NA,NA,NA,NA,NA,NA,NA,NA,NA,NA,NA,NA,NA,NA,NA,NA,NA,NA,NA,NA,
000793,inclusion,3613,0.090325,0.8449593884376493,0.8621621621621621,0.915965298459148,0.9259796806966618,0.017202773724512843,0.19359756097560976,0.21528861154446177,0.02169105056885201,0.48315714900887635,0.5286458333333333,0.04548868432445691,0.48186528497409326,0.4844559585492228,0.5314136125654451,0.5259067357512953,0.4164396003633061,0.4750593824228028,0.05861978205949675,0.7369350829106606,0.8684746874487541,0.13153960453809355,0.7461139896373057,0.727979274611399,0.8664921465968587,0.8704663212435233,0.5715729201751432,0.6207737887765772,0.04920086860143402,0.9572100654153841,0.9947984129364765,0.03758834752109241,0.9637305699481865,0.9507772020725389,0.9973821989528796,0.9922279792746114,
000793,patches,4589,0.114725,0.8830645161290323,0.8685242518059856,0.9379014989293362,0.9296365845576052,-0.01454026432304667,0.4989020641194554,0.4743150684931507,-0.02458699562630473,0.9039591268901078,0.9007544979686594,-0.0032046289214484602,0.9098457888493475,0.8981481481481481,0.9033760186263097,0.8981481481481481,0.7131665403083144,0.6930889274213525,-0.02007761288696186,0.9877284497316772,0.9784903226072953,-0.009238127124381879,0.99644128113879,0.9791666666666666,0.9860302677532014,0.9710648148148148,0.8155393053016453,0.8065331167659268,-0.009006188535718551,0.9924198250728863,0.9959325973271353,0.0035127722542490636,1.0,0.9849537037037037,1.0,0.9918981481481481,
000794,crazing,0,0.0,NA,NA,NA,NA,NA,NA,NA,NA,NA,NA,NA,NA,NA,NA,NA,NA,NA,NA,NA,NA,NA,NA,NA,NA,NA,NA,NA,NA,NA,NA,NA,NA,NA,NA,NA,
000794,inclusion,2288,0.0572,0.818577648766328,0.8261675315048184,0.9002394253790902,0.9048102293484879,0.007589882738490372,0.28191072826938135,0.34375,0.06183927173061865,0.6624843161856964,0.7399602419609417,0.07747592577524531,0.6683544303797468,0.6567164179104478,0.7461928934010152,0.7338308457711443,0.5317647058823529,0.5588094095055209,0.02704470362316802,0.909653568164825,0.9056485399399107,-0.004005028224914331,0.9088607594936708,0.9104477611940298,0.8984771573604061,0.9129353233830846,0.6606288448393711,0.6709210072438772,0.010292162404506033,0.9899615766304487,0.9496609493418429,-0.04030062728860584,0.9898734177215189,0.9900497512437811,0.9441624365482234,0.9552238805970149,
000794,patches,3744,0.0936,0.8427477261847774,0.8033275391110007,0.9146642421093648,0.8909391352244561,-0.0394201870737767,0.47901016349977904,0.38143891017454234,-0.0975712533252367,0.8709358898104028,0.7554902316148085,-0.11544565819559427,0.8760631834750912,0.8658682634730539,0.8023872679045093,0.7137724550898203,0.7038208168642951,0.6478797638217928,-0.0559410530425023,0.9789027654211977,0.9628069018120349,-0.01609586360916282,0.982989064398542,0.9748502994011976,0.980106100795756,0.9461077844311377,0.8072146658781786,0.7656752411575563,-0.04153942472062233,1.0,0.9823278488726386,-0.017672151127361424,1.0,1.0,1.0,0.9652694610778443,
000795,crazing,0,0.0,NA,NA,NA,NA,NA,NA,NA,NA,NA,NA,NA,NA,NA,NA,NA,NA,NA,NA,NA,NA,NA,NA,NA,NA,NA,NA,NA,NA,NA,NA,NA,NA,NA,NA,NA,
000795,inclusion,3042,0.07605,0.9214463840399002,0.8983576076851565,0.9591174561972745,0.9464577211883775,-0.023088776354743712,0.42857142857142855,0.3235930735930736,-0.10497835497835495,0.7953795379537953,0.6749462155290437,-0.12043332242475169,0.7953795379537953,0.7953795379537953,0.68,0.66996699669967,0.6608108108108108,0.5753865979381443,-0.08542421287266655,0.9834983498349835,0.9469306194525768,-0.03656773038240668,0.9834983498349835,0.9834983498349835,0.9466666666666667,0.9471947194719472,0.7601528905876732,0.6942645698427382,-0.065888320744935,1.0,1.0,0.0,1.0,1.0,1.0,1.0,
000795,patches,4585,0.114625,0.9103793247186328,0.9073688592839301,0.953087497272529,0.9514351195023464,-0.003010465434702736,0.5971764705882353,0.5831370701837023,-0.014039400404532998,0.9552868379196897,0.9654038501061861,0.01011701218649641,0.9500580720092915,0.9605734767025089,0.9678571428571429,0.9629629629629629,0.7717733473242392,0.7648612945838837,-0.0069120527403554455,0.9823574114409857,0.9874631268436579,0.0051057154026722396,0.9802555168408827,0.984468339307049,0.9904761904761905,0.984468339307049,0.8458520179372198,0.8477606322920587,0.0019086143548389112,0.9940912897822445,0.9916517321526281,-0.00243955762961634,0.9953542392566783,0.992831541218638,0.9916666666666667,0.991636798088411,
000796,crazing,0,0.0,NA,NA,NA,NA,NA,NA,NA,NA,NA,NA,NA,NA,NA,NA,NA,NA,NA,NA,NA,NA,NA,NA,NA,NA,NA,NA,NA,NA,NA,NA,NA,NA,NA,NA,NA,
000796,inclusion,1565,0.039125,0.8134048257372655,0.8245219347581553,0.8971023063276168,0.903822441430333,0.011117109020889804,0.34574468085106386,0.3939393939393939,0.048194713088330066,0.7470936858901299,0.7483129551680364,0.0012192692779064984,0.7354838709677419,0.759075907590759,0.7575757575757576,0.7392739273927392,0.5699126092384519,0.5984455958549223,0.028532986616470413,0.9037520391517129,0.8832874231161089,-0.02046461603560401,0.8935483870967742,0.9141914191419142,0.8956228956228957,0.8712871287128713,0.690401081568274,0.7149510945505356,0.02455001298226167,0.9673894504019236,0.9815075820611658,0.01411813165924225,0.9580645161290322,0.976897689768977,0.9730639730639731,0.9900990099009901,
000796,patches,3814,0.09535,0.8344649964879419,0.8208955223880597,0.9097638800255264,0.9016393442622951,-0.013569474099882184,0.42360475754803295,0.357862461673237,-0.06574229587479596,0.807921661969243,0.8140607512728764,0.006139089303633383,0.789002557544757,0.8277703604806409,0.7817715019255456,0.8491321762349799,0.6389490790899242,0.6164310482795412,-0.02251803081038295,0.9463036030331076,0.9672901170475525,0.020986514014444957,0.9514066496163683,0.9412550066755674,0.9666238767650834,0.9679572763684913,0.7382657120127287,0.7284729064039409,-0.009792805608787813,0.9842137445629312,0.9959785522788205,0.01176480771588928,0.9884910485933504,0.9799732977303071,1.0,0.9919893190921228,
000797,crazing,0,0.0,NA,NA,NA,NA,NA,NA,NA,NA,NA,NA,NA,NA,NA,NA,NA,NA,NA,NA,NA,NA,NA,NA,NA,NA,NA,NA,NA,NA,NA,NA,NA,NA,NA,NA,NA,
000797,inclusion,4924,0.1231,0.8896450248298694,0.9022782903408021,0.941600155732918,0.9486291200633475,0.01263326551093269,0.2914364640883978,0.30902527075812275,0.017588806669724955,0.6365604608826593,0.6659167604049493,0.02935629952229002,0.6181434599156118,0.6561085972850679,0.6621923937360179,0.669683257918552,0.5141451414514145,0.5597402597402598,0.045595118288845216,0.8494751024532644,0.9167290042095094,0.06725390175624502,0.8248945147679325,0.8755656108597285,0.9082774049217002,0.9253393665158371,0.6492178098676293,0.6891891891891891,0.03997137932155981,0.9378759145240916,0.9943832663583868,0.05650735183429523,0.9092827004219409,0.9683257918552036,0.9910514541387024,0.997737556561086,
000797,patches,3318,0.08295,0.8582257158899494,0.8647176841501863,0.9237044870826409,0.9274515831540117,0.006491968260236902,0.392235609103079,0.4064207650273224,0.014185155924243409,0.7718063211787122,0.8111802268622891,0.039373905683576904,0.7779960707269156,0.7657142857142857,0.8329979879275654,0.7904761904761904,0.6082877247849883,0.6215787385957953,0.013291013810806995,0.9106390846155427,0.9345818152741527,0.02394273065861008,0.8978388998035364,0.9238095238095239,0.9416498993963782,0.9276190476190476,0.7242449901213661,0.7294151050539466,0.005170114932580461,0.9683396878005817,0.9753538766809756,0.007014188880393957,0.9489194499017681,0.9885714285714285,0.9698189134808853,0.9809523809523809,
000798,crazing,0,0.0,NA,NA,NA,NA,NA,NA,NA,NA,NA,NA,NA,NA,NA,NA,NA,NA,NA,NA,NA,NA,NA,NA,NA,NA,NA,NA,NA,NA,NA,NA,NA,NA,NA,NA,NA,
000798,inclusion,1328,0.0332,0.833003300330033,0.8479890933878664,0.9088944904573281,0.917742530431575,0.01498579305783343,0.31635802469135804,0.3354330708661417,0.019075046174783672,0.6498194945848376,0.6884673413687298,0.038647846783892215,0.6666666666666666,0.6338028169014085,0.7064676616915423,0.6713615023474179,0.5352622061482821,0.5770308123249299,0.04176860617664779,0.8513502554537344,0.9446401423857022,0.09328988693196771,0.8529411764705882,0.8497652582159625,0.9601990049751243,0.9295774647887324,0.6588235294117647,0.6914822266934944,0.032658697281729654,0.9952015909905535,0.9976470588235293,0.002445467832975834,0.9950980392156863,0.9953051643192489,1.0,0.9953051643192489,
000798,patches,2769,0.069225,0.8341599504029759,0.8267983945662242,0.9095825587290857,0.9051884400878824,-0.0073615558367516876,0.3039492242595205,0.29146083274523643,-0.012488391514284047,0.6069114470842332,0.6281469096160057,0.021235462531772553,0.5770020533880903,0.6400911161731208,0.5987394957983193,0.6605922551252847,0.5401521555367709,0.5189234650967199,-0.021228690440050935,0.8931432287653737,0.864994138335287,-0.02814909043008662,0.8501026694045175,0.9407744874715261,0.8214285714285714,0.9134396355353075,0.6638036809815951,0.6454573263995106,-0.018346354582084556,0.9605660170923546,0.9420765027322405,-0.018489514360114034,0.9260780287474333,0.9977220956719818,0.9054621848739496,0.9817767653758542,
000799,crazing,0,0.0,NA,NA,NA,NA,NA,NA,NA,NA,NA,NA,NA,NA,NA,NA,NA,NA,NA,NA,NA,NA,NA,NA,NA,NA,NA,NA,NA,NA,NA,NA,NA,NA,NA,NA,NA,
000799,inclusion,4400,0.11,0.8635643564356436,0.8656537385045981,0.9267878015088726,0.9279897128161166,0.0020893820689545928,0.28264984227129336,0.2841634738186462,0.001513631547352845,0.5997987252599799,0.6099290780141844,0.010130352754204486,0.6,0.5995975855130785,0.6142857142857143,0.6056338028169014,0.49355432780847147,0.49794699514744306,0.00439266733897159,0.7913574314343176,0.8014243445069231,0.010066913072605543,0.794,0.7887323943661971,0.8061224489795918,0.7967806841046278,0.6307733619763695,0.6334239130434782,0.002650551067108764,0.9699094482880228,0.970623075100687,0.0007136268126641809,0.97,0.9698189134808853,0.9714285714285714,0.9698189134808853,
000799,patches,2789,0.069725,0.8640280880944782,0.8827470686767169,0.927054794520548,0.9377224199288257,0.018718980582238753,0.4563031709203403,0.4770070148090413,0.020703843888701,0.8218699712093182,0.8743865234115931,0.05251655220227491,0.8155136268343816,0.8283261802575107,0.8648648648648649,0.8841201716738197,0.6445518453427065,0.6956323930846224,0.05108054774191595,0.9066667989838043,0.9726025512240096,0.06593575224020531,0.9077568134171907,0.9055793991416309,0.9667359667359667,0.9785407725321889,0.7492143306096795,0.7880258899676376,0.0388115593579581,0.9692284484259142,0.9841726031681992,0.014944154742285054,0.9706498951781971,0.9678111587982833,0.9833679833679834,0.9849785407725322,
000800,crazing,0,0.0,NA,NA,NA,NA,NA,NA,NA,NA,NA,NA,NA,NA,NA,NA,NA,NA,NA,NA,NA,NA,NA,NA,NA,NA,NA,NA,NA,NA,NA,NA,NA,NA,NA,NA,NA,
000800,inclusion,4731,0.118275,0.8127726400279184,0.8185856432125089,0.8967176821638271,0.9002442598925257,0.005813003184590548,0.2620481927710843,0.2712632108706593,0.009215018099574979,0.6075340635853593,0.6373051265986069,0.02977106301324761,0.6152597402597403,0.6,0.6407766990291263,0.6338709677419355,0.4713526284701713,0.486053412462908,0.014700783992736721,0.8155316115941285,0.8384289262835477,0.022897314689419246,0.814935064935065,0.8161290322580645,0.8349514563106796,0.8419354838709677,0.5962907051973259,0.6100996965756393,0.013808991378313484,0.9134270857817705,0.908677333471192,-0.004749752310578503,0.9172077922077922,0.9096774193548387,0.9029126213592233,0.9145161290322581,
000800,patches,3331,0.083275,0.8640721940214326,0.8660177497852849,0.9270801815431164,0.928198833998159,0.001945555763852247,0.386013986013986,0.4020100502512563,0.01599606423727029,0.7757178511909034,0.7784259074564265,0.0027080562655230622,0.745136186770428,0.8089171974522293,0.7465346534653465,0.8131634819532909,0.6067782768476929,0.6123548922056384,0.0055766153579455136,0.9400085069436832,0.9300731488292127,-0.00993535811447055,0.8988326848249028,0.9851380042462845,0.8930693069306931,0.970276008492569,0.7129032258064516,0.7038337723148961,-0.009069453491555524,0.9597028496256602,0.9445116043412949,-0.015191245284365329,0.9280155642023347,0.9936305732484076,0.9089108910891089,0.9830148619957537,
000801,crazing,85,0.002125,0.10588235294117647,0.07058823529411765,0.19148936170212766,0.13186813186813187,-0.03529411764705882,0.13924050632911392,0.1032258064516129,-0.036014699877501014,0.5176470588235293,0.4050632911392405,-0.11258376768428885,1.0,0.3492063492063492,1.0,0.25396825396825395,0.241635687732342,0.18587360594795538,-0.05576208178438663,0.6,0.4819277108433735,-0.11807228915662649,1.0,0.42857142857142855,1.0,0.31746031746031744,0.2727272727272727,0.21818181818181817,-0.054545454545454536,0.6451612903225806,0.5681818181818182,-0.0769794721407624,1.0,0.47619047619047616,1.0,0.3968253968253968,6.8333094212876695
000801,inclusion,1281,0.032025,0.8678847505270555,0.8903133903133903,0.9292701279157262,0.9419743782969103,0.022428639786334803,0.3485915492957746,0.42213883677298314,0.07354728747720851,0.783370442019199,0.8810771373615441,0.0977066953423451,0.7684210526315789,0.7989130434782609,0.8817204301075269,0.8804347826086957,0.6073684210526316,0.6637362637362637,0.05636784268363215,0.9866643474227401,1.0,0.013335652577259882,0.9842105263157894,0.9891304347826086,1.0,1.0,0.7209653092006033,0.7661730319563523,0.045207722755749025,1.0,1.0,0.0,1.0,1.0,1.0,1.0,
000801,patches,3583,0.089575,0.7285675893576995,0.7222832052689352,0.8429726368159204,0.8387507966857871,-0.006284384088764305,0.34195250659630605,0.3302146395156852,-0.011737867080620856,0.7369178878149713,0.6777276723673389,-0.059190215447632366,0.8865096359743041,0.6305220883534136,0.8787878787878788,0.5515394912985274,0.5117139334155364,0.46110938952587543,-0.05060454388966096,0.8355416991426344,0.74189141547682,-0.0936502836658144,1.0,0.7175368139223561,0.9487179487179487,0.6091030789825971,0.5720236790177593,0.5175208059570741,-0.05450287306068524,0.838258164852255,0.7593648264130971,-0.07889333843915791,1.0,0.7215528781793842,0.9766899766899767,0.6211512717536813,
000802,crazing,0,0.0,NA,NA,NA,NA,NA,NA,NA,NA,NA,NA,NA,NA,NA,NA,NA,NA,NA,NA,NA,NA,NA,NA,NA,NA,NA,NA,NA,NA,NA,NA,NA,NA,NA,NA,NA,
000802,inclusion,3777,0.094425,0.4679091928251121,0.8228250244379277,0.6375178997613365,0.902801984180185,0.3549158316128156,0.10466543891958256,0.25193798449612403,0.14727254557654146,0.2893966022261277,0.5800215294712098,0.2906249272450821,0.1990330378726833,0.5300429184549357,0.5180722891566265,0.6587982832618026,0.19587450164673254,0.4024817053770283,0.20660720373029579,0.42369212110146776,0.7427063867208971,0.3190142656194293,0.29250604351329573,0.7682403433476395,0.6557659208261618,0.8562231759656652,0.25367139450232207,0.4775381850853549,0.22386679058303283,0.5080533449221827,0.787497604484866,0.2794442595626834,0.35052377115229655,0.9227467811158798,0.7005163511187608,0.8991416309012875,
000802,patches,5064,0.1266,0.37946754194018967,0.9304213374565133,0.5501652346331791,0.9639567480977173,0.5509537955163237,0.1853932584269663,0.45570630486831604,0.27031304644134974,0.49136932664203387,0.8190682556879739,0.32769892904594006,0.3574580759046778,0.7857142857142857,0.7842323651452282,0.8571428571428571,0.27467637540453077,0.6388508891928865,0.3641745137883557,0.581834677079486,0.9164630811303556,0.3346284040508696,0.43071491615180935,0.8963133640552995,0.8838174273858921,0.9516129032258065,0.3286941071957359,0.7174122948181526,0.3887181876224167,0.6096710262031714,0.9241663308222505,0.31449530461907915,0.45719329214474846,0.9147465437788018,0.8941908713692946,0.956221198156682,
000803,crazing,0,0.0,NA,NA,NA,NA,NA,NA,NA,NA,NA,NA,NA,NA,NA,NA,NA,NA,NA,NA,NA,NA,NA,NA,NA,NA,NA,NA,NA,NA,NA,NA,NA,NA,NA,NA,NA,
000803,inclusion,5220,0.1305,0.8456272462775971,0.8522390660393797,0.9163575667655787,0.9202257761053622,0.0066118197617826,0.26469135802469135,0.3121504829689883,0.04745912494429694,0.5952118513293064,0.6671985815602837,0.07198673023097724,0.6067415730337079,0.5841121495327103,0.6708860759493671,0.6635514018691588,0.48820273812991555,0.523063276167948,0.03486053803803246,0.8537549407114623,0.8563510472364355,0.0025961065249732185,0.8667736757624398,0.8411214953271028,0.8639240506329114,0.8489096573208723,0.6148634342578869,0.6455071842161698,0.030643749958282895,0.9304425285271487,0.9363650959511283,0.005922567423979563,0.9309791332263242,0.9299065420560748,0.9319620253164557,0.940809968847352,
000803,patches,5274,0.13185,0.931301839163361,0.930878084179971,0.964429091588087,0.9642018227943249,-0.00042375498338997897,0.486652977412731,0.4901293396868618,0.0034763622741307842,0.9181874721691673,0.9333409296057,0.015153457436532736,0.929368029739777,0.9072727272727272,0.9451553930530164,0.9218181818181819,0.7347931873479319,0.7386914378029079,0.003898250454976049,0.985239852398524,0.9871086556169428,0.0018688032184188685,1.0,0.9709090909090909,1.0,0.9745454545454545,0.8116068824730243,0.8168604651162791,0.005253582643254817,0.9880404783808647,0.98989898989899,0.0018585115181252165,1.0,0.9763636363636363,1.0,0.98,
000804,crazing,895,0.022375,0.6852698993595608,0.6872037914691943,0.8132464712269273,0.8146067415730337,0.0019338921096334616,0.48286604361370716,0.4762658227848101,-0.006600220828897052,0.889154407188908,0.880420586902636,-0.00873382028627201,0.9405940594059405,0.8430493273542601,0.9526315789473684,0.8183856502242153,0.6414305620065025,0.627039627039627,-0.01439093496687549,0.9213373728630166,0.9163939685595123,-0.004943404303504373,0.9653465346534653,0.8811659192825112,0.9736842105263158,0.8654708520179372,0.7082906857727738,0.6803948264125256,-0.027895859360248187,0.9346415309233708,0.9312590906216405,-0.003382440301730294,0.9653465346534653,0.905829596412556,0.9736842105263158,0.8923766816143498,14.908135831366724
000804,inclusion,1072,0.0268,0.8858131487889274,0.8971880492091389,0.9394495412844037,0.9458082445576655,0.011374900420211498,0.456575682382134,0.4675,0.010924317617866053,0.8417236742092031,0.8560089724786474,0.014285298269444247,0.8194444444444444,0.8652482269503546,0.8402777777777778,0.8723404255319149,0.6291666666666667,0.6647727272727273,0.03560606060606064,0.8942082817443939,0.929594619641486,0.03538633789709211,0.8680555555555556,0.9219858156028369,0.9097222222222222,0.950354609929078,0.7337278106508875,0.7628140703517587,0.029086259700871198,0.9573888460549987,1.0,0.04261115394500126,0.9305555555555556,0.9858156028368794,1.0,1.0,
000804,patches,5560,0.139,0.9087465564738292,0.917915650052283,0.9521919538156233,0.9572012721490232,0.009169093578453857,0.5014137606032045,0.5521739130434783,0.050760152440273765,0.9176690323089568,0.939282028204288,0.021612995895331166,0.9146039603960396,0.9207547169811321,0.9208282582216809,0.9584905660377359,0.7028788701792504,0.7365236523652365,0.0336447821859861,0.9619548507160773,0.9595803975978496,-0.002374453118227704,0.9554455445544554,0.9685534591194969,0.9366626065773447,0.9836477987421384,0.7781450515263465,0.8046247305506565,0.026479679024310032,0.9662777997931628,0.9619682635173686,-0.0043095362757941125,0.9554455445544554,0.9773584905660377,0.9366626065773447,0.9886792452830189,
000805,crazing,0,0.0,NA,NA,NA,NA,NA,NA,NA,NA,NA,NA,NA,NA,NA,NA,NA,NA,NA,NA,NA,NA,NA,NA,NA,NA,NA,NA,NA,NA,NA,NA,NA,NA,NA,NA,NA,
000805,inclusion,3211,0.080275,0.8834120425029516,0.881326352530541,0.9380974768845008,0.9369202226345084,-0.0020856899724105427,0.3823760818253344,0.37890625,-0.0034698318253343907,0.8241332733003152,0.8027746213727253,-0.0213586519275899,0.836104513064133,0.8125,0.8117647058823529,0.7939814814814815,0.6401693320790216,0.6331002331002331,-0.007069098978788491,0.992964824120603,0.9790046396742214,-0.013960184446381696,0.9928741092636579,0.9930555555555556,0.9858823529411764,0.9722222222222222,0.7481456507080243,0.7417196386751422,-0.006426012032882067,1.0,1.0,0.0,1.0,1.0,1.0,1.0,
000805,patches,5069,0.126725,0.9049255441008018,0.8897359613239122,0.9500901984365604,0.9416510872773787,-0.015189582776889643,0.5456204379562044,0.47906566769501985,-0.06655477026118456,0.9145011411927176,0.9408661827180175,0.026365041525299837,0.9025522041763341,0.9267707082833133,0.9441805225653207,0.9375750300120048,0.731569483688672,0.6985256736146416,-0.033043810074030455,0.9776081990281029,0.9951749095295537,0.017566710501450755,0.962877030162413,0.992797118847539,1.0,0.9903961584633854,0.8060931899641577,0.7870171673819742,-0.01907602258218344,0.978770800319775,0.9969897652016857,0.01821896488191066,0.962877030162413,0.9951980792316927,1.0,0.9939975990396158,
000806,crazing,0,0.0,NA,NA,NA,NA,NA,NA,NA,NA,NA,NA,NA,NA,NA,NA,NA,NA,NA,NA,NA,NA,NA,NA,NA,NA,NA,NA,NA,NA,NA,NA,NA,NA,NA,NA,NA,
000806,inclusion,8470,0.21175,0.9336728919071873,0.9229728205706552,0.9656988995551393,0.9599436983168143,-0.010700071336532058,0.47018030513176146,0.42744063324538256,-0.042739671886378894,0.8539555399462612,0.8259141241286808,-0.02804141581758035,0.8596938775510204,0.8482932996207333,0.8164014687882497,0.8356510745891277,0.6835106382978723,0.6521627847453288,-0.031347853552543437,0.9726493147823665,0.9620832994903854,-0.01056601529198109,0.9821428571428571,0.9633375474083439,0.9608323133414932,0.9633375474083439,0.7746478873239436,0.7533722201968648,-0.021275667127078846,0.9917144678138942,0.997511785666086,0.005797317852191841,1.0,0.9835651074589128,0.9975520195838433,0.9974715549936789,
000806,patches,4771,0.119275,0.92318407960199,0.9359656301145662,0.9600579470198676,0.9669238085173835,0.012781550512576234,0.6288759689922481,0.6934417895271988,0.06456582053495075,0.9545872554223893,0.9421374266006326,-0.012449828821756714,0.9570917759237187,0.9520958083832335,0.9478155339805825,0.9365269461077844,0.793390650188071,0.8260270195754067,0.03263636938733572,0.9933694996986137,0.9831259899963707,-0.01024350970224297,1.0,0.9868263473053892,0.9890776699029126,0.9772455089820359,0.8567169741009876,0.8793168880455408,0.022599913944553185,0.9945815773630344,0.9951865222623345,0.000604944899300075,1.0,0.9892215568862276,1.0,0.9904191616766467,
000807,crazing,0,0.0,NA,NA,NA,NA,NA,NA,NA,NA,NA,NA,NA,NA,NA,NA,NA,NA,NA,NA,NA,NA,NA,NA,NA,NA,NA,NA,NA,NA,NA,NA,NA,NA,NA,NA,NA,
000807,inclusion,3964,0.0991,0.8771929824561403,0.879388583711488,0.9345794392523364,0.9358241199644174,0.002195601255347679,0.34011627906976744,0.313517338995046,-0.02659894007472141,0.7070484581497797,0.6975372516556292,-0.009511206494150493,0.7362385321100917,0.6800847457627118,0.7159090909090909,0.6800847457627118,0.5595544130248501,0.5672789406236651,0.007724527598815034,0.890020721998037,0.9563259679626499,0.06630524596461296,0.9220183486238532,0.8601694915254238,0.9840909090909091,0.9300847457627118,0.6757425742574258,0.6871715610510046,0.011428986793578844,0.9750448296473401,0.9794594594594594,0.004414629812119375,0.9977064220183486,0.9533898305084746,1.0,0.9597457627118644,
000807,patches,4708,0.1177,0.8737354085603113,0.9216618437370815,0.9326134357802928,0.9592341615574916,0.0479264351767702,0.44315245478036175,0.6309117503656753,0.1877592955853135,0.9060941861061874,0.9508393285371703,0.04474514243098293,0.9080047789725209,0.9041916167664671,0.9519807923169268,0.9497005988023952,0.6746231155778895,0.7935866343303691,0.11896351875247968,0.9951865222623345,0.9951951830482129,8.660785878356059e-06,1.0,0.9904191616766467,0.9987995198079231,0.9916167664670659,0.7819521840733418,0.8550751879699248,0.073123003896583,0.9963942307692308,0.996996996996997,0.0006027662277661161,1.0,0.9928143712574851,1.0,0.9940119760479041,
000808,crazing,0,0.0,NA,NA,NA,NA,NA,NA,NA,NA,NA,NA,NA,NA,NA,NA,NA,NA,NA,NA,NA,NA,NA,NA,NA,NA,NA,NA,NA,NA,NA,NA,NA,NA,NA,NA,NA,
000808,inclusion,809,0.020225,0.8652073732718893,0.8526682134570766,0.9277331686226066,0.9204758922980588,-0.012539159814812795,0.4625,0.42401960784313725,-0.038480392156862775,0.8497942386831275,0.8204866862020639,-0.029307552481063648,0.9365079365079365,0.7777777777777778,0.9032258064516129,0.7516339869281046,0.6189151599443672,0.5944827586206897,-0.02443240132367752,0.9148936170212766,0.9148936170212766,0.0,1.0,0.8431372549019608,1.0,0.8431372549019608,0.6808510638297872,0.6637764932562621,-0.017074570573525127,0.9148936170212766,0.9148936170212766,0.0,1.0,0.8431372549019608,1.0,0.8431372549019608,
000808,patches,4656,0.1164,0.871020077063476,0.8890977443609023,0.9310643832646868,0.9412935323383085,0.018077667297426325,0.4517942066580199,0.5213055303717135,0.06951132371369356,0.8971290225343262,0.9354777675545606,0.03834874502023433,0.8970059880239521,0.8972520908004779,0.937873357228196,0.9330943847072879,0.6807760141093474,0.7266373285011649,0.04586131439181751,0.9939903846153846,0.9945945945945946,0.0006042099792100686,1.0,0.98805256869773,1.0,0.989247311827957,0.7965201465201465,0.8248650660710962,0.028344919550949754,0.9951980792316926,0.9958008398320335,0.0006027606003409236,1.0,0.9904420549581839,1.0,0.991636798088411,
000809,crazing,0,0.0,NA,NA,NA,NA,NA,NA,NA,NA,NA,NA,NA,NA,NA,NA,NA,NA,NA,NA,NA,NA,NA,NA,NA,NA,NA,NA,NA,NA,NA,NA,NA,NA,NA,NA,NA,
000809,inclusion,7244,0.1811,0.9144538914323087,0.9082112970711297,0.9553156600163979,0.9518980402905304,-0.006242594361179021,0.2807017543859649,0.2563625077591558,-0.024339246626809086,0.6480050135784416,0.6249385963522271,-0.023066417226214497,0.6619718309859155,0.6346153846153846,0.6453608247422681,0.6057692307692307,0.5195783132530121,0.49234789100410603,-0.02723042224890604,0.8671481255898318,0.8389907552805885,-0.028157370309243257,0.8631790744466801,0.8711538461538462,0.8618556701030928,0.8173076923076923,0.6433894562517251,0.6235553109521189,-0.019834145299606143,0.9656845559466547,0.9594669696813181,-0.006217586265336639,0.971830985915493,0.9596153846153846,0.9711340206185567,0.948076923076923,
000809,patches,3570,0.08925,0.8541247484909457,0.8314524043179587,0.9213239283776451,0.9079705291359679,-0.022672344172986914,0.43681043129388164,0.373621103117506,-0.06318932817637563,0.8775711989597818,0.8462829617823164,-0.03128823717746532,0.8692628650904033,0.886039886039886,0.8421787709497207,0.8504273504273504,0.6801547158583755,0.6487819025522041,-0.031372813306171365,0.9739953439979985,0.9661676585054465,-0.007827685492551972,0.9694019471488178,0.9786324786324786,0.9636871508379888,0.9686609686609686,0.7779731809188832,0.7592993079584776,-0.01867387296040568,0.9944055944055943,1.0,0.005594405594405716,0.9888734353268428,1.0,1.0,1.0,
000810,crazing,0,0.0,NA,NA,NA,NA,NA,NA,NA,NA,NA,NA,NA,NA,NA,NA,NA,NA,NA,NA,NA,NA,NA,NA,NA,NA,NA,NA,NA,NA,NA,NA,NA,NA,NA,NA,NA,
000810,inclusion,6586,0.16465,0.9000282007896221,0.9147475325418395,0.9473840445269017,0.9554758703122666,0.014719331752217402,0.37152608483666505,0.4306532663316583,0.05912718149499324,0.7781451492991254,0.8162446189699661,0.03809946967084077,0.8297213622291022,0.732605729877217,0.8605697151424287,0.7762619372442019,0.5913669064748202,0.6511216056670602,0.05975469919224008,0.9062848257998241,0.943667592831935,0.037382767032110964,0.955108359133127,0.8622100954979536,0.9880059970014993,0.903137789904502,0.6990692864529473,0.7450484618626212,0.04597917540967389,0.9492929790791078,0.9683321604503872,0.019039181371279357,0.9938080495356038,0.9085948158253752,1.0,0.9386084583901774,
000810,patches,3905,0.097625,0.9047272727272727,0.8979591836734694,0.9499809087437954,0.946236559139785,-0.006768089053803328,0.5776699029126213,0.5849973016729627,0.007327398760341386,0.9579475951355338,0.9182730983523524,-0.03967449678318147,0.9666666666666667,0.9493844049247606,0.92,0.9165526675786594,0.7884138785625775,0.7612708018154312,-0.027143076747146333,0.9972565157750343,0.9683980609008083,-0.028858454874226003,1.0,0.9945280437756497,0.9668965517241379,0.9699042407660738,0.8612429378531073,0.8362508309328607,-0.02499210692024667,0.999315537303217,0.9883263951003124,-0.01098914220290459,1.0,0.9986320109439124,0.9889655172413793,0.987688098495212,
000811,crazing,0,0.0,NA,NA,NA,NA,NA,NA,NA,NA,NA,NA,NA,NA,NA,NA,NA,NA,NA,NA,NA,NA,NA,NA,NA,NA,NA,NA,NA,NA,NA,NA,NA,NA,NA,NA,NA,
000811,inclusion,2422,0.06055,0.9182215164747916,0.9063881076737645,0.9573675496688742,0.950895679662803,-0.011833408801027012,0.507177033492823,0.45964912280701753,-0.04752791068580542,0.9231943825878733,0.8977212056496625,-0.02547317693821083,0.9278688524590164,0.9185667752442996,0.9063545150501672,0.8892508143322475,0.7185792349726776,0.6883468834688347,-0.030232351503842958,1.0,0.99836867862969,-0.0016313213703099683,1.0,1.0,1.0,0.996742671009772,0.8033492822966507,0.7814885496183206,-0.021860732678330108,1.0,1.0,0.0,1.0,1.0,1.0,1.0,
000811,patches,3483,0.087075,0.8232414326204587,0.8201983298538622,0.9030525720746184,0.9012186379928315,-0.0030431027665964727,0.23714652956298202,0.23452768729641693,-0.0026188422665650857,0.6087526552777788,0.6312433581296493,0.022490702851870492,0.5733855185909981,0.6487695749440716,0.6012145748987854,0.6644295302013423,0.4717710750193349,0.47648902821316613,0.004717953193831226,0.8295294805174291,0.8645292620865139,0.03499978156908479,0.7906066536203522,0.87248322147651,0.8157894736842105,0.9194630872483222,0.6035267349260524,0.6065573770491803,0.00303064212312798,0.9391243709394359,0.9393151893530528,0.0001908184136169,0.8923679060665362,0.9910514541387024,0.8927125506072875,0.9910514541387024,
000812,crazing,3001,0.075025,0.24591770084911824,0.0,0.3947575360419397,0.0,-0.24591770084911824,0.034732824427480914,0.0,-0.034732824427480914,0.09025300032435939,0.0,-0.09025300032435939,0.10860655737704918,0.07720588235294118,0.0,0.0,0.12167568839726994,0.0,-0.12167568839726994,0.1659939455095863,0.0,-0.1659939455095863,0.19262295081967212,0.14583333333333334,0.0,0.0,0.23276685125071606,0.0,-0.23276685125071606,0.4680722251725969,0.0,-0.4680722251725969,0.5204918032786885,0.4252450980392157,0.0,0.0,14.895571175793012
000812,inclusion,3577,0.089425,0.8643331630045988,0.8505629477993859,0.9272303686446485,0.9192477876106194,-0.013770215205212932,0.29877112135176653,0.24302496328928047,-0.05574615806248606,0.6347305389221558,0.6021496199999052,-0.03258091892225057,0.6339712918660287,0.6354916067146283,0.6023809523809524,0.6019184652278178,0.5209553853086976,0.4876760563380282,-0.033279328970669375,0.8478713902947305,0.8697749987691399,0.02190360847440942,0.8421052631578947,0.8537170263788969,0.8690476190476191,0.8705035971223022,0.6519607843137255,0.6249598973371832,-0.02700088697654235,0.9736351342990728,0.9677274711789208,-0.005907663120152007,0.9688995215311005,0.9784172661870504,0.9619047619047619,0.973621103117506,
000812,patches,1132,0.0283,0.7221757322175733,0.8291194420226679,0.8386783284742468,0.9065776930409915,0.1069437098050946,0.4290657439446367,0.6189536031589339,0.18988785921429718,0.8988704704942599,0.9718535236280559,0.07298305313379594,0.8867469879518072,0.9113300492610837,0.9708029197080292,0.9729064039408867,0.6763803680981595,0.7932930181418362,0.11691265004367668,1.0,1.0,0.0,1.0,1.0,1.0,1.0,0.8760842627013631,0.9207419898819561,0.04465772718059302,1.0,1.0,0.0,1.0,1.0,1.0,1.0,
000813,crazing,0,0.0,NA,NA,NA,NA,NA,NA,NA,NA,NA,NA,NA,NA,NA,NA,NA,NA,NA,NA,NA,NA,NA,NA,NA,NA,NA,NA,NA,NA,NA,NA,NA,NA,NA,NA,NA,
000813,inclusion,1075,0.026875,0.8666666666666667,0.8927589367552704,0.9285714285714286,0.9433414043583536,0.02609227008860371,0.33408071748878926,0.45864661654135336,0.1245658990525641,0.7296340023612752,0.8370414912808177,0.10740748891954255,0.75,0.7103448275862069,0.8467153284671532,0.8275862068965517,0.5890227576974565,0.6719424460431654,0.08291968834570895,0.9652503906540665,0.9504819404724075,-0.014768450181658954,0.9791666666666666,0.9517241379310345,0.9562043795620438,0.9448275862068966,0.7050912584053795,0.768056968463886,0.0629657100585066,1.0,1.0,0.0,1.0,1.0,1.0,1.0,
000813,patches,3767,0.094175,0.8208078910286519,0.8495575221238938,0.9015864826518767,0.9186602870813397,0.028749631095241868,0.4443127962085308,0.5584303579128935,0.11411756170436271,0.8237058370124319,0.92629307698622,0.10258723997378805,0.8662207357859532,0.7851690294438386,0.9776733254994124,0.8800436205016358,0.6946979038224415,0.7530959752321982,0.058398071409756724,0.9856959268294487,0.9680894767446859,-0.017606450084762804,0.992196209587514,0.9792802617230099,0.9894242068155111,0.9476553980370774,0.781704399042886,0.8217391304347826,0.040034731391896616,0.9884504289656182,0.981009740034979,-0.0074406889306392054,0.992196209587514,0.9847328244274809,0.9894242068155111,0.9727371864776445,
000814,crazing,0,0.0,NA,NA,NA,NA,NA,NA,NA,NA,NA,NA,NA,NA,NA,NA,NA,NA,NA,NA,NA,NA,NA,NA,NA,NA,NA,NA,NA,NA,NA,NA,NA,NA,NA,NA,NA,
000814,inclusion,2670,0.06675,0.6983146067415731,0.6694711538461539,0.8223618921601058,0.8020158387329014,-0.02884345289541923,0.11306340718105425,0.07944996180290298,-0.033613445378151266,0.29478458049886624,0.22822222222222222,-0.06656235827664403,0.29411764705882354,0.29545454545454547,0.23214285714285715,0.22443181818181818,0.2301822806273845,0.2104130808950086,-0.019769199732375897,0.4823331463825014,0.4520870736086176,-0.030246072773883803,0.47619047619047616,0.48863636363636365,0.45535714285714285,0.44886363636363635,0.3511069535391331,0.33343928798474254,-0.017667665554390588,0.6149178026357502,0.6454097673443723,0.030491964708622032,0.6078431372549019,0.6221590909090909,0.6488095238095238,0.6420454545454546,
000814,patches,3707,0.092675,0.8168633235004916,0.8118614502865686,0.8992017318360168,0.8961628386741851,-0.0050018732139229805,0.49363636363636365,0.49931097841065686,0.005674614774293207,0.8969671418861365,0.8836549916398848,-0.013312150246251653,0.9075949367088607,0.8865853658536585,0.9062103929024081,0.8621951219512195,0.7019597169297768,0.6879627090759528,-0.013997007853823962,0.9223217646615975,0.9002319071273706,-0.022089857534226987,0.9417721518987342,0.9036585365853659,0.9290240811153359,0.8731707317073171,0.7549116888271482,0.7323634914308489,-0.02254819739629932,0.9285031780981264,0.9050919331810637,-0.0234112449170627,0.9493670886075949,0.9085365853658537,0.9366286438529785,0.875609756097561,
000815,crazing,0,0.0,NA,NA,NA,NA,NA,NA,NA,NA,NA,NA,NA,NA,NA,NA,NA,NA,NA,NA,NA,NA,NA,NA,NA,NA,NA,NA,NA,NA,NA,NA,NA,NA,NA,NA,NA,
000815,inclusion,5397,0.134925,0.8717695473251029,0.8714780029658923,0.9314923929293818,0.9313259376650819,-0.00029154435921063815,0.3026250619118375,0.3073872087258304,0.004762146813992896,0.7083333333333333,0.6774610084439422,-0.030872324889391067,0.7171875,0.6996951219512195,0.6811819595645412,0.6737804878048781,0.5443298969072164,0.5440399295361127,-0.0002899673711037609,0.9058806208724184,0.8890903153138143,-0.016790305558604057,0.915625,0.8963414634146342,0.9020217729393468,0.8765243902439024,0.6727776593476871,0.6736125877099723,0.0008349283622852699,0.9815168015840661,0.9830873460745931,0.0015705444905270705,0.9890625,0.9740853658536586,0.9891135303265941,0.9771341463414634,
000815,patches,3019,0.075475,0.7849522740033689,0.7658592848904268,0.8795218622208242,0.8674069235793599,-0.019092989112942105,0.4211482558139535,0.39751332149200713,-0.023634934321946355,0.8206425569564255,0.8673447180830983,0.0467021611266728,0.950354609929078,0.7220863895680522,0.9558998808104887,0.7938060309698451,0.6876613319566339,0.741222366710013,0.05356103475337903,0.9559920007403742,0.9669220670772344,0.010930066336860222,0.9976359338061466,0.9176854115729421,0.9976162097735399,0.9380603096984516,0.8315587734241908,0.8614031323750269,0.029844358950836036,0.9967293540474244,1.0,0.003270645952575646,1.0,0.993480032599837,1.0,1.0,
000816,crazing,0,0.0,NA,NA,NA,NA,NA,NA,NA,NA,NA,NA,NA,NA,NA,NA,NA,NA,NA,NA,NA,NA,NA,NA,NA,NA,NA,NA,NA,NA,NA,NA,NA,NA,NA,NA,NA,
000816,inclusion,4436,0.1109,0.9114429953723181,0.8974197608558842,0.9536700781335975,0.9459369817578773,-0.014023234516433947,0.33399602385685884,0.2744539411206078,-0.059542082736251056,0.6827934708500997,0.5981873111782477,-0.08460615967185192,0.6796407185628742,0.6859756097560976,0.592814371257485,0.6036585365853658,0.5370051635111877,0.4844789356984479,-0.052526227812739745,0.8700906344410877,0.8352817778554728,-0.034808856585614945,0.8622754491017964,0.8780487804878049,0.8233532934131736,0.8475609756097561,0.6532125205930808,0.6080160320641282,-0.04519648852895253,0.9244645872211855,0.9154002632523635,-0.009064323968822063,0.9251497005988024,0.9237804878048781,0.9161676646706587,0.9146341463414634,
000816,patches,3117,0.077925,0.7771830985915493,0.7560835957629545,0.8746235536535109,0.8611020541245517,-0.02109950282859485,0.49601518026565466,0.48200899550224885,-0.014006184763405816,0.8815741246262231,0.8763834437775389,-0.005190680848684237,0.9873563218390805,0.7962648556876061,0.9847953216374269,0.7894736842105263,0.7974583002382843,0.8068453170602282,0.009387016821943872,0.9674856626996442,0.9938728936354915,0.026387230935847272,0.9988505747126437,0.9380305602716469,0.9988304093567252,0.9889643463497453,0.9068350021767523,0.9134510573359494,0.006616055159197165,0.9991503823279524,0.9995753715498938,0.00042498922194145194,1.0,0.99830220713073,1.0,0.9991511035653651,
000817,crazing,0,0.0,NA,NA,NA,NA,NA,NA,NA,NA,NA,NA,NA,NA,NA,NA,NA,NA,NA,NA,NA,NA,NA,NA,NA,NA,NA,NA,NA,NA,NA,NA,NA,NA,NA,NA,NA,
000817,inclusion,4149,0.103725,0.9240386883698986,0.940493124703651,0.9605198626777832,0.9693341478313989,0.01645443633375243,0.4763458401305057,0.5634782608695652,0.08713242073905952,0.9121621621621622,0.9490752030868113,0.03691304092464909,0.9246575342465754,0.9,0.9606481481481481,0.9377777777777778,0.6959174096668231,0.7526829268292683,0.056765517162445156,0.9966350534777053,0.9977728285077951,0.001137775030089827,0.997716894977169,0.9955555555555555,1.0,0.9955555555555555,0.783712495878668,0.8259837177747625,0.04227122189609456,1.0,1.0,0.0,1.0,1.0,1.0,1.0,
000817,patches,3491,0.087275,0.8355722729715207,0.8498776176230622,0.9104215456674473,0.9188473978241694,0.01430534465154154,0.48342293906810035,0.5484171322160148,0.06499419314791449,0.8436967128262199,0.9153335934451814,0.07163688061896145,0.8425480769230769,0.8448484848484848,0.9107142857142857,0.92,0.733910533910534,0.7656434474616293,0.03173291355109531,0.9987864077669902,0.9904083394342035,-0.008378068332786759,1.0,0.9975757575757576,0.9845238095238096,0.9963636363636363,0.8055555555555556,0.8349303135888502,0.02937475803329459,1.0,1.0,0.0,1.0,1.0,1.0,1.0,
000818,crazing,0,0.0,NA,NA,NA,NA,NA,NA,NA,NA,NA,NA,NA,NA,NA,NA,NA,NA,NA,NA,NA,NA,NA,NA,NA,NA,NA,NA,NA,NA,NA,NA,NA,NA,NA,NA,NA,
000818,inclusion,5400,0.135,0.8320822454308094,0.8413123535319719,0.9083459517235236,0.9138181818181819,0.009230108101162426,0.22590068159688412,0.24635568513119532,0.020455003534311206,0.5394111332617696,0.5766324154468097,0.03722128218504006,0.554635761589404,0.525,0.5814696485623003,0.571875,0.4507082971957213,0.47150259067357514,0.02079429347785383,0.8160725719031107,0.833998695212387,0.017926123309276343,0.8245033112582781,0.8078125,0.8274760383386581,0.840625,0.5782370307886967,0.6047247416156929,0.02648771082699619,0.9181059987038968,0.9334739679000265,0.015367969196129705,0.9221854304635762,0.9140625,0.9249201277955271,0.9421875,
000818,patches,3307,0.082675,0.8929072049341183,0.903235294117647,0.9434241706161137,0.9491577808684902,0.010328089183528677,0.6626833242802824,0.7318992654774397,0.06921594119715724,0.9404228058936579,0.9957912476208486,0.05536844172719069,1.0,0.8875453446191052,0.9964200477326969,0.9951632406287787,0.7753246753246753,0.8482824427480916,0.07295776742341631,0.9471674092934437,1.0,0.052832590706556326,1.0,0.8996372430471584,1.0,1.0,0.8264098398700395,0.8916571428571428,0.06524730298710335,0.950507614213198,1.0,0.04949238578680204,1.0,0.905683192261185,1.0,1.0,
000819,crazing,0,0.0,NA,NA,NA,NA,NA,NA,NA,NA,NA,NA,NA,NA,NA,NA,NA,NA,NA,NA,NA,NA,NA,NA,NA,NA,NA,NA,NA,NA,NA,NA,NA,NA,NA,NA,NA,
000819,inclusion,3806,0.09515,0.8420554108453706,0.839157491622786,0.9142563311479625,0.9125455491931286,-0.002897919222584644,0.28002489110143125,0.28824273072060685,0.008217839619175604,0.6015989340439708,0.6248696853607989,0.023270751316828098,0.6032064128256514,0.6,0.6306122448979592,0.6192307692307693,0.5093853514906147,0.5024029574861368,-0.006982394004477865,0.8429551434299285,0.802079510703364,-0.04087563272656447,0.8416833667334669,0.8442307692307692,0.8061224489795918,0.7980769230769231,0.6432012847965739,0.6370729082593489,-0.006128376537224978,0.9909722127703426,0.9882128673550438,-0.002759345415298875,0.9839679358717435,0.9980769230769231,0.9918367346938776,0.9846153846153847,
000819,patches,3488,0.0872,0.8990147783251231,0.8563724098779449,0.9468223086900129,0.9226299694189602,-0.04264236844717817,0.4415322580645161,0.45987111892208554,0.018338860857569417,0.7357281070621683,0.6603323972437574,-0.07539570981841093,0.5911680911680912,0.9738717339667459,0.49644549763033174,0.9857482185273159,0.56209646790733,0.5358803986710964,-0.026216069236233652,0.7381858902575588,0.6645569501033196,-0.07362894015423915,0.5925925925925926,0.9786223277909739,0.49881516587677727,0.995249406175772,0.6095817893065114,0.5778407748641625,-0.03174101444234889,0.7395333258903651,0.668769716088328,-0.07076360980203711,0.5925925925925926,0.9833729216152018,0.5023696682464455,1.0,
000820,crazing,0,0.0,NA,NA,NA,NA,NA,NA,NA,NA,NA,NA,NA,NA,NA,NA,NA,NA,NA,NA,NA,NA,NA,NA,NA,NA,NA,NA,NA,NA,NA,NA,NA,NA,NA,NA,NA,
000820,inclusion,5715,0.142875,0.9251982075146501,0.914547656114859,0.9611459265890779,0.9553668232743043,-0.010650551399791097,0.4154624277456647,0.3572923935799023,-0.05817003416576244,0.80364997081207,0.755062734036156,-0.04858723677591403,0.8166311300639659,0.7910750507099391,0.7770562770562771,0.7342799188640974,0.6367825722664432,0.5903318312167145,-0.04645074104972868,0.9460851758231209,0.9353246905613891,-0.01076048526173179,0.9552238805970149,0.9371196754563894,0.9502164502164502,0.920892494929006,0.7409943435546293,0.7044854881266491,-0.036508855427980214,0.9938467697717126,0.9907115255078527,-0.0031352442638599154,0.997867803837953,0.9898580121703854,0.9956709956709957,0.9858012170385395,
000820,patches,3587,0.089675,0.8635352973874375,0.8146192329071706,0.9267710663683818,0.8978404043498238,-0.04891606448026686,0.34615384615384615,0.2889237199582027,-0.05723012619564344,0.7066200864067914,0.6566116424507633,-0.050008443956028104,0.5521796565389696,0.9809976247030879,0.4934445768772348,0.9809976247030879,0.4966537513208876,0.437914691943128,-0.05873905937775964,0.7191201353637902,0.6682539682539682,-0.05086616710982195,0.5614266842800528,1.0,0.5017878426698451,1.0,0.5587135377711294,0.5066240292370946,-0.05208950853403482,0.7212837837837837,0.6703645007923931,-0.05091928299139059,0.5640686922060766,1.0,0.5041716328963052,1.0,
000821,crazing,0,0.0,NA,NA,NA,NA,NA,NA,NA,NA,NA,NA,NA,NA,NA,NA,NA,NA,NA,NA,NA,NA,NA,NA,NA,NA,NA,NA,NA,NA,NA,NA,NA,NA,NA,NA,NA,
000821,inclusion,4662,0.11655,0.8888667992047714,0.900100908173562,0.9411640879907378,0.9474243228890069,0.011234108968790624,0.3130841121495327,0.2975970425138632,-0.015487069635669481,0.6333918370834895,0.622739555186032,-0.010652281897457483,0.6461988304093568,0.6210826210826211,0.6363636363636364,0.6096866096866097,0.5021436227224009,0.5181571815718157,0.0160135588494148,0.8080808080808082,0.8771971598241796,0.06911635174337138,0.8187134502923976,0.7977207977207977,0.8797653958944281,0.8746438746438746,0.6077305778798316,0.6300038865137971,0.022273308633965483,0.9047803189334512,0.930659293306521,0.02587897437306974,0.9064327485380117,0.9031339031339032,0.9325513196480938,0.9287749287749287,
000821,patches,5627,0.140675,0.7687017779268702,0.7617403314917127,0.8692271218587008,0.8647589180713445,-0.006961446435157503,0.5117989580140975,0.4828716115579386,-0.028927346456158853,0.8539695060362656,0.8490943109870185,-0.004875195049247161,0.9535299374441466,0.7732342007434945,0.9306666666666666,0.7806691449814126,0.6575641725832878,0.6587855991402471,0.0012214265569593374,0.902671127427327,0.9082729897041222,0.005601862276795155,0.9928507596067918,0.8275092936802974,0.9946666666666667,0.8356877323420074,0.7171424812524668,0.718359375,0.0012168937475331987,0.9158213596261977,0.9196787148594378,0.003857355233240045,0.9991063449508489,0.8453531598513011,1.0,0.8513011152416357,
000822,crazing,0,0.0,NA,NA,NA,NA,NA,NA,NA,NA,NA,NA,NA,NA,NA,NA,NA,NA,NA,NA,NA,NA,NA,NA,NA,NA,NA,NA,NA,NA,NA,NA,NA,NA,NA,NA,NA,
000822,inclusion,4258,0.10645,0.9162710401381097,0.9243313763861709,0.9563063063063063,0.9606779661016949,0.00806033624806124,0.31334622823984526,0.34760956175298807,0.03426333351314281,0.7031036056595162,0.7722158812978966,0.0691122756383804,0.684971098265896,0.7222222222222222,0.7551020408163265,0.7901234567901234,0.5583668775158137,0.5892751915144372,0.030908313998623482,0.9299762306394725,0.9402118275146146,0.010235596875142083,0.9046242774566474,0.9567901234567902,0.924198250728863,0.9567901234567902,0.6831190377436748,0.7040945546644154,0.020975516920740622,0.9793510324483776,0.991134856401015,0.011783823952637329,0.9595375722543352,1.0,0.9854227405247813,0.9969135802469136,
000822,patches,1704,0.0426,0.6115547205260686,0.5799238820171265,0.7589624016321772,0.7341162300511894,-0.031630838508942105,0.4815895005468465,0.45913107511045653,-0.022458425436389984,0.8653991330498417,0.8276698697046121,-0.037729263345229636,0.945664739884393,0.7976929902395741,0.9505562422744128,0.7329192546583851,0.7596104561763198,0.7433489827856025,-0.016261473390717374,0.9477124183006536,0.9280876206946245,-0.019624797606029087,1.0,0.9006211180124224,0.9950556242274413,0.8695652173913043,0.8509803921568627,0.830970314576872,-0.020010077579990737,0.9905956112852665,0.9773139745916515,-0.01328163669361504,1.0,0.9813664596273292,1.0,0.9556344276841171,
000823,crazing,0,0.0,NA,NA,NA,NA,NA,NA,NA,NA,NA,NA,NA,NA,NA,NA,NA,NA,NA,NA,NA,NA,NA,NA,NA,NA,NA,NA,NA,NA,NA,NA,NA,NA,NA,NA,NA,
000823,inclusion,9449,0.236225,0.8902329301209637,0.8702550712994577,0.9419293420774275,0.930627147766323,-0.019977858821506045,0.30309901738473166,0.27071428571428574,-0.03238473167044592,0.6594438142918606,0.6237165525824517,-0.035727261709408875,0.6820388349514563,0.6382978723404256,0.6305587229190421,0.6170212765957447,0.5068493150684932,0.47407564810879727,-0.03277366695969591,0.8282757778853708,0.8129943906562767,-0.015281387229094112,0.8604368932038835,0.7984322508398656,0.8129988597491448,0.812989921612542,0.611764705882353,0.5852743473503205,-0.02649035853203252,0.8800463166042097,0.8627232745778717,-0.017323042026338054,0.9162621359223301,0.8465845464725644,0.8643101482326112,0.8611422172452408,
000823,patches,1661,0.041525,0.5991902834008097,0.6036960985626283,0.7493670886075949,0.7528809218950064,0.004505815161818583,0.4786227771471812,0.4725705329153605,-0.006052244231820714,0.8696656612975678,0.8418476562269648,-0.027818005070603058,0.967032967032967,0.7901119402985075,0.9782903663500678,0.7388059701492538,0.7654516640253566,0.722503328894807,-0.04294833513054963,0.9551656920077973,0.9258517034068137,-0.029313988600983665,1.0,0.914179104477612,1.0,0.8619402985074627,0.8577163247100803,0.8203633101592285,-0.037353014550851826,0.9872461029759093,0.9692307692307692,-0.018015333745140083,1.0,0.9748134328358209,1.0,0.9402985074626866,
000824,crazing,0,0.0,NA,NA,NA,NA,NA,NA,NA,NA,NA,NA,NA,NA,NA,NA,NA,NA,NA,NA,NA,NA,NA,NA,NA,NA,NA,NA,NA,NA,NA,NA,NA,NA,NA,NA,NA,
000824,inclusion,7400,0.185,0.8821208384710234,0.8667247386759582,0.9373689727463312,0.9286047596826879,-0.015396099795065177,0.3341913341913342,0.27037933817594834,-0.06381199601538584,0.7084826159358126,0.6578764010905785,-0.05060621484523409,0.7209612817089452,0.6964285714285714,0.66015625,0.6556122448979592,0.5572942958101968,0.5190243902439025,-0.03826990556629439,0.8879143300104797,0.9040165777523037,0.016102247741824005,0.8998664886515354,0.8762755102040817,0.91015625,0.8979591836734694,0.6780157422661541,0.6465548018564798,-0.03146094040967429,0.9492372402536255,0.951697565333929,0.0024603250803034715,0.9626168224299065,0.9362244897959183,0.9583333333333334,0.9451530612244898,
000824,patches,1259,0.031475,0.6164207825529185,0.6039867109634551,0.7626984126984127,0.7531068765534383,-0.012434071589463414,0.4870259481037924,0.4749367088607595,-0.012089239243032901,0.9116476822032553,0.9096154925624474,-0.002032189640807869,0.9550724637681159,0.872,0.9738461538461538,0.8533333333333334,0.7512339585389931,0.7397993311036789,-0.011434627435314204,0.9733202384849657,0.9554317548746517,-0.017888483610314032,0.9985507246376811,0.9493333333333334,1.0,0.9146666666666666,0.8394458027709861,0.8157605711147721,-0.023685231656214056,0.9782016348773842,0.9619377162629758,-0.016263918614408457,1.0,0.9573333333333334,1.0,0.9266666666666666,
000825,crazing,0,0.0,NA,NA,NA,NA,NA,NA,NA,NA,NA,NA,NA,NA,NA,NA,NA,NA,NA,NA,NA,NA,NA,NA,NA,NA,NA,NA,NA,NA,NA,NA,NA,NA,NA,NA,NA,
000825,inclusion,8404,0.2101,0.9098034760876974,0.9012757154350075,0.9527718296454913,0.9480747143807048,-0.008527760652689897,0.34976625584360393,0.3403805496828753,-0.009385706160728646,0.7263528834751527,0.7212779684047662,-0.005074915070386488,0.7883817427385892,0.6733727810650888,0.7829131652661064,0.6686390532544378,0.5716467294476966,0.5583923154701719,-0.013254413977524693,0.8941373287081458,0.8831484429107788,-0.01098888579736701,0.9585062240663901,0.8378698224852071,0.9425770308123249,0.8307692307692308,0.66996699669967,0.6603255899030547,-0.009641406796615293,0.9167526415027215,0.9089206245100293,-0.007832016992692203,0.9764868603042877,0.863905325443787,0.9677871148459384,0.8568047337278106,
000825,patches,965,0.024125,0.7178130511463845,0.6898349261511729,0.8357289527720739,0.8164524421593831,-0.027978124995211573,0.5833924769339958,0.5664089950808152,-0.01698348185318055,0.9421760517354063,0.9257946227076586,-0.01638142902774775,0.9593023255813954,0.9256505576208178,0.9393346379647749,0.912639405204461,0.8037505451373747,0.7836206896551724,-0.020129855482202252,0.9856928288730773,0.9758442942814227,-0.009848534591654579,0.9825581395348837,0.9888475836431226,0.9667318982387475,0.9851301115241635,0.8791018998272885,0.8650875386199794,-0.014014361207309034,0.9951859385971897,0.9872105425065716,-0.007975396090618148,0.9922480620155039,0.9981412639405205,0.9765166340508806,0.9981412639405205,
000826,crazing,0,0.0,NA,NA,NA,NA,NA,NA,NA,NA,NA,NA,NA,NA,NA,NA,NA,NA,NA,NA,NA,NA,NA,NA,NA,NA,NA,NA,NA,NA,NA,NA,NA,NA,NA,NA,NA,
000826,inclusion,2962,0.07405,0.7957999447361149,0.7969101123595506,0.8862901984920757,0.8869782710645615,0.0011101676234356317,0.18991331757289204,0.20833333333333334,0.018420015760441305,0.45793276985611975,0.5117495827883272,0.053816812932207414,0.4521276595744681,0.4638888888888889,0.5069252077562327,0.5166666666666667,0.37522851919561245,0.3953598484848485,0.020131329289236055,0.7106805803849832,0.745653653405927,0.03497307302094388,0.7021276595744681,0.7194444444444444,0.7257617728531855,0.7666666666666667,0.511760752688172,0.516173434273916,0.004412681585744038,0.8343132393568039,0.8321644375199375,-0.0021488018368663875,0.8297872340425532,0.8388888888888889,0.8282548476454293,0.8361111111111111,
000826,patches,562,0.01405,0.5222381635581061,0.588957055214724,0.6861451460885957,0.7413127413127413,0.06671889165661782,0.40444015444015446,0.47929606625258797,0.0748559118124335,0.8711550737198283,0.8968009788011734,0.02564590508134512,0.9081967213114754,0.8370165745856354,0.9732441471571907,0.8314917127071824,0.6637717121588089,0.6889890534449453,0.025217341286136397,0.953757225433526,0.9368575624082233,-0.01689966302530277,1.0,0.9116022099447514,1.0,0.8812154696132597,0.7188983855650523,0.7316356513222331,0.012737265757180816,0.9657142857142856,0.9507246376811594,-0.01498964803312619,1.0,0.9337016574585635,1.0,0.9060773480662984,
000827,crazing,0,0.0,NA,NA,NA,NA,NA,NA,NA,NA,NA,NA,NA,NA,NA,NA,NA,NA,NA,NA,NA,NA,NA,NA,NA,NA,NA,NA,NA,NA,NA,NA,NA,NA,NA,NA,NA,
000827,inclusion,10941,0.273525,0.9334032511798637,0.9358657243816254,0.9655546514781665,0.9668704937482888,0.002462473201761739,0.3896601244614648,0.3933558016369764,0.0036956771755116136,0.7418242432120383,0.7652875416613295,0.02346329844929118,0.8041543026706232,0.6884615384615385,0.8295625942684767,0.7102564102564103,0.5622234513274337,0.586119696543973,0.023896245216539325,0.8358624750860663,0.8730397422126744,0.03717726712660818,0.8976261127596439,0.782051282051282,0.9411764705882353,0.8141025641025641,0.6629977986792075,0.6844453457716487,0.021447547092441233,0.8815047533909816,0.90827097015052,0.026766216759538497,0.9421364985163204,0.8282051282051283,0.9668174962292609,0.8564102564102564,
000827,patches,558,0.01395,0.6162642947903431,0.6027227722772277,0.7625786163522013,0.7521235521235521,-0.013541522513115356,0.473542600896861,0.43810359964881473,-0.035439001248046276,0.9048217474700708,0.9058014687827853,0.00097972131271451,0.868020304568528,0.9448818897637795,0.8766066838046273,0.937007874015748,0.7373271889400922,0.7146892655367232,-0.02263792340336901,0.9729714927294136,0.9740522418558257,0.001080749126412095,0.9644670050761421,0.9816272965879265,0.9691516709511568,0.979002624671916,0.7839643652561247,0.7655293088363955,-0.0184350564197292,0.9794205658324266,0.9779470356303878,-0.0014735302020388863,0.9695431472081218,0.989501312335958,0.9717223650385605,0.984251968503937,
000828,crazing,0,0.0,NA,NA,NA,NA,NA,NA,NA,NA,NA,NA,NA,NA,NA,NA,NA,NA,NA,NA,NA,NA,NA,NA,NA,NA,NA,NA,NA,NA,NA,NA,NA,NA,NA,NA,NA,
000828,inclusion,4555,0.113875,0.9278306878306878,0.9078505457598657,0.9625644966516632,0.9516998569699637,-0.019980142070822104,0.3719262295081967,0.3050682261208577,-0.066858003387339,0.7654719621138736,0.6732304344869791,-0.09224152762689453,0.774390243902439,0.7567567567567568,0.676829268292683,0.6696696696696697,0.593210244192972,0.510446075663467,-0.08276416852950497,0.8986053524312099,0.8441417602915021,-0.05446359213970775,0.9085365853658537,0.8888888888888888,0.8536585365853658,0.8348348348348348,0.7085641244141457,0.6396728016359918,-0.06889132277815391,0.995470410514166,0.9288104189970285,-0.06665999151713742,0.9969512195121951,0.993993993993994,0.9420731707317073,0.9159159159159159,
000828,patches,528,0.0132,0.7813559322033898,0.7216828478964401,0.8772597526165556,0.8383458646616542,-0.05967308430694973,0.6460843373493976,0.5344585091420534,-0.11162582820734424,0.9716129582510058,0.9906959226659598,0.01908296441495405,0.996268656716418,0.9481481481481482,0.996268656716418,0.9851851851851852,0.8427454387489139,0.8059574468085107,-0.036787991940403275,0.9887640449438202,1.0,0.011235955056179803,1.0,0.9777777777777777,1.0,1.0,0.9004178272980501,0.879286694101509,-0.02113113319654114,0.9981447124304267,1.0,0.0018552875695733162,1.0,0.9962962962962963,1.0,1.0,
000829,crazing,0,0.0,0.0,0.0,0.0,0.0,0.0,0.0,0.0,0.0,0.0,0.0,0.0,0.0,0.0,0.0,0.0,0.0,0.0,0.0,0.0,0.0,0.0,0.0,0.0,0.0,0.0,0.0,0.0,0.0,0.0,0.0,0.0,0.0,0.0,0.0,0.0,
000829,inclusion,1166,0.02915,0.8862126245847176,0.8669456066945607,0.9396741523557904,0.9287315105333931,-0.019267017890156946,0.4409090909090909,0.36069114470842334,-0.08021794620066758,0.8322321610083352,0.7425343018563357,-0.08969785915199946,0.8802816901408451,0.7891566265060241,0.8,0.6927710843373494,0.6371911573472041,0.5875634517766497,-0.0496277055705544,0.9429110851389014,0.9492776595262895,0.00636657438738808,0.971830985915493,0.9156626506024096,0.9785714285714285,0.9216867469879518,0.7306273062730627,0.6951774340309372,-0.03544987224212548,0.9721362229102167,0.9753086419753086,0.0031724190650919137,1.0,0.9457831325301205,1.0,0.9518072289156626,
000829,patches,1022,0.02555,0.5905826017557861,0.5942684766214178,0.7425990968389363,0.7455061494796594,0.0036858748656316553,0.3978494623655914,0.37900874635568516,-0.018840716009906222,0.9474472915990918,0.9436172933441562,-0.0038299982549355738,0.9447322970639033,0.9501779359430605,0.9156829679595279,0.9733096085409253,0.7450514647664291,0.7517374517374518,0.006685986971022628,0.9684609942353511,0.9802235597592434,0.01176256552389221,0.9550949913644214,0.9822064056939501,0.9612141652613828,1.0,0.7853089533417402,0.7978328173374613,0.01252386399572103,0.9728308501314635,0.9819742489270386,0.00914339879557502,0.9585492227979274,0.9875444839857651,0.9645868465430016,1.0,
000830,crazing,0,0.0,0.0,0.0,0.0,0.0,0.0,0.0,0.0,0.0,0.0,0.0,0.0,0.0,0.0,0.0,0.0,0.0,0.0,0.0,0.0,0.0,0.0,0.0,0.0,0.0,0.0,0.0,0.0,0.0,0.0,0.0,0.0,0.0,0.0,0.0,0.0,
000830,inclusion,4066,0.10165,0.8476898072904574,0.852017937219731,0.9175672279467203,0.9200968523002422,0.004328129929273561,0.3022440392706872,0.33405797101449275,0.031813931743805535,0.670683656714036,0.7062706270627062,0.0355869703486702,0.6822222222222222,0.6595289079229122,0.7262443438914027,0.6873661670235546,0.518579686209744,0.5427603725656224,0.024180686355878334,0.850496555426322,0.8679551494229156,0.017458593996593663,0.8711111111111111,0.8308351177730193,0.8936651583710408,0.8436830835117773,0.6470411534995494,0.6625842008573178,0.015543047357768458,0.9442172485344186,0.9382914738758814,-0.005925774658537164,0.9688888888888889,0.9207708779443254,0.9683257918552036,0.9100642398286938,
000830,patches,1450,0.03625,0.5222363405336722,0.5139627659574468,0.6861435726210351,0.678963548528766,-0.008273574576225351,0.3238255033557047,0.2835458409228901,-0.04027966243281461,0.6961570181320337,0.5828853134826076,-0.11327170464942604,0.9140811455847255,0.5621387283236994,0.8832335329341318,0.434971098265896,0.5361216730038023,0.41415929203539825,-0.12196238096840406,0.8408710217755444,0.6781279847182426,-0.16274303705730175,1.0,0.7254335260115607,1.0,0.5130057803468208,0.6290322580645161,0.4849562363238512,-0.14407602174066492,0.8665028665028666,0.6831588962892483,-0.18334397021361826,1.0,0.7644508670520231,1.0,0.5187861271676301,
000831,crazing,0,0.0,NA,NA,NA,NA,NA,NA,NA,NA,NA,NA,NA,NA,NA,NA,NA,NA,NA,NA,NA,NA,NA,NA,NA,NA,NA,NA,NA,NA,NA,NA,NA,NA,NA,NA,NA,
000831,inclusion,4249,0.106225,0.9081497797356828,0.9146287238772788,0.9518642502597253,0.9554110543427775,0.006478944141595999,0.3683360258481422,0.38555194805194803,0.017215922203805856,0.7548993081056008,0.8055455153829362,0.050646207277335376,0.7635467980295566,0.7464454976303317,0.8077858880778589,0.8033175355450237,0.6024667931688804,0.6300383877159309,0.027571594547050493,0.9408626497354234,0.978414722538141,0.03755207280271755,0.9433497536945813,0.9383886255924171,0.9805352798053528,0.976303317535545,0.7133152173913043,0.7360492981855529,0.022734080794248546,0.992792390269139,1.0,0.0072076097308609866,0.9950738916256158,0.990521327014218,1.0,1.0,
000831,patches,775,0.019375,0.5904255319148937,0.4445534838076546,0.7424749163879598,0.6154891304347826,-0.14587204810723908,0.4348484848484849,0.2795918367346939,-0.15525664811379097,0.9218919889349092,0.7880679145053806,-0.1338240744295286,0.951271186440678,0.8942731277533039,0.8605150214592274,0.7268722466960352,0.7591836734693878,0.6642084562438545,-0.09497521722553326,0.9849462365591398,0.9880564603691638,0.0031102238100240154,0.9703389830508474,1.0,0.9763948497854077,1.0,0.8036144578313253,0.733229329173167,-0.07038512865815838,0.9871244635193133,0.9902491874322861,0.0031247239129728044,0.9745762711864406,1.0,0.98068669527897,1.0,
000832,crazing,0,0.0,NA,NA,NA,NA,NA,NA,NA,NA,NA,NA,NA,NA,NA,NA,NA,NA,NA,NA,NA,NA,NA,NA,NA,NA,NA,NA,NA,NA,NA,NA,NA,NA,NA,NA,NA,
000832,inclusion,2131,0.053275,0.8801529961750956,0.8694374475230898,0.9362567811934901,0.9301594430720862,-0.010715548652005746,0.4053738317757009,0.3909512761020882,-0.014422555673612725,0.8257056087667509,0.8009990083373122,-0.02470660042943873,0.8154362416107382,0.8362369337979094,0.7871621621621622,0.8153310104529616,0.6243243243243243,0.5958721704394141,-0.02845215388491018,0.9282732304437351,0.8936237456872712,-0.0346494847564639,0.9161073825503355,0.9407665505226481,0.8783783783783784,0.9094076655052264,0.7372227579556413,0.7089871611982882,-0.0282355967573531,0.9881154499151102,0.9656651575990591,-0.022450292316051113,0.9765100671140939,1.0,0.9493243243243243,0.9825783972125436,
000832,patches,950,0.02375,0.6353754940711462,0.5955265610438024,0.7770392749244713,0.7464953271028038,-0.039848933027343825,0.40482342807924204,0.33171912832929784,-0.0731042997499442,0.8375965978219214,0.8333003147769046,-0.0042962830450168354,0.9155313351498637,0.771889400921659,0.896,0.7788018433179723,0.6706806282722513,0.6444895886236668,-0.02619103964858449,0.9336609336609336,0.9554753309265944,0.021814397265660812,1.0,0.8755760368663594,1.0,0.9147465437788018,0.7679324894514767,0.765650741350906,-0.0022817481005706908,0.9401709401709402,0.964200477326969,0.024029537156028846,1.0,0.8870967741935484,1.0,0.9308755760368663,
000833,crazing,0,0.0,NA,NA,NA,NA,NA,NA,NA,NA,NA,NA,NA,NA,NA,NA,NA,NA,NA,NA,NA,NA,NA,NA,NA,NA,NA,NA,NA,NA,NA,NA,NA,NA,NA,NA,NA,
000833,inclusion,10468,0.2617,0.8983526112863652,0.8932559570913567,0.9464549483013294,0.943618799925692,-0.005096654195008488,0.28979907264296756,0.2889820815859703,-0.0008169910569972849,0.6426072860677415,0.6213193026118242,-0.021287983455917314,0.6489746682750301,0.6363636363636364,0.6182669789227166,0.6244019138755981,0.5039601719846118,0.4869757174392936,-0.016984454545318273,0.8522493039571801,0.8212874655334996,-0.0309618384236805,0.856453558504222,0.8480861244019139,0.8114754098360656,0.8313397129186603,0.6264348966874385,0.6076294277929155,-0.018805468894522948,0.9219240557045867,0.8929243115128757,-0.02899974419171103,0.9252110977080821,0.9186602870813397,0.8875878220140515,0.8983253588516746,
000833,patches,3381,0.084525,0.8311617806731814,0.8045851528384279,0.907797213163356,0.8917120387174834,-0.026576627834753452,0.4362449799196787,0.42769084874348035,-0.008554131176198354,0.8795741849634066,0.8356758243621579,-0.04389836060124863,0.9749262536873157,0.8012121212121213,0.8647594278283485,0.8084848484848485,0.6145736434108527,0.6312014345487149,0.01662779113786217,0.9094514210178454,0.9642184557438794,0.05476703472603406,1.0,0.833939393939394,1.0,0.9309090909090909,0.6968264686022958,0.722574994525947,0.025748525923651178,0.9151873767258382,0.9700374531835205,0.05485007645768236,1.0,0.8436363636363636,1.0,0.9418181818181818,
000834,crazing,0,0.0,NA,NA,NA,NA,NA,NA,NA,NA,NA,NA,NA,NA,NA,NA,NA,NA,NA,NA,NA,NA,NA,NA,NA,NA,NA,NA,NA,NA,NA,NA,NA,NA,NA,NA,NA,
000834,inclusion,4610,0.11525,0.6255881288454578,0.8440311937612478,0.7696760547701214,0.9154196486662329,0.21844306491579002,0.07885204792421287,0.22835394862036157,0.14950190069614872,0.23531973424961633,0.5782046493787033,0.342884915129087,0.16143840856924255,0.43388429752066116,0.48830409356725146,0.7086776859504132,0.16587131808458122,0.3835920177383592,0.217720699653778,0.3741573573079323,0.7406697891172952,0.3665124318093629,0.260902830910482,0.6611570247933884,0.6154970760233918,0.9297520661157025,0.24000999000999002,0.45577830188679247,0.21576831187680245,0.4653165866131122,0.7782198742811288,0.3129032876680166,0.3228768171384851,0.8326446280991735,0.6447368421052632,0.981404958677686,
000834,patches,2304,0.0576,0.1988322065150584,0.3050778050778051,0.3317098179953858,0.4675243175400063,0.10624559856274668,0.13938153706230105,0.22962287104622872,0.09024133398392767,0.35225738659088407,0.5191253091428069,0.1668679225519228,0.39082751744765704,0.3206162876008804,0.8833333333333333,0.3675715333822451,0.2474820143884892,0.4447983014861996,0.19731628709771037,0.45952781459001996,0.6913106096975515,0.23178279510753158,0.4336989032901296,0.4886280264123258,1.0,0.5282465150403521,0.301811095827602,0.5454383780899875,0.2436272822623855,0.4948189538004019,0.756953944368445,0.26213499056804307,0.43668993020937186,0.5707997065297139,1.0,0.6089508437270726,
000835,crazing,0,0.0,NA,NA,NA,NA,NA,NA,NA,NA,NA,NA,NA,NA,NA,NA,NA,NA,NA,NA,NA,NA,NA,NA,NA,NA,NA,NA,NA,NA,NA,NA,NA,NA,NA,NA,NA,
000835,inclusion,2188,0.0547,0.8868894601542416,0.867948717948718,0.9400544959128065,0.9293067947838023,-0.018940742205523664,0.40324449594438005,0.33517089305402425,-0.0680736028903558,0.8006728343145502,0.7631218621633957,-0.03755097215115444,0.8,0.8013468013468014,0.7586206896551724,0.7676767676767676,0.643490115882754,0.5918097754293263,-0.05168034045342762,0.9812760670866979,0.9794999140643984,-0.0017761530222994981,0.9827586206896551,0.9797979797979798,0.9758620689655172,0.9831649831649831,0.747577519379845,0.7057710501419111,-0.04180646923793385,1.0,1.0,0.0,1.0,1.0,1.0,1.0,
000835,patches,1943,0.048575,0.5587406015037594,0.5446265938069217,0.7169128730780826,0.7051886792452831,-0.014114007696837683,0.40968122786304606,0.37552261497529454,-0.034158612887751516,0.798987305288808,0.7833475542693629,-0.015639751019445147,0.9114583333333334,0.7112244897959183,0.8925410872313527,0.6979591836734694,0.6988621328393755,0.7046347211311862,0.00577258829181071,0.9195148842337376,0.9236683141131247,0.0041534298793870494,1.0,0.8510204081632653,1.0,0.8581632653061224,0.8096939915121734,0.8084401237295625,-0.001253867782610829,0.9557805007991476,0.9580010632642212,0.0022205624650736278,1.0,0.9153061224489796,1.0,0.9193877551020408,
000836,crazing,0,0.0,NA,NA,NA,NA,NA,NA,NA,NA,NA,NA,NA,NA,NA,NA,NA,NA,NA,NA,NA,NA,NA,NA,NA,NA,NA,NA,NA,NA,NA,NA,NA,NA,NA,NA,NA,
000836,inclusion,4382,0.10955,0.7927637810191324,0.8051520433856285,0.8844040574809806,0.8920600858369099,0.01238826236649615,0.22578616352201258,0.24293059125964012,0.017144427737627532,0.5313556262921275,0.5395011464821318,0.008145520190004252,0.5245901639344263,0.5382978723404256,0.5407098121085595,0.5382978723404256,0.43036571850757294,0.44640842421963145,0.016042705712058514,0.817346046372731,0.8261327713382508,0.008786724965519799,0.8032786885245902,0.8319148936170213,0.8183716075156576,0.8340425531914893,0.5259081196581197,0.5392130257801899,0.013304906122070248,0.8538622129436325,0.8576843119030915,0.0038220989594589527,0.8381147540983607,0.8702127659574468,0.8455114822546973,0.8702127659574468,
000836,patches,3481,0.087025,0.8694187026116259,0.8789149888143176,0.9301487156376747,0.9355558862926031,0.009496286202691717,0.30626290433585684,0.32654600301659126,0.020283098680734413,0.6211478132496769,0.6873405299313052,0.0661927166816283,0.5387323943661971,0.7333333333333333,0.6505263157894737,0.7285714285714285,0.5177768696362893,0.5640449438202247,0.046268074183935415,0.8343065262909551,0.9208023109158224,0.08649578462486729,0.727112676056338,0.9785714285714285,0.8694736842105263,0.9785714285714285,0.6058584686774942,0.6625159642401022,0.05665749556260802,0.8360323886639676,0.9229050279329609,0.08687263926899336,0.727112676056338,0.9833333333333333,0.8694736842105263,0.9833333333333333,
000837,crazing,0,0.0,NA,NA,NA,NA,NA,NA,NA,NA,NA,NA,NA,NA,NA,NA,NA,NA,NA,NA,NA,NA,NA,NA,NA,NA,NA,NA,NA,NA,NA,NA,NA,NA,NA,NA,NA,
000837,inclusion,4342,0.10855,0.9239662072032014,0.9185022026431718,0.9604807025652877,0.9575200918484501,-0.0054640045600296006,0.46473029045643155,0.4305442729488221,-0.03418601750760947,0.8901690125536655,0.8353401711280423,-0.054828841425623276,0.9064748201438849,0.874439461883408,0.8530120481927711,0.8183856502242153,0.676204101096805,0.6522148916116871,-0.023989209485117846,0.9805714285714285,0.9805714285714285,0.0,1.0,0.9618834080717489,1.0,0.9618834080717489,0.7742480567759378,0.7546854082998661,-0.019562648476071698,0.9863636363636364,0.9863636363636364,0.0,1.0,0.9730941704035875,1.0,0.9730941704035875,
000837,patches,3477,0.086925,0.8113708820403825,0.8069560528444325,0.8958638897037254,0.8931662190390928,-0.004414829195950043,0.44277400581959264,0.4531925108017283,0.010418504982135646,0.91592300670818,0.8729087491039912,-0.043014257604188866,0.9008674101610905,0.9314903846153846,0.8525798525798526,0.8942307692307693,0.6494096276112625,0.6606389391199518,0.011229311508689221,0.9896782027929569,0.9896782027929569,0.0,1.0,0.9795673076923077,1.0,0.9795673076923077,0.747791519434629,0.753968253968254,0.006176734533624995,0.9963811821471652,0.9927360774818402,-0.003645104665324972,1.0,0.9927884615384616,1.0,0.9855769230769231,
000838,crazing,0,0.0,NA,NA,NA,NA,NA,NA,NA,NA,NA,NA,NA,NA,NA,NA,NA,NA,NA,NA,NA,NA,NA,NA,NA,NA,NA,NA,NA,NA,NA,NA,NA,NA,NA,NA,NA,
000838,inclusion,3141,0.078525,0.9110648423557406,0.9079809410363312,0.9534630350194553,0.9517714999219603,-0.003083901319409388,0.47214854111405835,0.4637554585152838,-0.008393082598774526,0.8725490196078433,0.8842837105985464,0.011734690990703123,0.8768472906403941,0.8682926829268293,0.8856447688564477,0.8829268292682927,0.691993880673126,0.6885743174924166,-0.0034195631807093507,0.9938770452663456,0.9914558051145461,-0.002421240151799453,0.9975369458128078,0.9902439024390244,0.9951338199513382,0.9878048780487805,0.7820466786355476,0.7798787013913664,-0.002167977244181163,1.0,1.0,0.0,1.0,1.0,1.0,1.0,
000838,patches,3718,0.09295,0.8593710691823899,0.8134118249296135,0.9243674739548099,0.8971065631616091,-0.04595924425277642,0.5781573498964804,0.5152224824355972,-0.06293486746088317,0.8829771406604879,0.8266904500073602,-0.05628669065312775,0.8958594730238394,0.8704600484261501,0.8047337278106509,0.8498789346246973,0.7385682749921161,0.7073746312684366,-0.0311936437236795,0.9784349969192854,0.9868651711084575,0.008430174189172135,0.9962358845671268,0.9612590799031477,0.9822485207100592,0.9915254237288136,0.8130395274875056,0.7886407977455019,-0.024398729742003744,0.9871244635193133,0.9993943064809208,0.012269842961607491,1.0,0.9745762711864406,1.0,0.9987893462469734,
000839,crazing,0,0.0,NA,NA,NA,NA,NA,NA,NA,NA,NA,NA,NA,NA,NA,NA,NA,NA,NA,NA,NA,NA,NA,NA,NA,NA,NA,NA,NA,NA,NA,NA,NA,NA,NA,NA,NA,
000839,inclusion,9779,0.244475,0.9031529411764706,0.9044333112770583,0.949112308985708,0.9498188315878294,0.00128037010058768,0.2920962199312715,0.28695652173913044,-0.005139698192141051,0.6300449723247232,0.6355335793357934,0.0054886070110701235,0.6317204301075269,0.6283783783783784,0.6486111111111111,0.6229729729729729,0.5171102661596958,0.5107637109174782,-0.006346555242217611,0.8671857983010238,0.8547735604680262,-0.012412237832997608,0.8736559139784946,0.8608108108108108,0.8680555555555556,0.8418918918918918,0.6412523020257827,0.6371780515117581,-0.004074250514024547,0.9447277047837672,0.9493594812588961,0.0046317764751289126,0.9475806451612904,0.9418918918918919,0.9555555555555556,0.9432432432432433,
000839,patches,3577,0.089425,0.8499339498018494,0.7943431139307428,0.9188803199085975,0.8853859752504419,-0.05559083587110669,0.5568973525313516,0.43832693128467776,-0.11857042124667388,0.9146104507572336,0.7984403399214008,-0.11617011083583273,0.9247943595769683,0.9046483909415971,0.8007075471698113,0.7961859356376639,0.7340769004989727,0.6612323846366399,-0.07284451586233276,0.994607549430797,0.9745131890748971,-0.020094360355899843,1.0,0.9892729439809297,0.9740566037735849,0.9749702026221693,0.8154114061819765,0.7636211232187762,-0.05179028296320032,0.9994036970781157,1.0,0.0005963029218842841,1.0,0.99880810488677,1.0,1.0,
000840,crazing,0,0.0,NA,NA,NA,NA,NA,NA,NA,NA,NA,NA,NA,NA,NA,NA,NA,NA,NA,NA,NA,NA,NA,NA,NA,NA,NA,NA,NA,NA,NA,NA,NA,NA,NA,NA,NA,
000840,inclusion,4229,0.105725,0.8697766968826001,0.8732299393122049,0.9303535532694809,0.9323254139668826,0.0034532424296048747,0.3033625730994152,0.31407407407407406,0.010711500974658839,0.6537142857142857,0.6896667994972872,0.03595251378300146,0.6559633027522935,0.6514806378132119,0.691415313225058,0.6879271070615034,0.5284658843980878,0.5346491228070176,0.006183238408929759,0.8730784650458655,0.8597221368414582,-0.013356328204407353,0.8669724770642202,0.8792710706150342,0.8561484918793504,0.8633257403189066,0.6534684827367754,0.666025641025641,0.01255715828886561,0.9267782603671375,0.9332563170353255,0.006478056668188015,0.9197247706422018,0.9339407744874715,0.9280742459396751,0.9384965831435079,
000840,patches,1411,0.035275,0.6658767772511849,0.6289646918013165,0.7994310099573257,0.772226304188097,-0.03691208544986835,0.22300635144671843,0.19467213114754098,-0.028334220299177454,0.6643903003646043,0.6032016561521232,-0.06118864421248116,0.691566265060241,0.639269406392694,0.6155660377358491,0.591324200913242,0.5169678272366681,0.49096385542168675,-0.026003971814981375,0.9860665958141208,0.9501748103152252,-0.0358917854988956,0.9927710843373494,0.9794520547945206,0.9599056603773585,0.9406392694063926,0.7012420275260154,0.704476607202962,0.003234579676946625,0.9988571428571429,1.0,0.0011428571428571122,1.0,0.997716894977169,1.0,1.0,
